2017-02-22 00:54:07.874	1	4	4	1	103.918
2017-02-22 00:54:20.005	1	4	1	1	\N
2017-02-22 00:54:32.077	1	4	3	1	\N
2017-02-22 00:54:32.149	1	4	2	1	\N
2017-02-22 00:56:06.932	1	4	4	1	136.183
2017-02-22 00:56:19.046	1	4	1	1	\N
2017-02-22 00:56:31.110	1	4	3	1	\N
2017-02-22 00:56:31.160	1	4	2	1	\N
2017-02-22 01:14:28.136	1	4	4	2	120.485
2017-02-22 01:14:40.244	1	4	1	2	1.36
2017-02-22 01:14:52.403	1	4	3	2	0
2017-02-22 01:14:52.441	1	4	2	2	2.771
2017-02-22 01:16:05.723	1	4	4	2	283.875
2017-02-22 01:16:17.890	1	4	1	2	1.39
2017-02-22 01:16:30.043	1	4	3	2	0
2017-02-22 01:16:30.075	1	4	2	2	3.339
2017-02-22 01:21:58.065	1	4	4	3	106.599
2017-02-22 01:22:10.220	1	4	1	3	2.21
2017-02-22 01:22:22.432	1	4	3	3	0
2017-02-22 01:22:22.463	1	4	2	3	3.493
2017-02-22 01:31:56.756	1	4	4	4	137.228
2017-02-22 01:32:08.867	1	4	1	4	2.44
2017-02-22 01:32:21.013	1	4	3	4	0
2017-02-22 01:32:21.044	1	4	2	4	2.389
2017-02-22 01:33:57.659	1	4	4	4	141.986
2017-02-22 01:34:09.778	1	4	1	4	2.65
2017-02-22 01:34:21.964	1	4	3	4	0
2017-02-22 01:34:21.998	1	4	2	4	1.989
2017-02-22 01:42:20.853	1	4	4	5	158.644
2017-02-22 01:42:33.017	1	4	1	5	1.79
2017-02-22 01:42:45.196	1	4	3	5	0
2017-02-22 01:42:45.230	1	4	2	5	2.752
2017-02-22 04:44:46.771	1	4	4	6	136.847
2017-02-22 04:44:58.920	1	4	1	6	2.49
2017-02-22 04:45:11.108	1	4	3	6	0
2017-02-22 04:45:11.138	1	4	2	6	1.251
2017-02-22 04:46:48.351	1	4	4	6	110.856
2017-02-22 04:47:00.515	1	4	1	6	2.14
2017-02-22 04:47:12.728	1	4	3	6	0
2017-02-22 04:47:12.760	1	4	2	6	4.019
2017-02-22 04:54:50.847	1	4	4	7	118.415
2017-02-22 04:55:03.005	1	4	1	7	2.6
2017-02-22 04:55:15.108	1	4	3	7	\N
2017-02-22 04:55:15.139	1	4	2	7	\N
2017-02-22 04:56:51.674	1	4	4	7	137.259
2017-02-22 04:57:03.823	1	4	1	7	1.87
2017-02-22 04:57:16.034	1	4	3	7	0
2017-02-22 04:57:16.065	1	4	2	7	3.373
2017-02-22 05:18:37.930	1	4	4	8	116.736
2017-02-22 05:18:50.043	1	4	1	8	2.38
2017-02-22 05:19:02.188	1	4	3	8	0
2017-02-22 05:19:02.223	1	4	2	8	4
2017-02-22 05:20:39.644	1	4	4	8	114.398
2017-02-22 05:20:51.803	1	4	1	8	1.96
2017-02-22 05:21:03.978	1	4	3	8	0
2017-02-22 05:21:04.014	1	4	2	8	3.923
2017-02-22 05:31:04.387	1	4	4	9	108.979
2017-02-22 05:31:16.539	1	4	1	9	1.93
2017-02-22 05:31:28.745	1	4	3	9	0
2017-02-22 05:31:28.782	1	4	2	9	4.534
2017-02-22 05:33:06.496	1	4	4	9	141.837
2017-02-22 05:33:18.605	1	4	1	9	2.2
2017-02-22 05:33:30.779	1	4	3	9	0
2017-02-22 05:33:30.811	1	4	2	9	2.862
2017-02-22 06:32:27.458	1	4	4	23	147.411
2017-02-22 06:32:39.645	1	4	1	23	2.05
2017-02-22 06:32:51.828	1	4	3	23	0
2017-02-22 06:32:51.860	1	4	2	23	3.629
2017-02-22 06:57:09.316	1	4	4	24	150.451
2017-02-22 06:57:21.477	1	4	1	24	1.94
2017-02-22 06:57:33.695	1	4	3	24	0
2017-02-22 06:57:33.728	1	4	2	24	4.556
2017-02-22 06:59:10.483	1	4	4	24	166.318
2017-02-22 06:59:22.608	1	4	1	24	2.03
2017-02-22 06:59:34.773	1	4	3	24	0
2017-02-22 06:59:34.806	1	4	2	24	2.988
2017-02-22 07:00:58.891	1	4	4	25	157.362
2017-02-22 07:01:12.508	1	4	1	25	2.65
2017-02-22 07:01:24.667	1	4	3	25	0
2017-02-22 07:01:24.700	1	4	2	25	1.816
2017-02-22 07:02:59.742	1	4	4	25	162.668
2017-02-22 07:03:11.871	1	4	1	25	1.87
2017-02-22 07:03:24.102	1	4	3	25	0
2017-02-22 07:03:24.142	1	4	2	25	5.51
2017-02-22 08:04:00.314	1	4	4	26	118.638
2017-02-22 08:04:12.481	1	4	1	26	2.76
2017-02-22 08:04:24.693	1	4	3	26	0
2017-02-22 08:04:24.726	1	4	2	26	16.261
2017-02-22 08:06:00.171	1	4	4	26	119.466
2017-02-22 08:06:12.322	1	4	1	26	2.71
2017-02-22 08:06:24.567	1	4	3	26	0
2017-02-22 08:06:24.605	1	4	2	26	2.225
2017-02-22 08:14:48.696	1	4	4	27	109.251
2017-02-22 08:15:00.834	1	4	1	27	2.97
2017-02-22 08:15:12.922	1	4	3	27	\N
2017-02-22 08:15:12.951	1	4	2	27	\N
2017-02-22 08:16:31.422	1	4	4	27	111.917
2017-02-22 08:16:43.523	1	4	1	27	2.8
2017-02-22 08:16:55.670	1	4	3	27	0
2017-02-22 08:16:55.704	1	4	2	27	2.684
2017-02-22 08:22:53.827	1	4	4	28	110.372
2017-02-22 08:23:05.927	1	4	1	28	1.84
2017-02-22 08:23:18.066	1	4	3	28	0
2017-02-22 08:23:18.098	1	4	2	28	4.985
2017-02-22 08:24:36.252	1	4	4	28	139.567
2017-02-22 08:24:48.355	1	4	1	28	1.91
2017-02-22 08:25:00.532	1	4	3	28	0
2017-02-22 08:25:00.563	1	4	2	28	3.395
2017-02-22 08:28:29.052	1	4	4	29	47.079
2017-02-22 08:28:41.174	1	4	1	29	\N
2017-02-22 08:28:53.218	1	4	3	29	\N
2017-02-22 08:28:53.247	1	4	2	29	\N
2017-02-22 08:30:11.610	1	4	4	29	43.295
2017-02-22 08:30:23.719	1	4	1	29	10.7
2017-02-22 08:30:35.855	1	4	3	29	0
2017-02-22 08:30:35.891	1	4	2	29	0.272
2017-02-22 08:34:06.635	1	4	4	30	115.244
2017-02-22 08:34:18.754	1	4	1	30	2.49
2017-02-22 08:34:30.943	1	4	3	30	0
2017-02-22 08:34:30.979	1	4	2	30	3.729
2017-02-22 08:36:08.117	1	4	4	30	144.753
2017-02-22 08:36:20.233	1	4	1	30	2.62
2017-02-22 08:36:32.403	1	4	3	30	0
2017-02-22 08:36:32.437	1	4	2	30	2.268
2017-02-22 08:38:27.671	1	4	4	31	126.418
2017-02-22 08:38:39.772	1	4	1	31	2.53
2017-02-22 08:38:51.907	1	4	3	31	0
2017-02-22 08:38:51.937	1	4	2	31	2.739
2017-02-22 08:40:10.108	1	4	4	31	147.354
2017-02-22 08:40:22.190	1	4	1	31	\N
2017-02-22 08:40:34.256	1	4	3	31	\N
2017-02-22 08:40:34.308	1	4	2	31	\N
2017-02-22 08:48:34.400	1	4	4	32	106.9
2017-02-22 08:48:46.504	1	4	1	32	1.88
2017-02-22 08:48:58.652	1	4	3	32	0
2017-02-22 08:48:58.686	1	4	2	32	4.719
2017-02-22 08:50:16.899	1	4	4	32	114.197
2017-02-22 08:50:29.007	1	4	1	32	2.25
2017-02-22 08:50:41.171	1	4	3	32	0
2017-02-22 08:50:41.201	1	4	2	32	2.976
2017-02-22 09:48:37.577	1	4	4	33	\N
2017-02-22 09:48:49.693	1	4	1	33	1.91
2017-02-22 09:49:01.828	1	4	3	33	0
2017-02-22 09:49:01.859	1	4	2	33	3.981
2017-02-22 09:50:20.369	1	4	4	33	\N
2017-02-22 09:50:32.540	1	4	1	33	2.14
2017-02-22 09:50:44.772	1	4	3	33	0
2017-02-22 09:50:44.814	1	4	2	33	10.457
2017-02-22 10:29:32.137	1	4	4	34	\N
2017-02-22 10:29:45.757	1	4	1	34	2.02
2017-02-22 10:29:57.905	1	4	3	34	0
2017-02-22 10:29:57.937	1	4	2	34	3.933
2017-02-22 10:31:32.534	1	4	4	34	\N
2017-02-22 10:31:44.649	1	4	1	34	2.01
2017-02-22 10:31:56.802	1	4	3	34	0
2017-02-22 10:31:56.834	1	4	2	34	4.24
2017-02-22 10:34:46.974	1	4	4	35	\N
2017-02-22 10:34:59.090	1	4	1	35	2.05
2017-02-22 10:35:11.238	1	4	3	35	0
2017-02-22 10:35:11.270	1	4	2	35	3.438
2017-02-22 10:36:47.587	1	4	4	35	\N
2017-02-22 10:36:59.776	1	4	1	35	1.82
2017-02-22 10:37:11.862	1	4	3	35	\N
2017-02-22 10:37:11.896	1	4	2	35	\N
2017-02-22 10:45:14.671	1	4	4	36	105.427
2017-02-22 10:45:26.784	1	4	1	36	1.69
2017-02-22 10:45:38.933	1	4	3	36	0
2017-02-22 10:45:38.965	1	4	2	36	24.424
2017-02-22 10:47:15.523	1	4	4	36	142.415
2017-02-22 10:47:27.695	1	4	1	36	1.87
2017-02-22 10:47:39.844	1	4	3	36	0
2017-02-22 10:47:39.877	1	4	2	36	3.493
2017-02-22 10:53:35.698	1	4	4	37	105.751
2017-02-22 10:53:47.807	1	4	1	37	1.99
2017-02-22 10:53:59.945	1	4	3	37	0
2017-02-22 10:53:59.977	1	4	2	37	4.369
2017-02-22 10:55:37.187	1	4	4	37	162.502
2017-02-22 10:55:49.319	1	4	1	37	2.26
2017-02-22 10:56:01.469	1	4	3	37	0
2017-02-22 10:56:01.502	1	4	2	37	2.931
2017-02-22 11:12:51.840	1	4	4	38	106.264
2017-02-22 11:13:04.028	1	4	1	38	2.03
2017-02-22 11:13:16.177	1	4	3	38	0
2017-02-22 11:13:16.212	1	4	2	38	3.204
2017-02-22 11:14:52.671	1	4	4	38	97.915
2017-02-22 11:15:04.792	1	4	1	38	2.8
2017-02-22 11:15:16.878	1	4	3	38	\N
2017-02-22 11:15:16.912	1	4	2	38	\N
2017-02-24 16:38:37.349	1	4	4	39	\N
2017-02-24 16:38:49.478	1	4	1	39	11.3
2017-02-24 16:39:01.602	1	4	3	39	\N
2017-02-24 16:39:01.632	1	4	2	39	\N
2017-02-24 20:40:42.933	1	4	4	40	104.238
2017-02-24 20:40:55.023	1	4	1	40	\N
2017-02-24 20:41:07.093	1	4	3	40	\N
2017-02-24 20:41:07.164	1	4	2	40	\N
2017-02-24 20:42:43.572	1	4	4	40	167.487
2017-02-24 20:42:55.693	1	4	1	40	\N
2017-02-24 20:43:07.756	1	4	3	40	\N
2017-02-24 20:43:07.806	1	4	2	40	\N
2017-02-24 21:26:11.540	1	4	4	41	121.564
2017-02-24 21:26:23.685	1	4	1	41	1.9
2017-02-24 21:26:35.856	1	4	3	41	0
2017-02-24 21:26:35.890	1	4	2	41	2.672
2017-02-24 21:28:14.038	1	4	4	41	155.558
2017-02-24 21:28:26.175	1	4	1	41	1.52
2017-02-24 21:28:38.342	1	4	3	41	0
2017-02-24 21:28:38.399	1	4	2	41	3.232
2017-02-24 22:22:20.408	1	4	4	42	124.937
2017-02-24 22:22:32.508	1	4	1	42	\N
2017-02-24 22:22:44.552	1	4	3	42	\N
2017-02-24 22:22:44.583	1	4	2	42	\N
2017-02-24 22:24:21.353	1	4	4	42	4155.732
2017-02-24 22:24:33.461	1	4	1	42	0.89
2017-02-24 22:24:45.625	1	4	3	42	6.6
2017-02-24 22:24:45.662	1	4	2	42	9.054
2017-02-24 22:29:12.661	1	4	4	43	116.335
2017-02-24 22:29:24.798	1	4	1	43	0.44
2017-02-24 22:29:36.950	1	4	3	43	7.3
2017-02-24 22:29:36.984	1	4	2	43	8.461
2017-02-24 22:31:09.813	1	4	4	43	129.156
2017-02-24 22:31:21.930	1	4	1	43	0.59
2017-02-24 22:31:34.096	1	4	3	43	0
2017-02-24 22:31:34.128	1	4	2	43	7.533
2017-02-24 22:39:41.058	1	4	4	44	139.733
2017-02-24 22:39:53.186	1	4	1	44	0.73
2017-02-24 22:40:05.346	1	4	3	44	9.3
2017-02-24 22:40:05.389	1	4	2	44	13.192
2017-02-24 22:41:42.529	1	4	4	44	104.741
2017-02-24 22:41:54.659	1	4	1	44	0.67
2017-02-24 22:42:06.820	1	4	3	44	0
2017-02-24 22:42:06.861	1	4	2	44	8.333
2017-02-24 22:43:16.008	1	4	4	45	175.482
2017-02-24 22:43:28.120	1	4	1	45	0.71
2017-02-24 22:43:40.297	1	4	3	45	1.3
2017-02-24 22:43:40.333	1	4	2	45	7.985
2017-02-24 22:45:17.769	1	4	4	45	259.746
2017-02-24 22:45:30.846	1	4	1	45	0.62
2017-02-24 22:45:43.009	1	4	3	45	15
2017-02-24 22:45:43.043	1	4	2	45	13.836
2017-02-24 22:46:49.832	1	4	4	46	170.458
2017-02-24 22:47:01.940	1	4	1	46	0.65
2017-02-24 22:47:14.081	1	4	3	46	12
2017-02-24 22:47:14.112	1	4	2	46	12.254
2017-02-24 22:48:52.673	1	4	4	46	139.241
2017-02-24 22:49:04.795	1	4	1	46	0.69
2017-02-24 22:49:16.955	1	4	3	46	13
2017-02-24 22:49:16.994	1	4	2	46	12.267
2017-02-24 22:50:23.923	1	4	4	47	176.797
2017-02-24 22:50:36.062	1	4	1	47	0.66
2017-02-24 22:50:48.288	1	4	3	47	9.2
2017-02-24 22:50:48.373	1	4	2	47	15.02
2017-02-24 22:52:25.645	1	4	4	47	183.855
2017-02-24 22:52:37.774	1	4	1	47	0.43
2017-02-24 22:52:49.987	1	4	3	47	0
2017-02-24 22:52:50.039	1	4	2	47	8.975
2017-02-24 22:53:58.200	1	4	4	48	420.342
2017-02-24 22:54:10.297	1	4	1	48	\N
2017-02-24 22:54:22.366	1	4	3	48	\N
2017-02-24 22:54:22.423	1	4	2	48	\N
2017-02-24 22:56:00.331	1	4	4	48	152.861
2017-02-24 22:56:12.524	1	4	1	48	0.44
2017-02-24 22:56:25.469	1	4	3	48	0
2017-02-24 22:56:25.523	1	4	2	48	6.587
2017-02-24 22:57:32.423	1	4	4	49	168.759
2017-02-24 22:57:44.582	1	4	1	49	0.36
2017-02-24 22:57:56.791	1	4	3	49	0
2017-02-24 22:57:56.831	1	4	2	49	7.699
2017-02-24 22:59:33.918	1	4	4	49	237.778
2017-02-24 22:59:46.260	1	4	1	49	0.42
2017-02-24 22:59:58.466	1	4	3	49	0
2017-02-24 22:59:58.506	1	4	2	49	6.977
2017-02-24 23:01:06.878	1	4	4	50	215.64
2017-02-24 23:01:19.016	1	4	1	50	0.38
2017-02-24 23:01:31.253	1	4	3	50	0
2017-02-24 23:01:31.299	1	4	2	50	8.556
2017-02-24 23:03:08.577	1	4	4	50	168.807
2017-02-24 23:03:20.710	1	4	1	50	0.37
2017-02-24 23:03:32.920	1	4	3	50	5.3
2017-02-24 23:03:32.965	1	4	2	50	12.594
2017-02-24 23:04:41.030	1	4	4	51	199.088
2017-02-24 23:04:53.157	1	4	1	51	0.39
2017-02-24 23:05:05.469	1	4	3	51	0
2017-02-24 23:05:05.519	1	4	2	51	8.09
2017-02-24 23:06:42.601	1	4	4	51	176.158
2017-02-24 23:06:54.748	1	4	1	51	0.35
2017-02-24 23:07:06.939	1	4	3	51	0
2017-02-24 23:07:06.977	1	4	2	51	6.037
2017-02-24 23:08:14.226	1	4	4	52	177.175
2017-02-24 23:08:26.353	1	4	1	52	0.39
2017-02-24 23:08:38.566	1	4	3	52	0
2017-02-24 23:08:38.606	1	4	2	52	8.408
2017-02-24 23:10:15.804	1	4	4	52	165.544
2017-02-24 23:10:27.932	1	4	1	52	0.43
2017-02-24 23:10:40.184	1	4	3	52	6.6
2017-02-24 23:10:40.221	1	4	2	52	16.646
2017-02-24 23:11:48.821	1	4	4	53	193.958
2017-02-24 23:12:00.917	1	4	1	53	\N
2017-02-24 23:12:12.967	1	4	3	53	\N
2017-02-24 23:12:13.016	1	4	2	53	\N
2017-02-24 23:13:50.511	1	4	4	53	184.599
2017-02-24 23:14:02.654	1	4	1	53	0.41
2017-02-24 23:14:14.846	1	4	3	53	0
2017-02-24 23:14:14.891	1	4	2	53	6.452
2017-02-24 23:34:02.142	1	4	4	54	121.09
2017-02-24 23:34:14.333	1	4	1	54	0.68
2017-02-24 23:34:26.487	1	4	3	54	17
2017-02-24 23:34:26.518	1	4	2	54	15.982
2017-02-24 23:36:04.339	1	4	4	54	322.742
2017-02-24 23:36:16.453	1	4	1	54	0.4
2017-02-24 23:36:28.602	1	4	3	54	0
2017-02-24 23:36:28.637	1	4	2	54	7.55
2017-02-24 23:38:32.813	1	4	4	55	181.793
2017-02-24 23:38:44.924	1	4	1	55	0.37
2017-02-24 23:38:57.145	1	4	3	55	0
2017-02-24 23:38:57.182	1	4	2	55	9.133
2017-02-24 23:40:35.817	1	4	4	55	186.438
2017-02-24 23:40:47.954	1	4	1	55	0.4
2017-02-24 23:41:00.106	1	4	3	55	0
2017-02-24 23:41:00.145	1	4	2	55	8.381
2017-02-24 23:43:02.474	1	4	4	56	141.707
2017-02-24 23:43:14.613	1	4	1	56	0.36
2017-02-24 23:43:26.756	1	4	3	56	6.6
2017-02-24 23:43:26.785	1	4	2	56	9.534
2017-02-24 23:45:03.048	1	4	4	56	170.286
2017-02-24 23:45:15.177	1	4	1	56	\N
2017-02-24 23:45:27.241	1	4	3	56	\N
2017-02-24 23:45:27.282	1	4	2	56	\N
2017-02-24 23:47:31.171	1	4	4	57	126.056
2017-02-24 23:47:43.342	1	4	1	57	0.29
2017-02-24 23:47:55.529	1	4	3	57	0
2017-02-24 23:47:55.561	1	4	2	57	19.753
2017-02-24 23:49:33.098	1	4	4	57	177.063
2017-02-24 23:49:45.213	1	4	1	57	0.41
2017-02-24 23:49:57.406	1	4	3	57	0
2017-02-24 23:49:57.455	1	4	2	57	8.702
2017-02-25 00:51:25.843	1	4	4	59	112.304
2017-02-25 00:51:38.037	1	4	1	59	1.63
2017-02-25 00:51:50.236	1	4	3	59	0
2017-02-25 00:51:50.269	1	4	2	59	3.81
2017-02-25 00:54:38.875	1	4	4	59	169.494
2017-02-25 00:54:51.028	1	4	1	59	1.72
2017-02-25 00:55:03.254	1	4	3	59	0
2017-02-25 00:55:03.286	1	4	2	59	3.688
2017-02-25 01:01:12.542	1	4	4	60	114.851
2017-02-25 01:01:24.700	1	4	1	60	1.72
2017-02-25 01:01:36.911	1	4	3	60	0
2017-02-25 01:01:36.943	1	4	2	60	4.019
2017-02-25 01:04:27.639	1	4	4	60	149.958
2017-02-25 01:04:39.759	1	4	1	60	1.89
2017-02-25 01:04:51.914	1	4	3	60	0
2017-02-25 01:04:51.947	1	4	2	60	3.249
2017-02-25 01:14:37.402	1	4	4	61	173.204
2017-02-25 01:14:49.520	1	4	1	61	2.02
2017-02-25 01:15:01.764	1	4	3	61	0
2017-02-25 01:15:01.798	1	4	2	61	3.739
2017-02-25 01:16:39.376	1	4	4	61	108.142
2017-02-25 01:16:51.512	1	4	1	61	1.85
2017-02-25 01:17:03.716	1	4	3	61	0
2017-02-25 01:17:03.749	1	4	2	61	9.646
2017-02-25 21:00:19.623	1	4	4	62	117.018
2017-02-25 21:00:31.773	1	4	1	62	2.17
2017-02-25 21:00:43.983	1	4	3	62	0
2017-02-25 21:00:44.015	1	4	2	62	3.661
2017-02-25 21:02:20.744	1	4	4	62	96.082
2017-02-25 21:02:32.882	1	4	1	62	1.24
2017-02-25 21:02:45.093	1	4	3	62	0
2017-02-25 21:02:45.126	1	4	2	62	20.173
2017-02-25 21:32:59.843	1	4	4	63	112.295
2017-02-25 21:33:11.951	1	4	1	63	1.39
2017-02-25 21:33:24.124	1	4	3	63	0
2017-02-25 21:33:24.158	1	4	2	63	13.838
2017-02-25 21:39:00.021	1	4	4	64	108.244
2017-02-25 21:39:12.131	1	4	1	64	2.01
2017-02-25 21:39:24.367	1	4	3	64	0
2017-02-25 21:39:24.401	1	4	2	64	3.649
2017-02-25 22:03:58.699	1	4	4	65	103.54
2017-02-25 22:04:10.817	1	4	1	65	1.53
2017-02-25 22:04:23.003	1	4	3	65	0
2017-02-25 22:04:23.042	1	4	2	65	3.652
2017-02-25 22:17:29.802	1	4	4	66	117.106
2017-02-25 22:17:41.927	1	4	1	66	1.62
2017-02-25 22:17:54.094	1	4	3	66	0
2017-02-25 22:17:54.127	1	4	2	66	4.371
2017-02-25 22:33:58.188	1	4	4	67	109.325
2017-02-25 22:34:10.340	1	4	1	67	0.9
2017-02-25 22:34:22.584	1	4	3	67	0
2017-02-25 22:34:22.617	1	4	2	67	18.468
2017-02-25 22:46:54.191	1	4	4	68	100.097
2017-02-25 22:47:06.310	1	4	1	68	1.97
2017-02-25 22:47:18.474	1	4	3	68	0
2017-02-25 22:47:18.508	1	4	2	68	3.952
2017-02-25 23:04:01.312	1	4	4	69	106.167
2017-02-25 23:04:13.424	1	4	1	69	1.66
2017-02-25 23:04:25.576	1	4	3	69	0
2017-02-25 23:04:25.610	1	4	2	69	3.915
2017-02-25 23:08:58.993	1	4	4	70	142.089
2017-02-25 23:09:11.112	1	4	1	70	1.35
2017-02-25 23:09:23.283	1	4	3	70	0
2017-02-25 23:09:23.320	1	4	2	70	7.754
2017-02-25 23:20:56.025	1	4	4	71	92.162
2017-02-25 23:21:08.139	1	4	1	71	2.04
2017-02-25 23:21:20.331	1	4	3	71	0
2017-02-25 23:21:20.365	1	4	2	71	3.356
2017-02-25 23:29:47.077	1	4	4	72	146.232
2017-02-25 23:29:59.228	1	4	1	72	2.07
2017-02-25 23:30:11.410	1	4	3	72	0
2017-02-25 23:30:11.441	1	4	2	72	3.323
2017-02-25 23:44:01.593	1	4	4	73	106.607
2017-02-25 23:44:13.767	1	4	1	73	1.96
2017-02-25 23:44:25.978	1	4	3	73	0
2017-02-25 23:44:26.009	1	4	2	73	3.798
2017-02-25 23:53:06.245	1	4	4	74	222.456
2017-02-25 23:53:18.363	1	4	1	74	1.99
2017-02-25 23:53:30.563	1	4	3	74	0
2017-02-25 23:53:30.597	1	4	2	74	3.729
2017-02-26 00:02:27.899	1	4	4	75	110.66
2017-02-26 00:02:40.057	1	4	1	75	1.67
2017-02-26 00:02:52.233	1	4	3	75	0
2017-02-26 00:02:52.265	1	4	2	75	4.93
2017-02-26 00:04:40.443	1	4	4	76	151.665
2017-02-26 00:04:52.577	1	4	1	76	0.94
2017-02-26 00:05:04.814	1	4	3	76	0
2017-02-26 00:05:04.848	1	4	2	76	5.756
2017-02-26 00:06:53.313	1	4	4	77	115.733
2017-02-26 00:07:05.530	1	4	1	77	0.96
2017-02-26 00:07:17.722	1	4	3	77	0
2017-02-26 00:07:17.757	1	4	2	77	5.554
2017-02-26 00:09:06.059	1	4	4	78	164.849
2017-02-26 00:09:18.211	1	4	1	78	0.88
2017-02-26 00:09:30.417	1	4	3	78	0
2017-02-26 00:09:30.452	1	4	2	78	8.028
2017-02-26 00:11:18.434	1	4	4	79	169.789
2017-02-26 00:11:30.574	1	4	1	79	1.38
2017-02-26 00:11:42.797	1	4	3	79	0
2017-02-26 00:11:42.831	1	4	2	79	3.672
2017-02-26 00:25:56.107	1	4	4	80	118.394
2017-02-26 00:26:08.296	1	4	1	80	0.48
2017-02-26 00:26:20.477	1	4	3	80	0
2017-02-26 00:26:20.508	1	4	2	80	16.014
2017-02-26 00:28:04.255	1	4	4	81	167.351
2017-02-26 00:28:16.415	1	4	1	81	1.25
2017-02-26 00:28:28.629	1	4	3	81	0
2017-02-26 00:28:28.660	1	4	2	81	5.828
2017-02-26 00:30:12.973	1	4	4	82	179.326
2017-02-26 00:30:25.055	1	4	1	82	\N
2017-02-26 00:30:37.119	1	4	3	82	\N
2017-02-26 00:30:37.178	1	4	2	82	\N
2017-02-26 00:32:21.105	1	4	4	83	169.379
2017-02-26 00:32:33.228	1	4	1	83	0.94
2017-02-26 00:32:45.386	1	4	3	83	0
2017-02-26 00:32:45.416	1	4	2	83	6.46
2017-02-26 00:34:28.920	1	4	4	84	131.525
2017-02-26 00:34:41.094	1	4	1	84	1.4
2017-02-26 00:34:53.656	1	4	3	84	0
2017-02-26 00:34:55.306	1	4	2	84	6.068
2017-02-26 00:41:22.422	1	4	4	85	165.929
2017-02-26 00:41:34.593	1	4	1	85	1.15
2017-02-26 00:41:46.778	1	4	3	85	0
2017-02-26 00:41:46.810	1	4	2	85	9.28
2017-02-26 00:46:23.238	1	4	4	86	127.825
2017-02-26 00:46:35.356	1	4	1	86	0.7
2017-02-26 00:46:47.554	1	4	3	86	0
2017-02-26 00:46:47.588	1	4	2	86	8.365
2017-02-26 00:50:36.615	1	4	4	87	165.495
2017-02-26 00:50:48.736	1	4	1	87	1.03
2017-02-26 00:51:00.913	1	4	3	87	0
2017-02-26 00:51:00.946	1	4	2	87	6.431
2017-02-26 00:57:38.585	1	4	4	88	180.197
2017-02-26 00:57:50.698	1	4	1	88	0.91
2017-02-26 00:58:02.889	1	4	3	88	0
2017-02-26 00:58:02.922	1	4	2	88	7.287
2017-02-26 01:04:40.809	1	4	4	89	138.716
2017-02-26 01:04:52.945	1	4	1	89	0.87
2017-02-26 01:05:05.153	1	4	3	89	0
2017-02-26 01:05:05.185	1	4	2	89	9.133
2017-02-26 01:11:43.027	1	4	4	90	113.779
2017-02-26 01:11:55.139	1	4	1	90	0.75
2017-02-26 01:12:07.349	1	4	3	90	0
2017-02-26 01:12:08.031	1	4	2	90	4.63
2017-02-26 01:18:45.782	1	4	4	91	99.077
2017-02-26 01:18:57.929	1	4	1	91	1.51
2017-02-26 01:19:10.142	1	4	3	91	0
2017-02-26 01:19:10.174	1	4	2	91	4.255
2017-02-26 01:30:25.792	1	4	4	92	186.472
2017-02-26 01:30:37.935	1	4	1	92	1.14
2017-02-26 01:30:50.149	1	4	3	92	0
2017-02-26 01:30:50.186	1	4	2	92	3.792
2017-02-26 01:37:26.669	1	4	4	93	120.625
2017-02-26 01:37:38.826	1	4	1	93	0.9
2017-02-26 01:37:51.000	1	4	3	93	0
2017-02-26 01:37:51.033	1	4	2	93	6.295
2017-02-26 01:47:33.623	1	4	4	94	111.228
2017-02-26 01:47:45.794	1	4	1	94	0.91
2017-02-26 01:47:57.976	1	4	3	94	0
2017-02-26 01:47:58.007	1	4	2	94	9.99
2017-02-26 01:49:33.791	1	4	4	95	170.962
2017-02-26 01:49:45.930	1	4	1	95	0.97
2017-02-26 01:49:58.138	1	4	3	95	0
2017-02-26 01:49:58.170	1	4	2	95	6.204
2017-03-02 20:57:44.606	1	4	4	96	102.649
2017-03-02 20:57:56.751	1	4	1	96	1.13
2017-03-02 20:58:08.928	1	4	3	96	0
2017-03-02 20:58:08.965	1	4	2	96	3.478
2017-03-02 23:30:24.567	1	4	4	97	115.735
2017-03-02 23:30:37.191	1	4	1	97	1.7
2017-03-02 23:30:49.392	1	4	3	97	0
2017-03-02 23:30:49.427	1	4	2	97	3.176
2017-03-02 23:32:08.964	1	4	4	98	129.752
2017-03-02 23:32:21.104	1	4	1	98	1.66
2017-03-02 23:32:33.314	1	4	3	98	0
2017-03-02 23:32:33.353	1	4	2	98	2.532
2017-03-02 23:35:22.762	1	4	4	99	159.125
2017-03-02 23:35:34.919	1	4	1	99	1.6
2017-03-02 23:35:47.081	1	4	3	99	0
2017-03-02 23:35:47.113	1	4	2	99	2.266
2017-03-02 23:37:06.486	1	4	4	100	160.874
2017-03-02 23:37:18.626	1	4	1	100	1.27
2017-03-02 23:37:30.822	1	4	3	100	0
2017-03-02 23:37:30.856	1	4	2	100	4.709
2017-03-02 23:42:42.571	1	4	4	101	157.475
2017-03-02 23:42:54.756	1	4	1	101	1.21
2017-03-02 23:43:06.991	1	4	3	101	0
2017-03-02 23:43:07.023	1	4	2	101	7.023
2017-03-02 23:44:26.061	1	4	4	102	173.63
2017-03-02 23:44:38.210	1	4	1	102	1.84
2017-03-02 23:44:50.412	1	4	3	102	0
2017-03-02 23:44:50.445	1	4	2	102	2.978
2017-03-02 23:48:25.089	1	4	4	103	184.34
2017-03-02 23:48:37.229	1	4	1	103	1.75
2017-03-02 23:48:49.425	1	4	3	103	0
2017-03-02 23:48:49.457	1	4	2	103	3.928
2017-03-02 23:50:08.164	1	4	4	104	149.653
2017-03-02 23:50:20.302	1	4	1	104	\N
2017-03-02 23:50:32.356	1	4	3	104	\N
2017-03-02 23:50:32.386	1	4	2	104	\N
2017-03-02 23:57:44.199	1	4	4	105	117.945
2017-03-02 23:57:56.334	1	4	1	105	\N
2017-03-02 23:58:08.400	1	4	3	105	\N
2017-03-02 23:58:08.455	1	4	2	105	\N
2017-03-03 00:00:01.832	1	4	4	106	125.883
2017-03-03 00:00:13.932	1	4	1	106	\N
2017-03-03 00:00:25.976	1	4	3	106	\N
2017-03-03 00:00:26.007	1	4	2	106	\N
2017-03-03 00:27:24.888	1	4	4	107	108.009
2017-03-03 00:27:42.456	1	4	1	107	0.49
2017-03-03 00:27:54.611	1	4	3	107	0
2017-03-03 00:27:54.645	1	4	2	107	15.007
2017-03-03 00:28:58.573	1	4	4	107	146.084
2017-03-03 00:29:16.092	1	4	1	107	1.87
2017-03-03 00:29:28.243	1	4	3	107	0
2017-03-03 00:29:28.279	1	4	2	107	2.769
2017-03-03 00:43:19.461	1	4	4	108	159.566
2017-03-03 00:43:37.088	1	4	1	108	1.46
2017-03-03 00:43:49.252	1	4	3	108	0
2017-03-03 00:43:49.292	1	4	2	108	6.307
2017-03-03 00:44:52.969	1	4	4	108	172.348
2017-03-03 00:45:10.516	1	4	1	108	1.33
2017-03-03 00:45:24.110	1	4	3	108	\N
2017-03-03 00:45:24.143	1	4	2	108	\N
2017-03-03 00:51:30.073	1	4	4	109	219.236
2017-03-03 00:51:47.772	1	4	1	109	\N
2017-03-03 00:51:59.838	1	4	3	109	\N
2017-03-03 00:51:59.871	1	4	2	109	\N
2017-03-03 00:53:03.186	1	4	4	109	222.69
2017-03-03 00:53:20.766	1	4	1	109	1.83
2017-03-03 00:53:32.942	1	4	3	109	0
2017-03-03 00:53:32.983	1	4	2	109	0.845
2017-03-03 01:02:39.406	1	4	4	110	156.519
2017-03-03 01:02:57.016	1	4	1	110	1.98
2017-03-03 01:03:09.199	1	4	3	110	0
2017-03-03 01:03:09.231	1	4	2	110	5.465
2017-03-03 01:04:12.711	1	4	4	110	150.573
2017-03-03 01:04:30.358	1	4	1	110	1.98
2017-03-03 01:04:42.542	1	4	3	110	0
2017-03-03 01:04:42.580	1	4	2	110	2.506
2017-03-03 01:05:46.159	1	4	4	110	146.062
2017-03-03 01:06:03.763	1	4	1	110	1.23
2017-03-03 01:06:15.941	1	4	3	110	0
2017-03-03 01:06:15.979	1	4	2	110	7.271
2017-03-03 01:07:19.422	1	4	4	110	146.163
2017-03-03 01:07:36.982	1	4	1	110	1.92
2017-03-03 01:07:49.129	1	4	3	110	0
2017-03-03 01:07:49.163	1	4	2	110	2.51
2017-03-03 01:25:19.047	1	4	4	111	143.133
2017-03-03 01:25:36.760	1	4	1	111	2.15
2017-03-03 01:25:48.948	1	4	3	111	0
2017-03-03 01:25:48.981	1	4	2	111	3.868
2017-03-03 01:26:52.126	1	4	4	111	97.1
2017-03-03 01:27:09.769	1	4	1	111	0.61
2017-03-03 01:27:21.945	1	4	3	111	0
2017-03-03 01:27:21.975	1	4	2	111	21.095
2017-03-03 01:28:25.262	1	4	4	111	228.134
2017-03-03 01:28:42.861	1	4	1	111	0.89
2017-03-03 01:28:55.055	1	4	3	111	0
2017-03-03 01:28:55.087	1	4	2	111	22.274
2017-03-03 01:29:58.459	1	4	4	111	94.885
2017-03-03 01:30:15.965	1	4	1	111	\N
2017-03-03 01:30:28.005	1	4	3	111	\N
2017-03-03 01:30:28.036	1	4	2	111	\N
2017-03-03 01:43:34.860	1	4	4	112	219.575
2017-03-03 01:43:52.462	1	4	1	112	1.59
2017-03-03 01:44:04.745	1	4	3	112	0
2017-03-03 01:44:04.778	1	4	2	112	4.764
2017-03-03 01:45:08.517	1	4	4	112	148.804
2017-03-03 01:45:26.156	1	4	1	112	1.52
2017-03-03 01:45:38.338	1	4	3	112	0
2017-03-03 01:45:38.371	1	4	2	112	7.801
2017-03-03 01:46:41.736	1	4	4	112	149.938
2017-03-03 01:46:59.344	1	4	1	112	1.81
2017-03-03 01:47:11.540	1	4	3	112	0
2017-03-03 01:47:11.580	1	4	2	112	1.773
2017-03-03 01:48:15.149	1	4	4	112	216.411
2017-03-03 01:48:32.836	1	4	1	112	1.96
2017-03-03 01:48:45.035	1	4	3	112	0
2017-03-03 01:48:45.067	1	4	2	112	1.438
2017-03-03 02:02:31.577	1	4	4	113	223.708
2017-03-03 02:02:49.140	1	4	1	113	2.13
2017-03-03 02:03:01.318	1	4	3	113	0
2017-03-03 02:03:01.353	1	4	2	113	5.72
2017-03-03 02:04:05.365	1	4	4	113	160.044
2017-03-03 02:04:22.927	1	4	1	113	2.12
2017-03-03 02:04:35.128	1	4	3	113	0
2017-03-03 02:04:35.162	1	4	2	113	3.138
2017-03-03 02:05:38.780	1	4	4	113	154.864
2017-03-03 02:05:57.008	1	4	1	113	1.83
2017-03-03 02:06:09.226	1	4	3	113	0
2017-03-03 02:06:09.259	1	4	2	113	1.997
2017-03-03 02:07:12.386	1	4	4	113	141.979
2017-03-03 02:07:30.011	1	4	1	113	2.09
2017-03-03 02:07:42.201	1	4	3	113	0
2017-03-03 02:07:42.239	1	4	2	113	3.747
2017-03-03 02:14:28.576	1	4	4	114	103.559
2017-03-03 02:14:46.170	1	4	1	114	2.01
2017-03-03 02:14:58.320	1	4	3	114	0
2017-03-03 02:14:58.352	1	4	2	114	5.199
2017-03-03 02:16:02.277	1	4	4	114	169.576
2017-03-03 02:16:19.801	1	4	1	114	1.96
2017-03-03 02:16:31.966	1	4	3	114	0
2017-03-03 02:16:31.999	1	4	2	114	4.698
2017-03-03 02:17:35.333	1	4	4	114	157.087
2017-03-03 02:17:53.067	1	4	1	114	2.18
2017-03-03 02:18:05.246	1	4	3	114	0
2017-03-03 02:18:05.288	1	4	2	114	3.418
2017-03-03 02:19:08.941	1	4	4	114	210.144
2017-03-03 02:19:26.569	1	4	1	114	1.8
2017-03-03 02:19:38.776	1	4	3	114	0
2017-03-03 02:19:38.809	1	4	2	114	4.112
2017-03-03 02:21:07.947	1	4	4	115	219.496
2017-03-03 02:21:25.620	1	4	1	115	1.31
2017-03-03 02:21:37.802	1	4	3	115	0
2017-03-03 02:21:37.834	1	4	2	115	7.944
2017-03-03 02:22:45.221	1	4	4	115	163.497
2017-03-03 02:23:02.856	1	4	1	115	1.64
2017-03-03 02:23:15.151	1	4	3	115	0
2017-03-03 02:23:15.185	1	4	2	115	1.762
2017-03-03 02:24:18.626	1	4	4	115	167.49
2017-03-03 02:24:36.288	1	4	1	115	1.98
2017-03-03 02:24:48.484	1	4	3	115	0
2017-03-03 02:24:48.517	1	4	2	115	4.336
2017-03-03 02:25:51.987	1	4	4	115	218.931
2017-03-03 02:26:09.589	1	4	1	115	1.79
2017-03-03 02:26:21.784	1	4	3	115	0
2017-03-03 02:26:21.818	1	4	2	115	3.251
2017-03-03 02:50:13.017	1	4	4	116	157.658
2017-03-03 02:50:30.174	1	4	1	116	1.85
2017-03-03 02:50:42.336	1	4	3	116	0
2017-03-03 02:50:42.370	1	4	2	116	3.691
2017-03-03 02:51:40.125	1	4	4	116	157.258
2017-03-03 02:51:57.720	1	4	1	116	1.11
2017-03-03 02:52:10.054	1	4	3	116	0
2017-03-03 02:52:10.092	1	4	2	116	8.209
2017-03-03 02:53:07.711	1	4	4	116	166.391
2017-03-03 02:53:25.356	1	4	1	116	0.53
2017-03-03 02:53:37.615	1	4	3	116	0
2017-03-03 02:53:37.647	1	4	2	116	17.34
2017-03-03 02:54:35.282	1	4	4	116	240.502
2017-03-03 02:54:52.815	1	4	1	116	1.03
2017-03-03 02:55:04.973	1	4	3	116	0
2017-03-03 02:55:05.039	1	4	2	116	12.94
2017-03-03 02:58:48.643	1	4	4	117	215.13
2017-03-03 02:59:06.262	1	4	1	117	2.09
2017-03-03 02:59:18.387	1	4	3	117	\N
2017-03-03 02:59:18.425	1	4	2	117	\N
2017-03-03 03:00:16.069	1	4	4	117	165.278
2017-03-03 03:00:33.678	1	4	1	117	2
2017-03-03 03:00:45.875	1	4	3	117	0
2017-03-03 03:00:45.909	1	4	2	117	4.091
2017-03-03 03:01:43.530	1	4	4	117	212.074
2017-03-03 03:02:01.048	1	4	1	117	2.13
2017-03-03 03:02:13.343	1	4	3	117	0
2017-03-03 03:02:13.376	1	4	2	117	4.411
2017-03-03 03:03:11.036	1	4	4	117	228.62
2017-03-03 03:03:28.596	1	4	1	117	1.31
2017-03-03 03:03:40.785	1	4	3	117	0
2017-03-03 03:03:40.926	1	4	2	117	12.473
2017-03-03 03:10:49.235	1	4	4	118	7206.753
2017-03-03 03:11:06.861	1	4	1	118	1.83
2017-03-03 03:11:19.087	1	4	3	118	0
2017-03-03 03:11:19.121	1	4	2	118	5.617
2017-03-03 03:12:23.260	1	4	4	118	149.508
2017-03-03 03:12:40.811	1	4	1	118	1.31
2017-03-03 03:12:53.064	1	4	3	118	0
2017-03-03 03:12:53.101	1	4	2	118	6.842
2017-03-03 03:13:56.272	1	4	4	118	215.031
2017-03-03 03:14:13.923	1	4	1	118	2.26
2017-03-03 03:14:26.110	1	4	3	118	0
2017-03-03 03:14:26.148	1	4	2	118	5.218
2017-03-03 03:15:29.802	1	4	4	118	161.179
2017-03-03 03:15:47.426	1	4	1	118	2.03
2017-03-03 03:15:59.644	1	4	3	118	0
2017-03-03 03:15:59.714	1	4	2	118	4.74
2017-03-03 03:17:29.380	1	4	4	119	221.943
2017-03-03 03:17:46.992	1	4	1	119	2.11
2017-03-03 03:17:59.179	1	4	3	119	1.4
2017-03-03 03:17:59.213	1	4	2	119	7.761
2017-03-03 03:19:08.223	1	4	4	119	146.941
2017-03-03 03:19:25.964	1	4	1	119	1.73
2017-03-03 03:19:38.215	1	4	3	119	0
2017-03-03 03:19:38.327	1	4	2	119	5.429
2017-03-03 03:20:41.526	1	4	4	119	217.238
2017-03-03 03:20:59.200	1	4	1	119	1.74
2017-03-03 03:21:11.432	1	4	3	119	0
2017-03-03 03:21:11.469	1	4	2	119	5.69
2017-03-03 03:22:14.854	1	4	4	119	216.498
2017-03-03 03:22:32.492	1	4	1	119	1.28
2017-03-03 03:22:44.725	1	4	3	119	0
2017-03-03 03:22:44.763	1	4	2	119	7.719
2017-03-03 03:24:13.725	1	4	4	120	233.494
2017-03-03 03:24:31.265	1	4	1	120	1.72
2017-03-03 03:24:43.456	1	4	3	120	0
2017-03-03 03:24:43.492	1	4	2	120	4.074
2017-03-03 03:25:53.335	1	4	4	120	146.2
2017-03-03 03:26:10.979	1	4	1	120	1.99
2017-03-03 03:26:23.215	1	4	3	120	0
2017-03-03 03:26:23.261	1	4	2	120	4.717
2017-03-03 03:27:26.506	1	4	4	120	152.857
2017-03-03 03:27:44.155	1	4	1	120	0.74
2017-03-03 03:27:56.338	1	4	3	120	0
2017-03-03 03:27:56.370	1	4	2	120	18.09
2017-03-03 03:29:00.191	1	4	4	120	221.053
2017-03-03 03:29:17.858	1	4	1	120	1.98
2017-03-03 03:29:30.081	1	4	3	120	0
2017-03-03 03:29:30.117	1	4	2	120	4.463
2017-03-03 03:30:59.069	1	4	4	121	154.797
2017-03-03 03:31:16.599	1	4	1	121	1.95
2017-03-03 03:31:28.757	1	4	3	121	0
2017-03-03 03:31:28.787	1	4	2	121	3.382
2017-03-03 03:32:38.277	1	4	4	121	239.796
2017-03-03 03:32:55.875	1	4	1	121	1.76
2017-03-03 03:33:08.195	1	4	3	121	0
2017-03-03 03:33:08.225	1	4	2	121	11.466
2017-03-03 03:34:11.556	1	4	4	121	224.513
2017-03-03 03:34:29.135	1	4	1	121	2.08
2017-03-03 03:34:41.353	1	4	3	121	0
2017-03-03 03:34:41.469	1	4	2	121	4.29
2017-03-03 03:35:44.804	1	4	4	121	147.989
2017-03-03 03:36:02.451	1	4	1	121	0.48
2017-03-03 03:36:14.613	1	4	3	121	0
2017-03-03 03:36:14.665	1	4	2	121	28.205
2017-03-03 03:37:44.031	1	4	4	122	180.631
2017-03-03 03:38:01.566	1	4	1	122	1.84
2017-03-03 03:38:13.736	1	4	3	122	0
2017-03-03 03:38:13.770	1	4	2	122	4.349
2017-03-03 03:39:22.838	1	4	4	122	221.719
2017-03-03 03:39:40.425	1	4	1	122	1.33
2017-03-03 03:39:52.624	1	4	3	122	0
2017-03-03 03:39:52.662	1	4	2	122	3.276
2017-03-03 03:40:56.006	1	4	4	122	217.432
2017-03-03 03:41:13.689	1	4	1	122	2.06
2017-03-03 03:41:25.901	1	4	3	122	0
2017-03-03 03:41:25.932	1	4	2	122	5.592
2017-03-03 03:42:29.213	1	4	4	122	150.637
2017-03-03 03:42:46.782	1	4	1	122	1.31
2017-03-03 03:42:58.938	1	4	3	122	0
2017-03-03 03:42:58.980	1	4	2	122	4.217
2017-03-03 03:51:10.734	1	4	4	123	257.202
2017-03-03 03:51:28.373	1	4	1	123	0.66
2017-03-03 03:51:40.605	1	4	3	123	0
2017-03-03 03:51:40.640	1	4	2	123	16.294
2017-03-03 03:52:44.477	1	4	4	123	231.118
2017-03-03 03:53:02.099	1	4	1	123	1.76
2017-03-03 03:53:14.323	1	4	3	123	0
2017-03-03 03:53:14.361	1	4	2	123	5.464
2017-03-03 03:54:18.100	1	4	4	123	149.573
2017-03-03 03:54:35.780	1	4	1	123	1.82
2017-03-03 03:54:48.021	1	4	3	123	0
2017-03-03 03:54:48.055	1	4	2	123	4.652
2017-03-03 03:55:51.460	1	4	4	123	153.591
2017-03-03 03:56:09.060	1	4	1	123	1.78
2017-03-03 03:56:21.311	1	4	3	123	0
2017-03-03 03:56:21.439	1	4	2	123	15.692
2017-03-03 03:57:49.124	1	4	4	124	221.497
2017-03-03 03:58:06.725	1	4	1	124	1.96
2017-03-03 03:58:18.929	1	4	3	124	0
2017-03-03 03:58:18.964	1	4	2	124	6.002
2017-03-03 03:59:16.379	1	4	4	124	161.258
2017-03-03 04:14:32.683	1	4	4	126	225.429
2017-03-03 04:14:50.421	1	4	1	126	2.01
2017-03-03 04:15:02.646	1	4	3	126	0
2017-03-03 04:15:02.677	1	4	2	126	2.94
2017-03-03 04:16:05.424	1	4	4	127	164.186
2017-03-03 04:16:23.062	1	4	1	127	1.06
2017-03-03 04:16:35.284	1	4	3	127	0
2017-03-03 04:16:35.324	1	4	2	127	13.116
2017-03-03 04:17:38.943	1	4	4	127	190.399
2017-03-03 04:17:56.496	1	4	1	127	2.05
2017-03-03 04:18:08.665	1	4	3	127	0
2017-03-03 04:18:08.703	1	4	2	127	2.274
2017-03-03 04:19:12.251	1	4	4	127	138.665
2017-03-03 04:19:29.867	1	4	1	127	2.05
2017-03-03 04:19:42.094	1	4	3	127	0
2017-03-03 04:19:42.126	1	4	2	127	4.024
2017-03-03 04:20:45.429	1	4	4	127	171.171
2017-03-03 04:21:03.146	1	4	1	127	1.31
2017-03-03 04:21:15.368	1	4	3	127	0
2017-03-03 04:21:15.404	1	4	2	127	13.885
2017-03-03 04:52:39.623	1	4	4	128	144.817
2017-03-03 04:52:57.217	1	4	1	128	2.19
2017-03-03 04:53:09.380	1	4	3	128	0
2017-03-03 04:53:09.413	1	4	2	128	3.672
2017-03-03 04:54:06.881	1	4	4	128	161.068
2017-03-03 04:54:24.535	1	4	1	128	2.17
2017-03-03 04:54:36.717	1	4	3	128	0
2017-03-03 04:54:36.750	1	4	2	128	3.749
2017-03-03 04:55:40.567	1	4	4	128	149.931
2017-03-03 04:55:58.304	1	4	1	128	2.59
2017-03-03 04:56:10.500	1	4	3	128	0
2017-03-03 04:56:10.538	1	4	2	128	3.779
2017-03-03 04:57:14.035	1	4	4	128	216.813
2017-03-03 04:57:31.618	1	4	1	128	0.54
2017-03-03 04:57:43.774	1	4	3	128	0
2017-03-03 04:57:43.808	1	4	2	128	24.762
2017-03-03 05:01:58.739	1	4	4	129	162.735
2017-03-03 05:02:16.275	1	4	1	129	1.59
2017-03-03 05:02:28.432	1	4	3	129	0
2017-03-03 05:02:28.466	1	4	2	129	25.668
2017-03-03 05:03:42.336	1	4	4	129	217.376
2017-03-03 05:04:00.021	1	4	1	129	0.82
2017-03-03 05:04:12.208	1	4	3	129	0
2017-03-03 05:04:12.241	1	4	2	129	25.831
2017-03-03 05:05:15.850	1	4	4	129	151.553
2017-03-03 05:05:33.430	1	4	1	129	1.98
2017-03-03 05:05:45.622	1	4	3	129	0
2017-03-03 05:05:45.656	1	4	2	129	19.143
2017-03-03 05:06:48.819	1	4	4	129	171.658
2017-03-03 05:07:06.386	1	4	1	129	2.05
2017-03-03 05:07:18.588	1	4	3	129	0
2017-03-03 05:07:18.619	1	4	2	129	3.965
2017-03-03 05:08:52.499	1	4	4	130	154.8
2017-03-03 05:09:10.143	1	4	1	130	1.84
2017-03-03 05:09:22.363	1	4	3	130	0
2017-03-03 05:09:22.394	1	4	2	130	3.157
2017-03-03 05:22:00.728	1	4	4	131	148.82
2017-03-03 05:22:18.274	1	4	1	131	1.28
2017-03-03 05:22:30.438	1	4	3	131	0
2017-03-03 05:22:30.559	1	4	2	131	7.483
2017-03-03 05:23:46.001	1	4	4	131	216.393
2017-03-03 05:24:03.568	1	4	1	131	1.88
2017-03-03 05:24:15.815	1	4	3	131	0
2017-03-03 05:24:15.847	1	4	2	131	3.983
2017-03-03 05:25:19.810	1	4	4	131	137.396
2017-03-03 05:25:37.448	1	4	1	131	1.97
2017-03-03 05:25:49.671	1	4	3	131	0
2017-03-03 05:25:49.704	1	4	2	131	3.862
2017-03-03 05:26:53.137	1	4	4	131	149.072
2017-03-03 05:27:10.854	1	4	1	131	2.12
2017-03-03 05:27:23.076	1	4	3	131	2.7
2017-03-03 05:27:23.113	1	4	2	131	10.115
2017-03-03 05:28:56.889	1	4	4	132	219.279
2017-03-03 05:29:14.546	1	4	1	132	1.97
2017-03-03 05:29:26.777	1	4	3	132	0
2017-03-03 05:29:26.816	1	4	2	132	3.732
2017-03-03 05:35:53.481	1	4	4	133	147.368
2017-03-03 05:36:11.135	1	4	1	133	1.93
2017-03-03 05:36:23.359	1	4	3	133	0
2017-03-03 05:36:23.394	1	4	2	133	2.398
2017-03-03 05:37:38.681	1	4	4	133	161.381
2017-03-03 05:37:56.338	1	4	1	133	1.32
2017-03-03 05:38:09.524	1	4	3	133	0
2017-03-03 05:38:10.242	1	4	2	133	6.991
2017-03-03 05:39:13.894	1	4	4	133	151.781
2017-03-03 05:39:31.460	1	4	1	133	2.14
2017-03-03 05:39:43.678	1	4	3	133	0
2017-03-03 05:39:43.712	1	4	2	133	3.596
2017-03-03 05:40:46.919	1	4	4	133	167.106
2017-03-03 05:41:04.514	1	4	1	133	2.01
2017-03-03 05:41:16.700	1	4	3	133	0
2017-03-03 05:41:16.732	1	4	2	133	11.722
2017-03-03 05:42:50.723	1	4	4	134	143.505
2017-03-03 05:43:08.361	1	4	1	134	0.54
2017-03-03 05:43:20.571	1	4	3	134	0
2017-03-03 05:43:20.607	1	4	2	134	16.85
2017-03-03 05:44:03.228	1	4	4	135	156.099
2017-03-03 05:44:20.915	1	4	1	135	2.14
2017-03-03 05:44:33.113	1	4	3	135	0
2017-03-03 05:44:33.146	1	4	2	135	12.572
2017-03-03 05:45:48.074	1	4	4	135	212.222
2017-03-03 05:46:05.671	1	4	1	135	1.98
2017-03-03 05:46:17.886	1	4	3	135	0
2017-03-03 05:46:17.917	1	4	2	135	5.356
2017-03-03 05:47:21.170	1	4	4	135	143.568
2017-03-03 05:47:38.788	1	4	1	135	1.33
2017-03-03 05:47:50.987	1	4	3	135	0
2017-03-03 05:47:51.020	1	4	2	135	5.301
2017-03-03 05:48:54.700	1	4	4	135	161.363
2017-03-03 05:49:12.385	1	4	1	135	2
2017-03-03 05:49:24.559	1	4	3	135	0
2017-03-03 05:49:24.594	1	4	2	135	3.312
2017-03-03 05:50:58.475	1	4	4	136	155.593
2017-03-03 05:51:16.116	1	4	1	136	0.53
2017-03-03 05:51:28.347	1	4	3	136	0
2017-03-03 05:51:28.382	1	4	2	136	35.848
2017-03-03 05:52:11.220	1	4	4	137	157.171
2017-03-03 05:52:28.851	1	4	1	137	0.5
2017-03-03 05:52:41.025	1	4	3	137	0
2017-03-03 05:52:41.058	1	4	2	137	19.08
2017-03-03 05:53:56.892	1	4	4	137	157.234
2017-03-03 05:54:14.557	1	4	1	137	1.99
2017-03-03 05:54:26.774	1	4	3	137	0
2017-03-03 05:54:26.808	1	4	2	137	4.256
2017-03-03 05:55:30.237	1	4	4	137	155.218
2017-03-03 05:55:47.863	1	4	1	137	1.58
2017-03-03 05:56:00.079	1	4	3	137	0
2017-03-03 05:56:00.111	1	4	2	137	27.77
2017-03-03 05:57:03.678	1	4	4	137	225.935
2017-03-03 05:57:21.258	1	4	1	137	1.39
2017-03-03 05:57:33.479	1	4	3	137	0
2017-03-03 05:57:33.514	1	4	2	137	3.64
2017-03-03 05:59:07.076	1	4	4	138	160.502
2017-03-03 05:59:24.674	1	4	1	138	1.78
2017-03-03 05:59:36.883	1	4	3	138	0
2017-03-03 05:59:36.915	1	4	2	138	3.414
2017-03-03 06:05:37.986	1	4	4	139	149.637
2017-03-03 06:05:55.583	1	4	1	139	1.74
2017-03-03 06:06:07.816	1	4	3	139	0
2017-03-03 06:06:07.850	1	4	2	139	5.728
2017-03-03 06:07:22.537	1	4	4	139	151.845
2017-03-03 06:07:40.091	1	4	1	139	1.29
2017-03-03 06:07:52.288	1	4	3	139	0
2017-03-03 06:07:52.323	1	4	2	139	15.351
2017-03-03 06:08:55.773	1	4	4	139	141.463
2017-03-03 06:09:13.299	1	4	1	139	2.32
2017-03-03 06:09:25.496	1	4	3	139	0
2017-03-03 06:09:25.530	1	4	2	139	3.448
2017-03-03 06:10:29.003	1	4	4	139	160.359
2017-03-03 06:10:46.616	1	4	1	139	2.24
2017-03-03 06:10:58.789	1	4	3	139	0
2017-03-03 06:10:58.822	1	4	2	139	3.656
2017-03-03 06:12:33.402	1	4	4	139	150.124
2017-03-03 06:12:50.958	1	4	1	139	0.54
2017-03-03 06:13:03.172	1	4	3	139	0
2017-03-03 06:13:03.203	1	4	2	139	14.253
2017-03-03 06:19:17.355	1	4	4	140	157.373
2017-03-03 06:19:34.987	1	4	1	140	2.03
2017-03-03 06:19:47.149	1	4	3	140	0
2017-03-03 06:19:47.180	1	4	2	140	5.669
2017-03-03 06:21:03.289	1	4	4	140	224.636
2017-03-03 06:21:20.884	1	4	1	140	2.28
2017-03-03 06:21:33.046	1	4	3	140	0
2017-03-03 06:21:33.076	1	4	2	140	4.541
2017-03-03 06:22:36.558	1	4	4	140	140.778
2017-03-03 06:22:54.089	1	4	1	140	1.76
2017-03-03 06:23:06.236	1	4	3	140	0
2017-03-03 06:23:06.271	1	4	2	140	4.871
2017-03-03 06:24:09.622	1	4	4	140	162.094
2017-03-03 06:24:27.131	1	4	1	140	1.29
2017-03-03 06:24:39.272	1	4	3	140	0
2017-03-03 06:24:39.302	1	4	2	140	11.734
2017-03-03 06:26:15.623	1	4	4	140	172.475
2017-03-03 06:26:33.262	1	4	1	140	1.42
2017-03-03 06:26:45.434	1	4	3	140	0
2017-03-03 06:26:45.464	1	4	2	140	3.097
2017-03-03 06:33:32.281	1	4	4	141	148.067
2017-03-03 06:33:49.987	1	4	1	141	1.78
2017-03-03 06:34:02.246	1	4	3	141	0
2017-03-03 06:34:02.280	1	4	2	141	3.763
2017-03-03 06:35:16.634	1	4	4	141	223.365
2017-03-03 06:35:34.224	1	4	1	141	1.85
2017-03-03 06:35:46.565	1	4	3	141	0
2017-03-03 06:35:46.598	1	4	2	141	7.632
2017-03-03 06:36:49.964	1	4	4	141	117.647
2017-03-03 06:37:07.575	1	4	1	141	2
2017-03-03 06:37:19.812	1	4	3	141	0
2017-03-03 06:37:19.844	1	4	2	141	3.263
2017-03-03 06:38:23.649	1	4	4	141	226.373
2017-03-03 06:38:41.169	1	4	1	141	0.61
2017-03-03 06:38:53.327	1	4	3	141	0
2017-03-03 06:38:53.360	1	4	2	141	16.108
2017-03-03 06:40:28.718	1	4	4	141	144.245
2017-03-03 06:40:46.342	1	4	1	141	0.59
2017-03-03 06:40:58.560	1	4	3	141	0
2017-03-03 06:40:58.599	1	4	2	141	34.328
2017-03-03 19:20:52.477	1	4	4	142	115.103
2017-03-03 19:21:10.041	1	4	1	142	1.53
2017-03-03 19:21:22.307	1	4	3	142	0
2017-03-03 19:21:22.344	1	4	2	142	2.989
2017-03-03 19:22:39.198	1	4	4	142	209.681
2017-03-03 19:22:56.764	1	4	1	142	1.9
2017-03-03 19:23:08.980	1	4	3	142	0
2017-03-03 19:23:09.021	1	4	2	142	3.056
2017-03-03 19:24:12.303	1	4	4	142	152.321
2017-03-03 19:24:29.836	1	4	1	142	1.74
2017-03-03 19:24:42.128	1	4	3	142	0
2017-03-03 19:24:42.174	1	4	2	142	2.389
2017-03-03 19:25:46.000	1	4	4	142	179.897
2017-03-03 19:26:03.544	1	4	1	142	1.38
2017-03-03 19:26:15.759	1	4	3	142	0
2017-03-03 19:26:15.798	1	4	2	142	3.656
2017-03-03 19:27:50.054	1	4	4	142	180.688
2017-03-03 19:28:07.592	1	4	1	142	0.61
2017-03-03 19:28:19.845	1	4	3	142	6.8
2017-03-03 19:28:19.884	1	4	2	142	14.566
2017-03-03 19:29:03.490	1	4	4	143	292.301
2017-03-03 19:29:21.040	1	4	1	143	0.53
2017-03-03 19:29:33.243	1	4	3	143	17
2017-03-03 19:29:33.293	1	4	2	143	15.858
2017-03-03 19:30:49.149	1	4	4	143	226.036
2017-03-03 19:31:06.775	1	4	1	143	0.33
2017-03-03 19:31:19.004	1	4	3	143	13
2017-03-03 19:31:19.051	1	4	2	143	19.183
2017-03-03 19:32:22.931	1	4	4	143	196.633
2017-03-03 19:32:40.500	1	4	1	143	0.35
2017-03-03 19:32:52.713	1	4	3	143	0
2017-03-03 19:32:52.753	1	4	2	143	4.966
2017-03-03 19:33:56.225	1	4	4	143	243.678
2017-03-03 19:34:13.800	1	4	1	143	0.39
2017-03-03 19:34:26.030	1	4	3	143	0
2017-03-03 19:34:26.085	1	4	2	143	7.155
2017-03-03 19:36:00.736	1	4	4	143	178.213
2017-03-03 19:36:18.293	1	4	1	143	0.39
2017-03-03 19:36:30.503	1	4	3	143	0
2017-03-03 19:36:30.539	1	4	2	143	7.627
2017-03-03 19:37:14.069	1	4	4	144	251.092
2017-03-03 19:37:31.742	1	4	1	144	0.39
2017-03-03 19:37:44.004	1	4	3	144	0
2017-03-03 19:37:44.046	1	4	2	144	11.914
2017-03-03 19:38:59.795	1	4	4	144	237.446
2017-03-03 19:39:17.353	1	4	1	144	0.38
2017-03-03 19:39:29.598	1	4	3	144	0
2017-03-03 19:39:29.634	1	4	2	144	12.858
2017-03-03 19:40:32.952	1	4	4	144	265.27
2017-03-03 19:40:50.480	1	4	1	144	0.42
2017-03-03 19:41:02.664	1	4	3	144	0
2017-03-03 19:41:02.708	1	4	2	144	9.433
2017-03-03 19:42:06.286	1	4	4	144	189.232
2017-03-03 19:42:23.824	1	4	1	144	0.32
2017-03-03 19:42:36.025	1	4	3	144	1.3
2017-03-03 19:42:36.063	1	4	2	144	10.019
2017-03-03 19:44:10.318	1	4	4	144	171.473
2017-03-03 19:44:27.855	1	4	1	144	0.34
2017-03-03 19:44:40.057	1	4	3	144	0
2017-03-03 19:44:40.093	1	4	2	144	7.244
2017-03-03 19:45:23.892	1	4	4	145	175.575
2017-03-03 19:45:41.450	1	4	1	145	0.33
2017-03-03 19:45:53.671	1	4	3	145	0
2017-03-03 19:45:53.706	1	4	2	145	9.718
2017-03-03 19:47:09.991	1	4	4	145	249.603
2017-03-03 19:47:27.544	1	4	1	145	0.36
2017-03-03 19:47:39.761	1	4	3	145	0
2017-03-03 19:47:39.812	1	4	2	145	7.376
2017-03-03 19:48:42.993	1	4	4	145	315.001
2017-03-03 19:49:00.521	1	4	1	145	0.38
2017-03-03 19:49:14.268	1	4	3	145	12
2017-03-03 19:49:14.318	1	4	2	145	15.879
2017-03-03 19:50:17.864	1	4	4	145	164.162
2017-03-03 19:50:35.397	1	4	1	145	0.33
2017-03-03 19:50:47.603	1	4	3	145	9.2
2017-03-03 19:50:47.640	1	4	2	145	10.596
2017-03-03 19:52:21.938	1	4	4	145	169.527
2017-03-03 19:52:39.503	1	4	1	145	0.29
2017-03-03 19:52:52.345	1	4	3	145	9.5
2017-03-03 19:52:52.378	1	4	2	145	25.227
2017-03-03 19:53:35.876	1	4	4	146	170.371
2017-03-03 19:53:53.395	1	4	1	146	0.29
2017-03-03 19:54:05.598	1	4	3	146	49
2017-03-03 19:54:05.633	1	4	2	146	53.616
2017-03-03 19:55:22.014	1	4	4	146	241.031
2017-03-03 19:55:39.618	1	4	1	146	0.28
2017-03-03 19:55:51.819	1	4	3	146	41
2017-03-03 19:55:51.855	1	4	2	146	42.64
2017-03-03 19:56:55.540	1	4	4	146	205.29
2017-03-03 19:57:13.109	1	4	1	146	0.23
2017-03-03 19:57:25.300	1	4	3	146	9.2
2017-03-03 19:57:25.347	1	4	2	146	24.311
2017-03-03 19:58:28.764	1	4	4	146	179.415
2017-03-03 19:58:46.306	1	4	1	146	0.25
2017-03-03 19:58:58.491	1	4	3	146	30
2017-03-03 19:58:58.527	1	4	2	146	30.533
2017-03-03 20:00:32.908	1	4	4	146	197.446
2017-03-03 20:00:50.453	1	4	1	146	0.25
2017-03-03 20:01:02.662	1	4	3	146	9.2
2017-03-03 20:01:02.698	1	4	2	146	14.069
2017-03-03 20:01:46.279	1	4	4	147	322.648
2017-03-03 20:02:03.792	1	4	1	147	\N
2017-03-03 20:02:15.846	1	4	3	147	\N
2017-03-03 20:02:15.880	1	4	2	147	\N
2017-03-03 20:03:31.671	1	4	4	147	263.97
2017-03-03 20:03:49.174	1	4	1	147	\N
2017-03-03 20:04:01.221	1	4	3	147	\N
2017-03-03 20:04:01.250	1	4	2	147	\N
2017-03-03 20:05:04.623	1	4	4	147	168.653
2017-03-03 20:05:22.144	1	4	1	147	\N
2017-03-03 20:05:34.187	1	4	3	147	\N
2017-03-03 20:05:34.220	1	4	2	147	\N
2017-03-03 20:06:37.623	1	4	4	147	390.828
2017-03-03 20:06:55.155	1	4	1	147	0.27
2017-03-03 20:07:07.343	1	4	3	147	0
2017-03-03 20:07:07.394	1	4	2	147	11.59
2017-03-03 20:08:41.647	1	4	4	147	236.056
2017-03-03 20:08:59.184	1	4	1	147	0.38
2017-03-03 20:09:11.379	1	4	3	147	21
2017-03-03 20:09:11.416	1	4	2	147	18.347
2017-03-03 20:09:54.941	1	4	4	148	162.941
2017-03-03 20:10:12.475	1	4	1	148	0.28
2017-03-03 20:10:24.664	1	4	3	148	6.7
2017-03-03 20:10:24.698	1	4	2	148	20.982
2017-03-03 20:11:40.474	1	4	4	148	181.623
2017-03-03 20:11:57.997	1	4	1	148	0.4
2017-03-03 20:12:10.204	1	4	3	148	1.3
2017-03-03 20:12:10.239	1	4	2	148	14.932
2017-03-03 20:13:13.622	1	4	4	148	157.467
2017-03-03 20:13:31.153	1	4	1	148	0.35
2017-03-03 20:13:43.322	1	4	3	148	0
2017-03-03 20:13:43.360	1	4	2	148	15.384
2017-03-03 20:14:46.659	1	4	4	148	211.032
2017-03-03 20:15:04.196	1	4	1	148	0.34
2017-03-03 20:15:16.418	1	4	3	148	13
2017-03-03 20:15:16.455	1	4	2	148	15.293
2017-03-03 20:16:50.924	1	4	4	148	179.29
2017-03-03 20:17:08.464	1	4	1	148	0.34
2017-03-03 20:17:20.660	1	4	3	148	0
2017-03-03 20:17:20.695	1	4	2	148	11.157
2017-03-03 20:18:04.191	1	4	4	149	229.887
2017-03-03 20:18:21.786	1	4	1	149	0.34
2017-03-03 20:18:33.974	1	4	3	149	0
2017-03-03 20:18:34.025	1	4	2	149	16.868
2017-03-03 20:19:49.880	1	4	4	149	176.941
2017-03-03 20:20:07.416	1	4	1	149	0.43
2017-03-03 20:20:19.533	1	4	3	149	\N
2017-03-03 20:20:19.591	1	4	2	149	\N
2017-03-03 20:21:23.080	1	4	4	149	184.067
2017-03-03 20:21:40.647	1	4	1	149	0.39
2017-03-03 20:21:52.825	1	4	3	149	0
2017-03-03 20:21:52.869	1	4	2	149	13.878
2017-03-03 20:22:56.611	1	4	4	149	230.475
2017-03-03 20:23:14.188	1	4	1	149	0.36
2017-03-03 20:23:26.385	1	4	3	149	0
2017-03-03 20:23:26.422	1	4	2	149	7.827
2017-03-03 20:25:00.745	1	4	4	149	166.026
2017-03-03 20:25:18.265	1	4	1	149	\N
2017-03-03 20:25:30.315	1	4	3	149	\N
2017-03-03 20:25:30.348	1	4	2	149	\N
2017-03-03 20:26:13.986	1	4	4	150	367.871
2017-03-03 20:26:31.555	1	4	1	150	0.37
2017-03-03 20:26:43.780	1	4	3	150	0
2017-03-03 20:26:43.831	1	4	2	150	6.441
2017-03-03 20:27:54.266	1	4	4	150	151.024
2017-03-03 20:28:11.876	1	4	1	150	0.42
2017-03-03 20:28:24.129	1	4	3	150	0
2017-03-03 20:28:24.186	1	4	2	150	9.971
2017-03-03 20:29:27.860	1	4	4	150	230.891
2017-03-03 20:45:57.629	1	4	4	151	165.718
2017-03-03 20:46:15.198	1	4	1	151	0.44
2017-03-03 20:46:27.436	1	4	3	151	0
2017-03-03 20:46:27.482	1	4	2	151	30.45
2017-03-03 20:47:44.030	1	4	4	151	214.109
2017-03-03 20:48:01.613	1	4	1	151	1.36
2017-03-03 20:48:13.813	1	4	3	151	0
2017-03-03 20:48:13.852	1	4	2	151	17.219
2017-03-03 20:49:17.102	1	4	4	151	161.172
2017-03-03 20:49:34.691	1	4	1	151	2.11
2017-03-03 20:49:46.927	1	4	3	151	0
2017-03-03 20:49:46.965	1	4	2	151	1.152
2017-03-03 20:50:50.418	1	4	4	151	162.057
2017-03-03 20:51:07.951	1	4	1	151	1.02
2017-03-03 20:51:20.251	1	4	3	151	0
2017-03-03 20:51:20.290	1	4	2	151	11.364
2017-03-03 20:52:54.917	1	4	4	151	108.793
2017-03-03 20:53:12.516	1	4	1	151	1.71
2017-03-03 20:53:24.798	1	4	3	151	0
2017-03-03 20:53:25.918	1	4	2	151	1.126
2017-03-03 20:54:09.552	1	4	4	152	206.472
2017-03-03 20:54:27.139	1	4	1	152	1.62
2017-03-03 20:54:39.374	1	4	3	152	0
2017-03-03 20:54:39.414	1	4	2	152	1.629
2017-03-03 20:55:55.824	1	4	4	152	220.353
2017-03-03 20:56:13.395	1	4	1	152	1.15
2017-03-03 20:56:25.696	1	4	3	152	0
2017-03-03 20:56:25.746	1	4	2	152	2.105
2017-03-03 20:57:29.233	1	4	4	152	221.463
2017-03-03 20:57:46.785	1	4	1	152	1.24
2017-03-03 20:57:59.113	1	4	3	152	0
2017-03-03 20:57:59.150	1	4	2	152	9.381
2017-03-03 20:59:02.410	1	4	4	152	163.056
2017-03-03 20:59:19.992	1	4	1	152	1.59
2017-03-03 20:59:32.219	1	4	3	152	0
2017-03-03 20:59:32.266	1	4	2	152	1.144
2017-03-03 21:01:06.924	1	4	4	152	140.892
2017-03-03 21:01:24.531	1	4	1	152	1.33
2017-03-03 21:01:36.804	1	4	3	152	0
2017-03-03 21:01:36.901	1	4	2	152	1.749
2017-03-03 21:02:20.712	1	4	4	153	159.233
2017-03-03 21:02:38.262	1	4	1	153	0.53
2017-03-03 21:02:50.597	1	4	3	153	0
2017-03-03 21:02:50.634	1	4	2	153	11.343
2017-03-03 21:04:06.192	1	4	4	153	156.416
2017-03-03 21:04:23.817	1	4	1	153	0.68
2017-03-03 21:04:36.089	1	4	3	153	0
2017-03-03 21:04:36.238	1	4	2	153	8.705
2017-03-03 21:05:39.940	1	4	4	153	153.942
2017-03-03 21:05:57.564	1	4	1	153	0.88
2017-03-03 21:06:09.874	1	4	3	153	0
2017-03-03 21:06:09.919	1	4	2	153	3.064
2017-03-03 21:07:13.582	1	4	4	153	216.922
2017-03-03 21:07:31.174	1	4	1	153	0.58
2017-03-03 21:07:43.434	1	4	3	153	0
2017-03-03 21:07:43.493	1	4	2	153	15.561
2017-03-03 21:09:17.944	1	4	4	153	178.865
2017-03-03 21:09:35.525	1	4	1	153	1.19
2017-03-03 21:09:47.839	1	4	3	153	0
2017-03-03 21:09:47.874	1	4	2	153	3.299
2017-03-03 21:10:31.475	1	4	4	154	176.48
2017-03-03 21:10:49.041	1	4	1	154	1.37
2017-03-03 21:11:01.292	1	4	3	154	0
2017-03-03 21:11:01.384	1	4	2	154	1.667
2017-03-03 21:12:17.318	1	4	4	154	164.865
2017-03-03 21:12:34.918	1	4	1	154	0.86
2017-03-03 21:12:47.117	1	4	3	154	0
2017-03-03 21:12:47.156	1	4	2	154	9.958
2017-03-03 21:13:50.483	1	4	4	154	164.311
2017-03-03 21:14:08.039	1	4	1	154	1.15
2017-03-03 21:14:20.331	1	4	3	154	0
2017-03-03 21:14:20.370	1	4	2	154	2.578
2017-03-03 21:15:23.992	1	4	4	154	218.217
2017-03-03 21:15:41.556	1	4	1	154	1.51
2017-03-03 21:15:53.757	1	4	3	154	0
2017-03-03 21:15:53.810	1	4	2	154	1.297
2017-03-03 21:17:28.283	1	4	4	154	104.451
2017-03-03 21:17:45.817	1	4	1	154	1.1
2017-03-03 21:17:58.142	1	4	3	154	0
2017-03-03 21:17:58.179	1	4	2	154	5.634
2017-03-03 21:18:41.777	1	4	4	155	158.846
2017-03-03 21:18:59.324	1	4	1	155	1.15
2017-03-03 21:19:11.562	1	4	3	155	0
2017-03-03 21:19:11.623	1	4	2	155	5.076
2017-03-03 21:20:22.751	1	4	4	155	158.565
2017-03-03 21:20:40.297	1	4	1	155	1.43
2017-03-03 21:20:52.592	1	4	3	155	0
2017-03-03 21:20:52.651	1	4	2	155	1.543
2017-03-03 21:21:56.035	1	4	4	155	156.465
2017-03-03 21:22:13.585	1	4	1	155	0.92
2017-03-03 21:22:25.800	1	4	3	155	0
2017-03-03 21:22:25.841	1	4	2	155	5.541
2017-03-03 21:23:29.322	1	4	4	155	229.036
2017-03-03 21:23:46.932	1	4	1	155	1.11
2017-03-03 21:23:59.141	1	4	3	155	0
2017-03-03 21:23:59.202	1	4	2	155	9.352
2017-03-03 21:25:33.323	1	4	4	155	183.236
2017-03-03 21:25:50.848	1	4	1	155	1.13
2017-03-03 21:26:03.064	1	4	3	155	0
2017-03-03 21:26:03.104	1	4	2	155	8.201
2017-03-03 21:26:46.716	1	4	4	156	221.246
2017-03-03 21:27:04.267	1	4	1	156	0.73
2017-03-03 21:27:16.547	1	4	3	156	0
2017-03-03 21:27:16.610	1	4	2	156	12.543
2017-03-03 21:28:33.554	1	4	4	156	160.044
2017-03-03 21:28:51.136	1	4	1	156	1.15
2017-03-03 21:29:03.352	1	4	3	156	0
2017-03-03 21:29:03.398	1	4	2	156	12.775
2017-03-03 21:30:07.198	1	4	4	156	140.92
2017-03-03 21:30:24.811	1	4	1	156	1.45
2017-03-03 21:30:37.024	1	4	3	156	0
2017-03-03 21:30:37.067	1	4	2	156	3.837
2017-03-03 21:31:40.479	1	4	4	156	165.084
2017-03-03 21:31:58.033	1	4	1	156	0.51
2017-03-03 21:32:10.409	1	4	3	156	0
2017-03-03 21:32:10.468	1	4	2	156	18.103
2017-03-03 21:33:44.542	1	4	4	156	210.902
2017-03-03 21:34:02.118	1	4	1	156	1.14
2017-03-03 21:34:14.350	1	4	3	156	0
2017-03-03 21:34:14.401	1	4	2	156	6.002
2017-03-03 21:34:58.091	1	4	4	157	223.14
2017-03-03 21:35:15.614	1	4	1	157	\N
2017-03-03 21:35:27.668	1	4	3	157	\N
2017-03-03 21:35:27.702	1	4	2	157	\N
2017-03-03 21:36:31.540	1	4	4	157	142.284
2017-03-03 21:36:49.096	1	4	1	157	1.1
2017-03-03 21:37:01.308	1	4	3	157	0
2017-03-03 21:37:01.356	1	4	2	157	4.945
2017-03-03 21:38:04.683	1	4	4	157	102.527
2017-03-03 21:38:22.238	1	4	1	157	1.2
2017-03-03 21:38:34.468	1	4	3	157	0
2017-03-03 21:38:34.513	1	4	2	157	5.968
2017-03-03 21:39:37.746	1	4	4	157	150.452
2017-03-03 21:39:55.317	1	4	1	157	0.53
2017-03-03 21:40:07.542	1	4	3	157	0
2017-03-03 21:40:07.592	1	4	2	157	16.049
2017-03-03 21:41:41.908	1	4	4	157	226.126
2017-03-03 21:41:59.502	1	4	1	157	1.57
2017-03-03 21:42:11.766	1	4	3	157	0
2017-03-03 21:42:11.803	1	4	2	157	1.027
2017-03-03 21:42:55.371	1	4	4	158	165.759
2017-03-03 21:43:12.895	1	4	1	158	1.63
2017-03-03 21:43:25.162	1	4	3	158	0
2017-03-03 21:43:25.207	1	4	2	158	2.691
2017-03-03 21:44:29.158	1	4	4	158	211.196
2017-03-03 21:44:46.708	1	4	1	158	1.67
2017-03-03 21:44:58.919	1	4	3	158	0
2017-03-03 21:44:58.958	1	4	2	158	1.357
2017-03-03 21:46:02.339	1	4	4	158	227.441
2017-03-03 21:46:19.959	1	4	1	158	1.17
2017-03-03 21:46:32.293	1	4	3	158	0
2017-03-03 21:46:32.331	1	4	2	158	5.111
2017-03-03 21:47:35.666	1	4	4	158	205.615
2017-03-03 21:47:53.229	1	4	1	158	1.77
2017-03-03 21:48:05.442	1	4	3	158	0
2017-03-03 21:48:05.481	1	4	2	158	1.692
2017-03-03 21:49:39.733	1	4	4	158	158.37
2017-03-03 21:49:57.339	1	4	1	158	1.52
2017-03-03 21:50:09.565	1	4	3	158	0
2017-03-03 21:50:09.613	1	4	2	158	5.682
2017-03-03 21:50:53.290	1	4	4	159	223.657
2017-03-03 21:51:10.871	1	4	1	159	1.61
2017-03-03 21:51:23.101	1	4	3	159	0
2017-03-03 21:51:23.138	1	4	2	159	1.08
2017-03-03 21:52:40.399	1	4	4	159	227.621
2017-03-03 21:52:57.952	1	4	1	159	1.56
2017-03-03 21:53:10.155	1	4	3	159	0
2017-03-03 21:53:10.187	1	4	2	159	2.353
2017-03-03 21:54:13.653	1	4	4	159	213.533
2017-03-03 21:54:31.231	1	4	1	159	1.16
2017-03-03 21:54:43.504	1	4	3	159	0
2017-03-03 21:54:43.536	1	4	2	159	3.721
2017-03-03 21:55:46.983	1	4	4	159	151.196
2017-03-03 21:56:04.560	1	4	1	159	1.9
2017-03-03 21:56:16.769	1	4	3	159	0
2017-03-03 21:56:16.806	1	4	2	159	1.075
2017-03-03 21:57:51.685	1	4	4	159	182.969
2017-03-03 21:58:09.249	1	4	1	159	1.24
2017-03-03 21:58:21.511	1	4	3	159	2.7
2017-03-03 21:58:21.554	1	4	2	159	14.088
2017-03-03 21:59:05.156	1	4	4	160	161.148
2017-03-03 21:59:22.755	1	4	1	160	0.79
2017-03-03 21:59:35.024	1	4	3	160	0
2017-03-03 21:59:35.072	1	4	2	160	6.336
2017-03-03 22:00:50.914	1	4	4	160	156.495
2017-03-03 22:01:08.497	1	4	1	160	1.35
2017-03-03 22:01:20.778	1	4	3	160	0
2017-03-03 22:01:20.831	1	4	2	160	5.019
2017-03-03 22:02:24.303	1	4	4	160	227.263
2017-03-03 22:02:41.922	1	4	1	160	1.27
2017-03-03 22:02:54.129	1	4	3	160	0
2017-03-03 22:02:54.169	1	4	2	160	1.446
2017-03-03 22:03:57.814	1	4	4	160	232.582
2017-03-03 22:04:15.418	1	4	1	160	1.29
2017-03-03 22:04:27.670	1	4	3	160	0
2017-03-03 22:04:27.728	1	4	2	160	2.356
2017-03-03 22:06:03.482	1	4	4	160	149.008
2017-03-03 22:06:21.060	1	4	1	160	1.26
2017-03-03 22:06:33.322	1	4	3	160	0
2017-03-03 22:06:33.362	1	4	2	160	3.584
2017-03-03 22:18:51.382	1	4	4	162	161.448
2017-03-03 22:19:08.956	1	4	1	162	2.24
2017-03-03 22:19:21.166	1	4	3	162	0
2017-03-03 22:19:21.211	1	4	2	162	1.011
2017-03-03 22:20:35.879	1	4	4	162	165.285
2017-03-03 22:20:53.452	1	4	1	162	0.94
2017-03-03 22:21:05.907	1	4	3	162	0
2017-03-03 22:21:06.958	1	4	2	162	29.526
2017-03-03 22:22:10.562	1	4	4	162	157.858
2017-03-03 22:22:28.109	1	4	1	162	1.91
2017-03-03 22:22:40.316	1	4	3	162	0
2017-03-03 22:22:40.380	1	4	2	162	3.398
2017-03-03 22:23:43.818	1	4	4	162	208.733
2017-03-03 22:24:01.382	1	4	1	162	1.58
2017-03-03 22:24:13.620	1	4	3	162	0
2017-03-03 22:24:13.661	1	4	2	162	2.302
2017-03-03 22:25:54.790	1	4	4	162	184.33
2017-03-03 22:26:12.343	1	4	1	162	1.64
2017-03-03 22:26:24.574	1	4	3	162	0
2017-03-03 22:26:24.621	1	4	2	162	5.433
2017-03-03 22:27:08.231	1	4	4	163	152.075
2017-03-03 22:27:25.806	1	4	1	163	1.62
2017-03-03 22:27:38.017	1	4	3	163	0
2017-03-03 22:27:38.070	1	4	2	163	5.77
2017-03-03 22:28:53.950	1	4	4	163	148.624
2017-03-03 22:29:11.473	1	4	1	163	1.86
2017-03-03 22:29:23.648	1	4	3	163	0
2017-03-03 22:29:23.701	1	4	2	163	1.851
2017-03-03 22:30:27.230	1	4	4	163	207.072
2017-03-03 22:30:44.750	1	4	1	163	1.79
2017-03-03 22:30:56.926	1	4	3	163	0
2017-03-03 22:30:56.964	1	4	2	163	9.927
2017-03-03 22:32:00.616	1	4	4	163	221.187
2017-03-03 22:32:18.127	1	4	1	163	1.87
2017-03-03 22:32:30.344	1	4	3	163	0
2017-03-03 22:32:30.384	1	4	2	163	2.524
2017-03-03 22:34:10.793	1	4	4	163	218.987
2017-03-03 22:34:28.325	1	4	1	163	0.45
2017-03-03 22:34:40.537	1	4	3	163	0
2017-03-03 22:34:40.604	1	4	2	163	22.348
2017-03-03 22:35:24.086	1	4	4	164	154.608
2017-03-03 22:35:41.650	1	4	1	164	1.7
2017-03-03 22:35:53.917	1	4	3	164	0
2017-03-03 22:35:53.973	1	4	2	164	4.499
2017-03-03 22:37:10.784	1	4	4	164	152.388
2017-03-03 22:37:28.340	1	4	1	164	1.15
2017-03-03 22:37:40.610	1	4	3	164	0
2017-03-03 22:37:40.653	1	4	2	164	8.309
2017-03-03 22:38:43.899	1	4	4	164	416.256
2017-03-03 22:39:01.471	1	4	1	164	1.61
2017-03-03 22:39:13.684	1	4	3	164	0
2017-03-03 22:39:13.725	1	4	2	164	3.333
2017-03-03 22:40:17.150	1	4	4	164	156.745
2017-03-03 22:40:34.710	1	4	1	164	1.49
2017-03-03 22:40:46.867	1	4	3	164	0
2017-03-03 22:40:46.903	1	4	2	164	2.39
2017-03-03 22:42:27.615	1	4	4	164	180.419
2017-03-03 22:42:45.195	1	4	1	164	1.9
2017-03-03 22:42:57.408	1	4	3	164	0
2017-03-03 22:42:57.456	1	4	2	164	1.211
2017-03-03 22:43:41.097	1	4	4	165	200.934
2017-03-03 22:43:58.666	1	4	1	165	1.69
2017-03-03 22:44:10.862	1	4	3	165	0
2017-03-03 22:44:10.902	1	4	2	165	6.378
2017-03-03 22:45:14.684	1	4	4	165	148.208
2017-03-03 22:45:32.231	1	4	1	165	1.1
2017-03-03 22:45:44.438	1	4	3	165	0
2017-03-03 22:45:44.501	1	4	2	165	11.021
2017-03-03 22:46:48.227	1	4	4	165	243.434
2017-03-03 22:47:05.797	1	4	1	165	0.5
2017-03-03 22:47:18.557	1	4	3	165	0
2017-03-03 22:47:18.597	1	4	2	165	19.702
2017-03-03 22:48:21.967	1	4	4	165	221.036
2017-03-03 22:48:39.532	1	4	1	165	0.79
2017-03-03 22:48:51.747	1	4	3	165	0
2017-03-03 22:48:51.785	1	4	2	165	14.972
2017-03-03 22:50:32.150	1	4	4	165	162.853
2017-03-03 22:50:49.775	1	4	1	165	1.44
2017-03-03 22:51:02.005	1	4	3	165	0
2017-03-03 22:51:02.062	1	4	2	165	2.303
2017-03-03 22:51:45.664	1	4	4	166	205.591
2017-03-03 22:52:03.236	1	4	1	166	1.9
2017-03-03 22:52:15.493	1	4	3	166	0
2017-03-03 22:52:15.544	1	4	2	166	3.381
2017-03-03 22:53:32.113	1	4	4	166	166.663
2017-03-03 22:53:49.713	1	4	1	166	1.74
2017-03-03 22:54:01.923	1	4	3	166	0
2017-03-03 22:54:01.964	1	4	2	166	4.798
2017-03-03 22:55:05.595	1	4	4	166	146.702
2017-03-03 22:55:23.123	1	4	1	166	\N
2017-03-03 22:55:35.173	1	4	3	166	\N
2017-03-03 22:55:35.210	1	4	2	166	\N
2017-03-03 22:56:38.858	1	4	4	166	216.076
2017-03-03 22:56:56.430	1	4	1	166	0.74
2017-03-03 22:57:08.704	1	4	3	166	0
2017-03-03 22:57:08.749	1	4	2	166	15.44
2017-03-03 22:58:48.922	1	4	4	166	235.686
2017-03-03 22:59:06.606	1	4	1	166	1.37
2017-03-03 22:59:18.821	1	4	3	166	0
2017-03-03 22:59:18.860	1	4	2	166	5.195
2017-03-03 23:00:02.528	1	4	4	167	183.335
2017-03-03 23:00:20.067	1	4	1	167	\N
2017-03-03 23:00:32.118	1	4	3	167	\N
2017-03-03 23:00:32.161	1	4	2	167	\N
2017-03-03 23:01:47.094	1	4	4	167	243.917
2017-03-03 23:02:04.676	1	4	1	167	1.47
2017-03-03 23:02:16.887	1	4	3	167	0
2017-03-03 23:02:16.929	1	4	2	167	2.072
2017-03-03 23:03:20.550	1	4	4	167	211.023
2017-03-03 23:03:38.120	1	4	1	167	1.2
2017-03-03 23:03:51.243	1	4	3	167	0
2017-03-03 23:03:51.283	1	4	2	167	3.268
2017-03-03 23:04:54.800	1	4	4	167	218.445
2017-03-03 23:05:12.357	1	4	1	167	0.86
2017-03-03 23:05:24.638	1	4	3	167	0
2017-03-03 23:05:24.698	1	4	2	167	11.16
2017-03-03 23:07:05.533	1	4	4	167	161.521
2017-03-03 23:07:23.082	1	4	1	167	1.54
2017-03-03 23:07:35.297	1	4	3	167	0
2017-03-03 23:07:35.369	1	4	2	167	1.762
2017-03-03 23:08:30.002	1	4	4	168	172.466
2017-03-03 23:08:47.584	1	4	1	168	2.09
2017-03-03 23:08:59.795	1	4	3	168	0
2017-03-03 23:08:59.843	1	4	2	168	3.429
2017-03-03 23:10:15.940	1	4	4	168	230.112
2017-03-03 23:10:33.539	1	4	1	168	1.65
2017-03-03 23:10:45.757	1	4	3	168	0
2017-03-03 23:10:45.796	1	4	2	168	6.767
2017-03-03 23:11:49.265	1	4	4	168	163.785
2017-03-03 23:12:06.844	1	4	1	168	1.54
2017-03-03 23:12:20.470	1	4	3	168	0
2017-03-03 23:12:20.516	1	4	2	168	3.81
2017-03-03 23:13:24.143	1	4	4	168	251.104
2017-03-03 23:13:41.718	1	4	1	168	1.05
2017-03-03 23:13:53.916	1	4	3	168	0
2017-03-03 23:13:53.955	1	4	2	168	8.581
2017-03-03 23:15:34.322	1	4	4	168	237.728
2017-03-03 23:15:51.949	1	4	1	168	1.36
2017-03-03 23:16:04.524	1	4	3	168	0
2017-03-03 23:16:04.566	1	4	2	168	4.759
2017-03-03 23:16:59.171	1	4	4	169	256.161
2017-03-03 23:17:16.740	1	4	1	169	1.74
2017-03-03 23:17:28.942	1	4	3	169	0
2017-03-03 23:17:28.998	1	4	2	169	6.103
2017-03-03 23:18:46.824	1	4	4	169	218.681
2017-03-03 23:19:04.350	1	4	1	169	1.81
2017-03-03 23:19:16.535	1	4	3	169	0
2017-03-03 23:19:16.573	1	4	2	169	5.829
2017-03-03 23:20:20.087	1	4	4	169	311.756
2017-03-03 23:20:37.669	1	4	1	169	1.37
2017-03-03 23:20:49.882	1	4	3	169	0
2017-03-03 23:20:49.917	1	4	2	169	13.806
2017-03-03 23:21:53.473	1	4	4	169	188.677
2017-03-03 23:22:11.006	1	4	1	169	0.54
2017-03-03 23:22:23.192	1	4	3	169	0
2017-03-03 23:22:23.229	1	4	2	169	29.448
2017-03-03 23:24:03.714	1	4	4	169	254.405
2017-03-03 23:24:21.259	1	4	1	169	1.43
2017-03-03 23:24:33.496	1	4	3	169	0
2017-03-03 23:24:33.538	1	4	2	169	8.545
2017-03-03 23:25:28.271	1	4	4	170	176.034
2017-03-03 23:25:45.822	1	4	1	170	2.09
2017-03-03 23:25:58.004	1	4	3	170	2.7
2017-03-03 23:25:58.040	1	4	2	170	20.919
2017-03-03 23:27:13.743	1	4	4	170	164.238
2017-03-03 23:27:31.260	1	4	1	170	0.62
2017-03-03 23:27:43.510	1	4	3	170	3.9
2017-03-03 23:27:43.550	1	4	2	170	24.321
2017-03-03 23:28:47.256	1	4	4	170	381.357
2017-03-03 23:29:04.784	1	4	1	170	\N
2017-03-03 23:29:16.829	1	4	3	170	\N
2017-03-03 23:29:16.872	1	4	2	170	\N
2017-03-03 23:30:20.577	1	4	4	170	332.555
2017-03-03 23:30:38.076	1	4	1	170	\N
2017-03-03 23:30:50.125	1	4	3	170	\N
2017-03-03 23:30:50.154	1	4	2	170	\N
2017-03-03 23:32:30.835	1	4	4	170	226.637
2017-03-03 23:32:48.334	1	4	1	170	\N
2017-03-03 23:33:00.404	1	4	3	170	\N
2017-03-03 23:33:00.455	1	4	2	170	\N
2017-03-03 23:33:55.055	1	4	4	171	380.15
2017-03-03 23:34:12.572	1	4	1	171	\N
2017-03-03 23:34:24.627	1	4	3	171	\N
2017-03-03 23:34:24.661	1	4	2	171	\N
2017-03-03 23:35:41.558	1	4	4	171	560.92
2017-03-03 23:35:59.054	1	4	1	171	\N
2017-03-03 23:36:11.102	1	4	3	171	\N
2017-03-03 23:36:11.135	1	4	2	171	\N
2017-03-03 23:37:14.493	1	4	4	171	\N
2017-03-03 23:37:32.010	1	4	1	171	\N
2017-03-03 23:37:44.056	1	4	3	171	\N
2017-03-03 23:37:44.088	1	4	2	171	\N
2017-03-03 23:38:47.629	1	4	4	171	170.674
2017-03-03 23:39:05.123	1	4	1	171	\N
2017-03-03 23:39:17.169	1	4	3	171	\N
2017-03-03 23:39:17.208	1	4	2	171	\N
2017-03-03 23:40:57.916	1	4	4	171	289.96
2017-03-03 23:41:15.422	1	4	1	171	\N
2017-03-03 23:41:27.470	1	4	3	171	\N
2017-03-03 23:41:27.514	1	4	2	171	\N
2017-03-05 19:53:09.299	1	4	4	172	93.703
2017-03-05 19:53:26.952	1	4	1	172	1.1
2017-03-05 19:53:39.098	1	4	3	172	0
2017-03-05 19:53:39.131	1	4	2	172	6.461
2017-03-05 19:54:55.248	1	4	4	172	224.858
2017-03-05 19:55:12.891	1	4	1	172	1.27
2017-03-05 19:55:25.106	1	4	3	172	0
2017-03-05 19:55:25.141	1	4	2	172	4.892
2017-03-05 19:56:28.632	1	4	4	172	171.819
2017-03-05 19:56:46.260	1	4	1	172	1.51
2017-03-05 19:56:58.481	1	4	3	172	0
2017-03-05 19:56:58.515	1	4	2	172	7.524
2017-03-05 19:58:02.068	1	4	4	172	233.118
2017-03-05 19:58:19.671	1	4	1	172	0.9
2017-03-05 19:58:31.871	1	4	3	172	0
2017-03-05 19:58:31.905	1	4	2	172	5.537
2017-03-05 20:00:12.745	1	4	4	172	174.846
2017-03-05 20:00:30.328	1	4	1	172	0.74
2017-03-05 20:00:42.509	1	4	3	172	0
2017-03-05 20:00:42.542	1	4	2	172	6.387
2017-03-05 20:01:37.216	1	4	4	173	231.399
2017-03-05 20:01:54.936	1	4	1	173	1.27
2017-03-05 20:02:07.615	1	4	3	173	0
2017-03-05 20:02:07.646	1	4	2	173	6.013
2017-03-05 20:03:24.107	1	4	4	173	168.304
2017-03-05 20:03:41.772	1	4	1	173	1.08
2017-03-05 20:03:53.957	1	4	3	173	0
2017-03-05 20:03:54.006	1	4	2	173	9.978
2017-03-05 20:04:57.429	1	4	4	173	167.289
2017-03-05 20:05:14.980	1	4	1	173	\N
2017-03-05 20:05:27.033	1	4	3	173	\N
2017-03-05 20:05:27.072	1	4	2	173	\N
2017-03-05 20:06:30.730	1	4	4	173	174.518
2017-03-05 20:06:48.274	1	4	1	173	1.59
2017-03-05 20:07:00.428	1	4	3	173	0
2017-03-05 20:07:00.461	1	4	2	173	3.187
2017-03-05 20:08:41.159	1	4	4	173	311.654
2017-03-05 20:08:59.219	1	4	1	173	1.29
2017-03-05 20:09:11.377	1	4	3	173	0
2017-03-05 20:09:11.414	1	4	2	173	4.869
2017-03-05 20:10:06.138	1	4	4	174	162.328
2017-03-05 20:10:23.642	1	4	1	174	\N
2017-03-05 20:10:35.683	1	4	3	174	\N
2017-03-05 20:10:35.714	1	4	2	174	\N
2017-03-05 20:11:50.426	1	4	4	174	215.9
2017-03-05 20:12:08.078	1	4	1	174	1.62
2017-03-05 20:12:20.280	1	4	3	174	0
2017-03-05 20:12:20.318	1	4	2	174	4.231
2017-03-05 20:13:23.479	1	4	4	174	164.495
2017-03-05 20:13:41.136	1	4	1	174	1.37
2017-03-05 20:13:53.319	1	4	3	174	0
2017-03-05 20:13:53.357	1	4	2	174	3.413
2017-03-05 20:14:56.680	1	4	4	174	227.23
2017-03-05 20:15:14.242	1	4	1	174	\N
2017-03-05 20:15:26.308	1	4	3	174	\N
2017-03-05 20:15:26.354	1	4	2	174	\N
2017-03-05 20:17:07.143	1	4	4	174	154.016
2017-03-05 20:17:24.808	1	4	1	174	1.66
2017-03-05 20:17:36.987	1	4	3	174	0
2017-03-05 20:17:37.017	1	4	2	174	3.931
2017-03-05 20:18:31.496	1	4	4	175	171.663
2017-03-05 20:18:49.160	1	4	1	175	1.44
2017-03-05 20:19:01.332	1	4	3	175	0
2017-03-05 20:19:01.409	1	4	2	175	7.896
2017-03-05 20:20:18.598	1	4	4	175	241.389
2017-03-05 20:20:36.230	1	4	1	175	0.7
2017-03-05 20:20:48.439	1	4	3	175	0
2017-03-05 20:20:48.474	1	4	2	175	10.365
2017-03-05 20:21:51.937	1	4	4	175	263.995
2017-03-05 20:22:09.460	1	4	1	175	0.42
2017-03-05 20:22:21.611	1	4	3	175	6.6
2017-03-05 20:22:21.642	1	4	2	175	24.783
2017-03-05 20:23:25.044	1	4	4	175	226.698
2017-03-05 20:23:42.550	1	4	1	175	0.34
2017-03-05 20:23:54.775	1	4	3	175	0
2017-03-05 20:23:54.822	1	4	2	175	25.391
2017-03-05 20:25:36.145	1	4	4	175	246.668
2017-03-05 20:25:53.665	1	4	1	175	0.51
2017-03-05 20:26:05.818	1	4	3	175	0
2017-03-05 20:26:05.852	1	4	2	175	18.595
2017-03-05 20:27:00.722	1	4	4	176	171.118
2017-03-05 20:27:18.240	1	4	1	176	0.79
2017-03-05 20:27:30.454	1	4	3	176	0
2017-03-05 20:27:30.486	1	4	2	176	5.916
2017-03-05 20:44:53.362	1	4	4	177	155.246
2017-03-05 20:45:10.930	1	4	1	177	0.79
2017-03-05 20:45:23.003	1	4	3	177	\N
2017-03-05 20:45:23.034	1	4	2	177	\N
2017-03-05 20:46:40.440	1	4	4	177	222.97
2017-03-05 20:46:57.956	1	4	1	177	0.81
2017-03-05 20:47:10.171	1	4	3	177	0
2017-03-05 20:47:10.202	1	4	2	177	12.77
2017-03-05 20:48:13.636	1	4	4	177	169.617
2017-03-05 20:48:31.178	1	4	1	177	0.77
2017-03-05 20:48:43.334	1	4	3	177	0
2017-03-05 20:48:43.367	1	4	2	177	17.861
2017-03-05 20:49:46.888	1	4	4	177	223.467
2017-03-05 20:50:04.542	1	4	1	177	0.79
2017-03-05 20:50:16.667	1	4	3	177	\N
2017-03-05 20:50:16.719	1	4	2	177	\N
2017-03-05 20:51:57.506	1	4	4	177	184.503
2017-03-05 20:52:15.168	1	4	1	177	0.8
2017-03-05 20:52:27.368	1	4	3	177	0
2017-03-05 20:52:27.401	1	4	2	177	9.85
2017-03-05 20:53:22.034	1	4	4	178	219.363
2017-03-05 20:53:39.656	1	4	1	178	0.82
2017-03-05 20:53:51.841	1	4	3	178	0
2017-03-05 20:53:51.877	1	4	2	178	11.52
2017-03-05 20:55:08.019	1	4	4	178	181.243
2017-03-05 20:55:25.638	1	4	1	178	0.67
2017-03-05 20:55:37.805	1	4	3	178	0
2017-03-05 20:55:37.841	1	4	2	178	16.425
2017-03-05 20:56:41.411	1	4	4	178	374.947
2017-03-05 20:56:59.042	1	4	1	178	0.69
2017-03-05 20:57:11.222	1	4	3	178	5.3
2017-03-05 20:57:11.253	1	4	2	178	14.61
2017-03-05 20:58:14.613	1	4	4	178	223.522
2017-03-05 20:58:32.250	1	4	1	178	0.37
2017-03-05 20:58:44.460	1	4	3	178	0
2017-03-05 20:58:44.493	1	4	2	178	21.775
2017-03-05 21:00:24.907	1	4	4	178	233.524
2017-03-05 21:00:42.638	1	4	1	178	0.49
2017-03-05 21:00:54.811	1	4	3	178	0
2017-03-05 21:00:54.845	1	4	2	178	15.093
2017-03-05 21:01:49.380	1	4	4	179	150.378
2017-03-05 21:02:06.970	1	4	1	179	0.68
2017-03-05 21:02:19.111	1	4	3	179	0
2017-03-05 21:02:19.145	1	4	2	179	7.166
2017-03-05 21:03:36.622	1	4	4	179	243.699
2017-03-05 21:03:54.332	1	4	1	179	0.83
2017-03-05 21:04:06.505	1	4	3	179	0
2017-03-05 21:04:06.538	1	4	2	179	10.924
2017-03-05 21:05:10.132	1	4	4	179	152.504
2017-03-05 21:05:27.662	1	4	1	179	0.5
2017-03-05 21:05:39.869	1	4	3	179	0
2017-03-05 21:05:39.901	1	4	2	179	18.086
2017-03-05 21:06:43.229	1	4	4	179	232.136
2017-03-05 21:07:02.328	1	4	1	179	0.77
2017-03-05 21:07:14.506	1	4	3	179	0
2017-03-05 21:07:14.539	1	4	2	179	9.494
2017-03-05 21:08:56.029	1	4	4	179	232.935
2017-03-05 21:09:13.520	1	4	1	179	0.69
2017-03-05 21:09:25.686	1	4	3	179	0
2017-03-05 21:09:25.717	1	4	2	179	13.001
2017-03-05 21:10:20.440	1	4	4	180	191.75
2017-03-05 21:10:38.052	1	4	1	180	0.43
2017-03-05 21:10:50.256	1	4	3	180	18
2017-03-05 21:10:50.288	1	4	2	180	26.757
2017-03-05 21:12:06.530	1	4	4	180	245.9
2017-03-05 21:12:24.032	1	4	1	180	0.66
2017-03-05 21:12:36.215	1	4	3	180	0
2017-03-05 21:12:36.253	1	4	2	180	15.632
2017-03-05 21:13:39.739	1	4	4	180	379.078
2017-03-05 21:13:57.240	1	4	1	180	\N
2017-03-05 21:14:09.283	1	4	3	180	\N
2017-03-05 21:14:09.322	1	4	2	180	\N
2017-03-05 21:15:12.764	1	4	4	180	\N
2017-03-05 21:15:30.411	1	4	1	180	0.65
2017-03-05 21:15:42.596	1	4	3	180	0
2017-03-05 21:15:42.635	1	4	2	180	10.793
2017-03-05 21:17:23.580	1	4	4	180	157.907
2017-03-05 21:17:41.217	1	4	1	180	0.41
2017-03-05 21:17:53.446	1	4	3	180	2.6
2017-03-05 21:17:53.486	1	4	2	180	25.461
2017-03-05 21:18:48.328	1	4	4	181	172.984
2017-03-05 21:19:05.955	1	4	1	181	0.31
2017-03-05 21:19:18.111	1	4	3	181	0
2017-03-05 21:19:18.143	1	4	2	181	37.716
2017-03-05 21:20:34.976	1	4	4	181	219.876
2017-03-05 21:20:52.539	1	4	1	181	0.82
2017-03-05 21:21:04.754	1	4	3	181	0
2017-03-05 21:21:04.786	1	4	2	181	8.819
2017-03-05 21:22:08.472	1	4	4	181	159.757
2017-03-05 21:22:26.104	1	4	1	181	0.67
2017-03-05 21:22:38.294	1	4	3	181	0
2017-03-05 21:22:38.327	1	4	2	181	33.718
2017-03-05 21:23:41.898	1	4	4	181	168.246
2017-03-05 21:23:59.548	1	4	1	181	0.77
2017-03-05 21:24:11.720	1	4	3	181	1.3
2017-03-05 21:24:11.753	1	4	2	181	11.357
2017-03-05 21:25:52.926	1	4	4	181	174.882
2017-03-05 21:26:10.487	1	4	1	181	\N
2017-03-05 21:26:22.559	1	4	3	181	\N
2017-03-05 21:26:22.608	1	4	2	181	\N
2017-03-05 21:38:52.337	1	4	4	182	213.174
2017-03-05 21:39:09.970	1	4	1	182	0.58
2017-03-05 21:39:22.142	1	4	3	182	0
2017-03-05 21:39:22.174	1	4	2	182	8.771
2017-03-05 21:40:40.124	1	4	4	182	355.686
2017-03-05 21:40:57.735	1	4	1	182	0.54
2017-03-05 21:41:09.910	1	4	3	182	0
2017-03-05 21:41:09.945	1	4	2	182	8.498
2017-03-05 21:42:18.608	1	4	4	182	240.649
2017-03-05 21:42:36.135	1	4	1	182	0.43
2017-03-05 21:42:48.284	1	4	3	182	0
2017-03-05 21:42:48.314	1	4	2	182	15.668
2017-03-05 21:43:56.880	1	4	4	182	419.931
2017-03-05 21:44:14.570	1	4	1	182	0.25
2017-03-05 21:44:26.779	1	4	3	182	0
2017-03-05 21:44:26.814	1	4	2	182	24.048
2017-03-05 21:46:13.554	1	4	4	182	275.548
2017-03-05 21:46:31.173	1	4	1	182	0.27
2017-03-05 21:46:43.344	1	4	3	182	21
2017-03-05 21:46:43.379	1	4	2	182	43.479
2017-03-05 21:55:22.327	1	4	4	183	280.416
2017-03-05 21:55:39.862	1	4	1	183	\N
2017-03-05 21:55:51.911	1	4	3	183	\N
2017-03-05 21:55:51.941	1	4	2	183	\N
2017-03-05 21:57:09.746	1	4	4	183	151.139
2017-03-05 21:57:27.264	1	4	1	183	\N
2017-03-05 21:57:39.315	1	4	3	183	\N
2017-03-05 21:57:39.359	1	4	2	183	\N
2017-03-05 21:58:47.730	1	4	4	183	163.761
2017-03-05 21:59:05.244	1	4	1	183	\N
2017-03-05 21:59:17.289	1	4	3	183	\N
2017-03-05 21:59:17.325	1	4	2	183	\N
2017-03-05 22:00:25.791	1	4	4	183	184.4
2017-03-05 22:00:43.357	1	4	1	183	0.73
2017-03-05 22:00:55.554	1	4	3	183	0
2017-03-05 22:00:55.586	1	4	2	183	9.958
2017-03-05 22:02:41.188	1	4	4	183	225.989
2017-03-05 22:02:58.818	1	4	1	183	0.6
2017-03-05 22:03:11.003	1	4	3	183	0
2017-03-05 22:03:11.037	1	4	2	183	7.069
2017-03-06 01:07:50.236	1	4	4	184	94.735
2017-03-06 01:08:07.906	1	4	1	184	21.7
2017-03-06 01:08:20.083	1	4	3	184	0
2017-03-06 01:08:20.115	1	4	2	184	1.927
2017-03-06 01:09:22.579	1	4	4	184	77.786
2017-03-06 01:09:40.279	1	4	1	184	22
2017-03-06 01:09:52.434	1	4	3	184	0
2017-03-06 01:09:52.467	1	4	2	184	2.25
2017-03-06 01:10:54.993	1	4	4	184	77.874
2017-03-06 01:11:12.522	1	4	1	184	26.5
2017-03-06 01:11:24.683	1	4	3	184	0
2017-03-06 01:11:24.721	1	4	2	184	2.38
2017-03-06 01:13:03.100	1	4	4	185	73.632
2017-03-06 01:13:20.674	1	4	1	185	24.6
2017-03-06 01:13:32.876	1	4	3	185	0
2017-03-06 01:13:32.907	1	4	2	185	1.972
2017-03-06 01:14:35.352	1	4	4	185	70.389
2017-03-06 01:14:52.949	1	4	1	185	18.1
2017-03-06 01:15:05.130	1	4	3	185	0
2017-03-06 01:15:05.160	1	4	2	185	2.208
2017-03-06 01:16:07.566	1	4	4	185	74.752
2017-03-06 01:16:25.042	1	4	1	185	\N
2017-03-06 01:16:37.083	1	4	3	185	\N
2017-03-06 01:16:37.112	1	4	2	185	\N
2017-03-06 01:17:39.512	1	4	4	185	98.467
2017-03-06 01:17:57.125	1	4	1	185	27.3
2017-03-06 01:18:09.419	1	4	3	185	0
2017-03-06 01:18:09.450	1	4	2	185	1.896
2017-03-06 01:19:26.090	1	4	4	185	72.014
2017-03-06 01:19:43.723	1	4	1	185	23.9
2017-03-06 01:19:55.895	1	4	3	185	0
2017-03-06 01:19:55.925	1	4	2	185	2.04
2017-03-06 01:20:38.437	1	4	4	186	77.987
2017-03-06 01:20:56.034	1	4	1	186	23
2017-03-06 01:21:08.280	1	4	3	186	0
2017-03-06 01:21:08.316	1	4	2	186	2.275
2017-03-06 01:22:10.684	1	4	4	186	78.91
2017-03-06 01:22:28.337	1	4	1	186	20
2017-03-06 01:22:40.531	1	4	3	186	0
2017-03-06 01:22:40.563	1	4	2	186	2.111
2017-03-06 01:23:43.077	1	4	4	186	75.408
2017-03-06 01:24:00.615	1	4	1	186	25.5
2017-03-06 01:24:12.742	1	4	3	186	0
2017-03-06 01:24:12.771	1	4	2	186	1.986
2017-03-06 01:25:15.187	1	4	4	186	79.198
2017-03-06 01:25:32.676	1	4	1	186	23.8
2017-03-06 01:25:44.815	1	4	3	186	0
2017-03-06 01:25:44.845	1	4	2	186	1.965
2017-03-06 01:27:01.611	1	4	4	186	69.116
2017-03-06 01:27:19.108	1	4	1	186	22.8
2017-03-06 01:27:31.252	1	4	3	186	0
2017-03-06 01:27:31.294	1	4	2	186	2.01
2017-03-06 01:28:13.797	1	4	4	187	74.507
2017-03-06 01:28:31.308	1	4	1	187	28.1
2017-03-06 01:28:43.451	1	4	3	187	0
2017-03-06 01:28:43.480	1	4	2	187	2.073
2017-03-06 01:29:45.921	1	4	4	187	75.5
2017-03-06 01:30:03.588	1	4	1	187	\N
2017-03-06 01:30:15.643	1	4	3	187	\N
2017-03-06 01:30:15.695	1	4	2	187	\N
2017-03-06 01:31:18.091	1	4	4	187	89.706
2017-03-06 01:31:35.729	1	4	1	187	\N
2017-03-06 01:31:47.807	1	4	3	187	\N
2017-03-06 01:31:47.840	1	4	2	187	\N
2017-03-06 01:32:50.244	1	4	4	187	78.474
2017-03-06 01:33:07.790	1	4	1	187	27
2017-03-06 01:33:19.958	1	4	3	187	0
2017-03-06 01:33:19.987	1	4	2	187	2.184
2017-03-06 01:34:36.648	1	4	4	187	75.438
2017-03-06 01:34:54.186	1	4	1	187	24.9
2017-03-06 01:35:06.324	1	4	3	187	0
2017-03-06 01:35:06.356	1	4	2	187	2.032
2017-03-06 01:35:48.881	1	4	4	188	103.621
2017-03-06 01:36:06.395	1	4	1	188	24.3
2017-03-06 01:36:18.643	1	4	3	188	0
2017-03-06 01:36:18.706	1	4	2	188	2.002
2017-03-06 01:37:21.086	1	4	4	188	83.002
2017-03-06 01:37:38.680	1	4	1	188	19.8
2017-03-06 01:37:51.041	1	4	3	188	0
2017-03-06 01:37:51.072	1	4	2	188	2.016
2017-03-06 01:38:53.467	1	4	4	188	75.841
2017-03-06 01:39:11.025	1	4	1	188	17.6
2017-03-06 01:39:23.224	1	4	3	188	0
2017-03-06 01:39:23.255	1	4	2	188	1.993
2017-03-06 01:40:25.615	1	4	4	188	76.928
2017-03-06 01:40:43.256	1	4	1	188	21.9
2017-03-06 01:40:55.515	1	4	3	188	0
2017-03-06 01:40:55.545	1	4	2	188	1.996
2017-03-06 01:42:12.195	1	4	4	188	70.965
2017-03-06 01:42:29.726	1	4	1	188	27.9
2017-03-06 01:42:41.927	1	4	3	188	0
2017-03-06 01:42:41.956	1	4	2	188	1.89
2017-03-06 01:43:24.362	1	4	4	189	96.479
2017-03-06 01:43:42.020	1	4	1	189	22.3
2017-03-06 01:43:54.208	1	4	3	189	0
2017-03-06 01:43:54.238	1	4	2	189	2.086
2017-03-06 01:44:56.675	1	4	4	189	70.482
2017-03-06 01:45:14.212	1	4	1	189	24.9
2017-03-06 01:45:26.345	1	4	3	189	0
2017-03-06 01:45:26.381	1	4	2	189	1.928
2017-03-06 01:46:28.783	1	4	4	189	76.497
2017-03-06 01:46:46.333	1	4	1	189	\N
2017-03-06 01:46:58.391	1	4	3	189	\N
2017-03-06 01:46:58.417	1	4	2	189	\N
2017-03-06 01:48:00.795	1	4	4	189	75.696
2017-03-06 01:48:18.404	1	4	1	189	26.9
2017-03-06 01:48:30.559	1	4	3	189	0
2017-03-06 01:48:30.589	1	4	2	189	2.068
2017-03-06 01:49:47.173	1	4	4	189	69.96
2017-03-06 01:50:04.825	1	4	1	189	27.1
2017-03-06 01:50:16.969	1	4	3	189	0
2017-03-06 01:50:17.007	1	4	2	189	1.934
2017-03-06 01:50:59.402	1	4	4	190	74.885
2017-03-06 01:51:17.078	1	4	1	190	24.1
2017-03-06 01:51:29.249	1	4	3	190	0
2017-03-06 01:51:29.284	1	4	2	190	2.089
2017-03-06 01:52:31.732	1	4	4	190	72.38
2017-03-06 01:52:49.286	1	4	1	190	12.7
2017-03-06 01:53:01.456	1	4	3	190	0
2017-03-06 01:53:01.485	1	4	2	190	1.955
2017-03-06 01:54:03.901	1	4	4	190	68.016
2017-03-06 01:54:21.430	1	4	1	190	23.2
2017-03-06 01:54:33.583	1	4	3	190	0
2017-03-06 01:54:33.611	1	4	2	190	1.876
2017-03-06 01:55:36.041	1	4	4	190	73.437
2017-03-06 01:55:53.652	1	4	1	190	20.6
2017-03-06 01:56:05.895	1	4	3	190	0
2017-03-06 01:56:05.924	1	4	2	190	2.77
2017-03-06 01:57:22.453	1	4	4	190	70.58
2017-03-06 01:57:40.109	1	4	1	190	25
2017-03-06 01:57:52.327	1	4	3	190	0
2017-03-06 01:57:52.356	1	4	2	190	2.148
2017-03-06 01:58:34.790	1	4	4	191	69.754
2017-03-06 01:58:52.407	1	4	1	191	23.7
2017-03-06 01:59:04.612	1	4	3	191	0
2017-03-06 01:59:04.640	1	4	2	191	2.063
2017-03-06 02:00:07.014	1	4	4	191	100.66
2017-03-06 02:00:24.616	1	4	1	191	22
2017-03-06 02:00:36.872	1	4	3	191	0
2017-03-06 02:00:36.905	1	4	2	191	2.05
2017-03-06 02:01:39.345	1	4	4	191	75.422
2017-03-06 02:01:56.979	1	4	1	191	21.3
2017-03-06 02:02:09.362	1	4	3	191	0
2017-03-06 02:02:09.398	1	4	2	191	2.036
2017-03-06 02:03:11.865	1	4	4	191	69.924
2017-03-06 02:03:29.362	1	4	1	191	23.6
2017-03-06 02:03:41.634	1	4	3	191	0
2017-03-06 02:03:41.671	1	4	2	191	2.091
2017-03-06 02:04:58.294	1	4	4	191	77.007
2017-03-06 02:05:15.799	1	4	1	191	\N
2017-03-06 02:05:27.837	1	4	3	191	\N
2017-03-06 02:05:27.864	1	4	2	191	\N
2017-03-06 02:06:10.393	1	4	4	192	75.382
2017-03-06 02:06:27.884	1	4	1	192	18.7
2017-03-06 02:06:40.016	1	4	3	192	0
2017-03-06 02:06:40.046	1	4	2	192	2.33
2017-03-06 02:07:42.483	1	4	4	192	76.559
2017-03-06 02:08:00.110	1	4	1	192	22.1
2017-03-06 02:08:12.316	1	4	3	192	0
2017-03-06 02:08:12.350	1	4	2	192	2.157
2017-03-06 02:09:14.736	1	4	4	192	71.544
2017-03-06 02:09:32.316	1	4	1	192	21.4
2017-03-06 02:09:44.465	1	4	3	192	0
2017-03-06 02:09:44.500	1	4	2	192	1.956
2017-03-06 02:10:46.988	1	4	4	192	71.437
2017-03-06 02:11:04.512	1	4	1	192	23.2
2017-03-06 02:11:16.646	1	4	3	192	0
2017-03-06 02:11:16.681	1	4	2	192	1.938
2017-03-06 02:12:33.286	1	4	4	192	74.453
2017-03-06 02:12:50.772	1	4	1	192	26
2017-03-06 02:13:02.939	1	4	3	192	0
2017-03-06 02:13:02.973	1	4	2	192	1.995
2017-03-06 02:13:45.487	1	4	4	193	68.897
2017-03-06 02:14:02.975	1	4	1	193	24.7
2017-03-06 02:14:15.198	1	4	3	193	0
2017-03-06 02:14:15.324	1	4	2	193	2.067
2017-03-06 02:15:17.740	1	4	4	193	73.72
2017-03-06 02:15:35.409	1	4	1	193	24.8
2017-03-06 02:15:47.484	1	4	3	193	\N
2017-03-06 02:15:47.517	1	4	2	193	\N
2017-03-06 02:16:49.996	1	4	4	193	91.41
2017-03-06 02:17:07.629	1	4	1	193	24.9
2017-03-06 02:17:19.833	1	4	3	193	0
2017-03-06 02:17:19.863	1	4	2	193	2.238
2017-03-06 02:18:22.326	1	4	4	193	74.469
2017-03-06 02:18:39.935	1	4	1	193	20.7
2017-03-06 02:18:52.053	1	4	3	193	\N
2017-03-06 02:18:52.093	1	4	2	193	\N
2017-03-06 02:20:08.899	1	4	4	193	72.727
2017-03-06 02:20:26.510	1	4	1	193	23.8
2017-03-06 02:20:38.659	1	4	3	193	0
2017-03-06 02:20:38.695	1	4	2	193	1.994
2017-03-06 02:21:21.184	1	4	4	194	68.833
2017-03-06 02:21:38.775	1	4	1	194	20.9
2017-03-06 02:21:50.957	1	4	3	194	0
2017-03-06 02:21:50.986	1	4	2	194	2.402
2017-03-06 02:22:53.325	1	4	4	194	75.355
2017-03-06 02:23:10.893	1	4	1	194	22.4
2017-03-06 02:23:23.060	1	4	3	194	0
2017-03-06 02:23:23.102	1	4	2	194	2.112
2017-03-06 02:24:25.513	1	4	4	194	69.241
2017-03-06 02:24:43.117	1	4	1	194	23
2017-03-06 02:24:55.285	1	4	3	194	0
2017-03-06 02:24:55.315	1	4	2	194	2.05
2017-03-06 02:25:57.708	1	4	4	194	76.567
2017-03-06 02:26:15.318	1	4	1	194	20
2017-03-06 02:26:27.633	1	4	3	194	0
2017-03-06 02:26:27.663	1	4	2	194	2.114
2017-03-06 02:27:44.300	1	4	4	194	69.006
2017-03-06 02:28:01.923	1	4	1	194	\N
2017-03-06 02:28:13.981	1	4	3	194	\N
2017-03-06 02:28:14.019	1	4	2	194	\N
2017-03-06 02:29:34.604	1	4	4	195	72.909
2017-03-06 02:29:52.194	1	4	1	195	\N
2017-03-06 02:30:04.254	1	4	3	195	\N
2017-03-06 02:30:04.304	1	4	2	195	\N
2017-03-06 02:31:06.809	1	4	4	195	68.583
2017-03-06 02:31:24.329	1	4	1	195	\N
2017-03-06 02:31:36.389	1	4	3	195	\N
2017-03-06 02:31:36.438	1	4	2	195	\N
2017-03-06 02:32:38.879	1	4	4	195	77.313
2017-03-06 02:32:56.404	1	4	1	195	25.1
2017-03-06 02:33:08.559	1	4	3	195	0
2017-03-06 02:33:08.593	1	4	2	195	1.808
2017-03-06 02:34:11.016	1	4	4	195	74.832
2017-03-06 02:34:28.563	1	4	1	195	24.6
2017-03-06 02:34:40.778	1	4	3	195	0
2017-03-06 02:34:40.810	1	4	2	195	1.947
2017-03-06 02:35:57.545	1	4	4	195	74.449
2017-03-06 02:36:15.157	1	4	1	195	23.3
2017-03-06 02:36:27.337	1	4	3	195	0
2017-03-06 02:36:27.374	1	4	2	195	2.093
2017-03-06 02:37:09.838	1	4	4	196	69.002
2017-03-06 02:37:27.485	1	4	1	196	25.5
2017-03-06 02:37:39.702	1	4	3	196	0
2017-03-06 02:37:39.733	1	4	2	196	1.979
2017-03-06 02:38:42.160	1	4	4	196	78.767
2017-03-06 02:38:59.772	1	4	1	196	26.9
2017-03-06 02:39:11.979	1	4	3	196	0
2017-03-06 02:39:12.010	1	4	2	196	2.061
2017-03-06 02:40:14.506	1	4	4	196	67.677
2017-03-06 02:40:32.065	1	4	1	196	21
2017-03-06 02:40:44.142	1	4	3	196	\N
2017-03-06 02:40:44.172	1	4	2	196	\N
2017-03-06 02:41:46.631	1	4	4	196	72.707
2017-03-06 02:42:04.236	1	4	1	196	19.5
2017-03-06 02:42:16.402	1	4	3	196	0
2017-03-06 02:42:16.435	1	4	2	196	2.312
2017-03-06 02:43:33.140	1	4	4	196	74.194
2017-03-06 02:43:50.720	1	4	1	196	19.1
2017-03-06 02:44:02.885	1	4	3	196	0
2017-03-06 02:44:02.920	1	4	2	196	2.217
2017-03-06 02:44:45.384	1	4	4	197	81.269
2017-03-06 02:45:02.911	1	4	1	197	25
2017-03-06 02:45:15.087	1	4	3	197	0
2017-03-06 02:45:15.121	1	4	2	197	2.155
2017-03-06 02:46:17.536	1	4	4	197	69.708
2017-03-06 02:46:35.100	1	4	1	197	\N
2017-03-06 02:46:47.170	1	4	3	197	\N
2017-03-06 02:46:47.223	1	4	2	197	\N
2017-03-06 02:47:49.719	1	4	4	197	91.13
2017-03-06 02:48:07.350	1	4	1	197	23.7
2017-03-06 02:48:19.564	1	4	3	197	0
2017-03-06 02:48:19.602	1	4	2	197	1.952
2017-03-06 02:49:22.040	1	4	4	197	73.212
2017-03-06 02:49:39.624	1	4	1	197	24.3
2017-03-06 02:49:51.707	1	4	3	197	\N
2017-03-06 02:49:51.740	1	4	2	197	\N
2017-03-06 02:51:08.425	1	4	4	197	72.947
2017-03-06 02:51:25.929	1	4	1	197	22.4
2017-03-06 02:51:38.075	1	4	3	197	0
2017-03-06 02:51:38.108	1	4	2	197	2.134
2017-03-06 02:52:20.730	1	4	4	198	69.19
2017-03-06 02:52:38.247	1	4	1	198	23.6
2017-03-06 02:52:50.385	1	4	3	198	0
2017-03-06 02:52:50.419	1	4	2	198	2.152
2017-03-06 02:53:52.837	1	4	4	198	69.13
2017-03-06 02:54:10.512	1	4	1	198	21.2
2017-03-06 02:54:22.633	1	4	3	198	\N
2017-03-06 02:54:22.661	1	4	2	198	\N
2017-03-06 02:55:25.058	1	4	4	198	71.526
2017-03-06 02:55:42.663	1	4	1	198	21.8
2017-03-06 02:55:54.843	1	4	3	198	0
2017-03-06 02:55:54.874	1	4	2	198	2.052
2017-03-06 02:56:57.338	1	4	4	198	80.841
2017-03-06 02:57:14.986	1	4	1	198	23.6
2017-03-06 02:57:27.165	1	4	3	198	0
2017-03-06 02:57:27.197	1	4	2	198	2.155
2017-03-06 02:58:43.915	1	4	4	198	74.312
2017-03-06 02:59:01.429	1	4	1	198	27.5
2017-03-06 02:59:13.605	1	4	3	198	0
2017-03-06 02:59:13.641	1	4	2	198	1.945
2017-03-06 02:59:56.061	1	4	4	199	73.382
2017-03-06 03:00:13.632	1	4	1	199	15
2017-03-06 03:00:27.710	1	4	3	199	\N
2017-03-06 03:00:27.745	1	4	2	199	\N
2017-03-06 03:01:30.192	1	4	4	199	74.23
2017-03-06 03:01:47.720	1	4	1	199	\N
2017-03-06 03:01:59.762	1	4	3	199	\N
2017-03-06 03:01:59.793	1	4	2	199	\N
2017-03-06 03:03:02.190	1	4	4	199	75.247
2017-03-06 03:03:19.777	1	4	1	199	25.6
2017-03-06 03:03:31.937	1	4	3	199	0
2017-03-06 03:03:31.974	1	4	2	199	2.009
2017-03-06 03:04:34.398	1	4	4	199	72.641
2017-03-06 03:04:52.127	1	4	1	199	15.9
2017-03-06 03:05:04.273	1	4	3	199	0
2017-03-06 03:05:04.308	1	4	2	199	1.993
2017-03-06 03:06:20.969	1	4	4	199	94.773
2017-03-06 03:06:38.564	1	4	1	199	16.2
2017-03-06 03:06:50.776	1	4	3	199	0
2017-03-06 03:06:50.809	1	4	2	199	2.139
2017-03-06 03:07:33.238	1	4	4	200	74.554
2017-03-06 03:07:50.787	1	4	1	200	21.8
2017-03-06 03:08:02.980	1	4	3	200	0
2017-03-06 03:08:03.013	1	4	2	200	2.028
2017-03-06 03:09:05.445	1	4	4	200	68.617
2017-03-06 03:09:23.018	1	4	1	200	18.1
2017-03-06 03:09:35.165	1	4	3	200	0
2017-03-06 03:09:35.198	1	4	2	200	2.328
2017-03-06 03:10:37.594	1	4	4	200	68.91
2017-03-06 03:10:55.099	1	4	1	200	20.4
2017-03-06 03:11:07.289	1	4	3	200	0
2017-03-06 03:11:07.328	1	4	2	200	1.779
2017-03-06 03:12:09.734	1	4	4	200	78.322
2017-03-06 03:12:27.316	1	4	1	200	24.9
2017-03-06 03:12:39.546	1	4	3	200	0
2017-03-06 03:12:39.581	1	4	2	200	1.766
2017-03-06 03:13:56.342	1	4	4	200	73.188
2017-03-06 03:14:14.054	1	4	1	200	23.6
2017-03-06 03:14:26.244	1	4	3	200	0
2017-03-06 03:14:26.276	1	4	2	200	2.062
2017-03-06 03:15:08.681	1	4	4	201	69.856
2017-03-06 03:15:26.247	1	4	1	201	26.3
2017-03-06 03:15:38.463	1	4	3	201	0
2017-03-06 03:15:38.496	1	4	2	201	2.122
2017-03-06 03:16:40.844	1	4	4	201	72.509
2017-03-06 05:53:51.691	1	4	4	202	74.817
2017-03-06 06:03:36.576	1	4	4	203	189.534
2017-03-06 06:03:54.225	1	4	1	203	1.13
2017-03-06 06:04:06.391	1	4	3	203	16
2017-03-06 06:04:06.426	1	4	2	203	16.074
2017-03-06 06:05:08.800	1	4	4	203	186.18
2017-03-06 06:05:26.337	1	4	1	203	0.9
2017-03-06 06:05:38.502	1	4	3	203	8
2017-03-06 06:05:38.540	1	4	2	203	14.37
2017-03-06 06:06:40.903	1	4	4	203	168.428
2017-03-06 06:06:58.466	1	4	1	203	0.75
2017-03-06 06:07:10.626	1	4	3	203	0
2017-03-06 06:07:10.658	1	4	2	203	11.79
2017-03-06 06:08:13.048	1	4	4	203	230.448
2017-03-06 06:08:30.778	1	4	1	203	0.77
2017-03-06 06:08:45.772	1	4	3	203	0
2017-03-06 06:08:45.802	1	4	2	203	16.688
2017-03-06 06:10:34.932	1	4	4	204	153.443
2017-03-06 06:10:52.488	1	4	1	204	0.45
2017-03-06 06:11:04.664	1	4	3	204	0
2017-03-06 06:11:04.698	1	4	2	204	18.821
2017-03-06 06:12:07.049	1	4	4	204	157.391
2017-03-06 06:12:24.602	1	4	1	204	2.02
2017-03-06 06:12:36.753	1	4	3	204	0
2017-03-06 06:12:36.785	1	4	2	204	3.919
2017-03-06 06:13:39.146	1	4	4	204	147.24
2017-03-06 06:13:56.692	1	4	1	204	1.79
2017-03-06 06:14:08.894	1	4	3	204	0
2017-03-06 06:14:08.929	1	4	2	204	5.68
2017-03-06 06:15:11.295	1	4	4	204	232.372
2017-03-06 06:15:28.815	1	4	1	204	2.09
2017-03-06 06:15:41.866	1	4	3	204	0
2017-03-06 06:15:41.904	1	4	2	204	3.711
2017-03-06 06:16:58.616	1	4	4	204	101.653
2017-03-06 06:17:16.165	1	4	1	204	2.18
2017-03-06 06:17:28.312	1	4	3	204	0
2017-03-06 06:17:28.344	1	4	2	204	8.552
2017-03-06 06:18:11.264	1	4	4	205	163.511
2017-03-06 06:18:28.787	1	4	1	205	1.27
2017-03-06 06:18:40.958	1	4	3	205	0
2017-03-06 06:18:40.991	1	4	2	205	6.359
2017-03-06 06:19:43.362	1	4	4	205	269.476
2017-03-06 06:20:00.892	1	4	1	205	1.71
2017-03-06 06:20:13.055	1	4	3	205	24
2017-03-06 06:20:13.088	1	4	2	205	20.211
2017-03-06 06:21:15.454	1	4	4	205	162.729
2017-03-06 06:21:32.961	1	4	1	205	1.72
2017-03-06 06:21:45.106	1	4	3	205	0
2017-03-06 06:21:45.145	1	4	2	205	4.589
2017-03-06 06:22:47.490	1	4	4	205	190.081
2017-03-06 06:23:05.037	1	4	1	205	2.72
2017-03-06 06:23:17.215	1	4	3	205	1.4
2017-03-06 06:23:17.247	1	4	2	205	3.687
2017-03-06 06:24:33.852	1	4	4	205	141.08
2017-03-06 06:24:51.411	1	4	1	205	2.47
2017-03-06 06:25:04.554	1	4	3	205	0
2017-03-06 06:25:04.600	1	4	2	205	3.704
2017-03-06 06:25:47.037	1	4	4	206	161.673
2017-03-06 06:26:04.570	1	4	1	206	1.42
2017-03-06 06:26:17.059	1	4	3	206	13
2017-03-06 06:26:17.094	1	4	2	206	16.877
2017-03-06 06:27:19.434	1	4	4	206	193.861
2017-03-06 06:27:36.943	1	4	1	206	0.55
2017-03-06 06:27:49.091	1	4	3	206	0
2017-03-06 06:27:49.122	1	4	2	206	21.955
2017-03-06 06:28:51.458	1	4	4	206	223.235
2017-03-06 06:29:08.967	1	4	1	206	0.92
2017-03-06 06:29:21.105	1	4	3	206	0
2017-03-06 06:29:21.135	1	4	2	206	7.232
2017-03-06 06:30:23.496	1	4	4	206	160.258
2017-03-06 06:30:40.995	1	4	1	206	1.5
2017-03-06 06:30:53.138	1	4	3	206	0
2017-03-06 06:30:53.168	1	4	2	206	1.433
2017-03-06 06:32:09.752	1	4	4	206	214.083
2017-03-06 06:32:27.255	1	4	1	206	1.24
2017-03-06 06:32:40.310	1	4	3	206	33
2017-03-06 06:32:40.341	1	4	2	206	23.758
2017-03-06 06:33:22.743	1	4	4	207	174.813
2017-03-06 06:33:40.253	1	4	1	207	0.33
2017-03-06 06:33:52.390	1	4	3	207	0
2017-03-06 06:33:52.420	1	4	2	207	21.751
2017-03-06 06:34:54.757	1	4	4	207	149.604
2017-03-06 06:35:12.299	1	4	1	207	2.1
2017-03-06 06:35:24.462	1	4	3	207	0
2017-03-06 06:35:24.494	1	4	2	207	3.644
2017-03-06 06:36:26.852	1	4	4	207	234.301
2017-03-06 06:36:44.366	1	4	1	207	1.66
2017-03-06 06:36:56.517	1	4	3	207	0
2017-03-06 06:36:56.547	1	4	2	207	3.76
2017-03-06 06:37:58.911	1	4	4	207	117.607
2017-03-06 06:38:16.410	1	4	1	207	2.19
2017-03-06 06:38:29.649	1	4	3	207	0
2017-03-06 06:38:29.677	1	4	2	207	8.516
2017-03-09 03:05:44.515	1	4	4	208	185.751
2017-03-09 03:06:02.062	1	4	1	208	0.72
2017-03-09 03:06:14.252	1	4	3	208	14
2017-03-09 03:06:14.289	1	4	2	208	19.913
2017-03-09 03:07:31.249	1	4	4	208	246.01
2017-03-09 03:07:48.825	1	4	1	208	0.56
2017-03-09 03:08:01.931	1	4	3	208	6.7
2017-03-09 03:08:02.592	1	4	2	208	14.452
2017-03-09 03:09:10.885	1	4	4	208	166.484
2017-03-09 03:09:28.519	1	4	1	208	0.37
2017-03-09 03:09:40.754	1	4	3	208	0
2017-03-09 03:09:40.798	1	4	2	208	9.986
2017-03-09 03:10:49.158	1	4	4	208	233.672
2017-03-09 03:11:06.787	1	4	1	208	0.49
2017-03-09 03:11:18.984	1	4	3	208	2.6
2017-03-09 03:11:19.024	1	4	2	208	11.145
2017-03-09 03:13:05.379	1	4	4	208	239.643
2017-03-09 03:13:22.972	1	4	1	208	0.35
2017-03-09 03:13:35.201	1	4	3	208	0
2017-03-09 03:13:35.247	1	4	2	208	10.559
2017-03-09 03:14:29.835	1	4	4	209	242.211
2017-03-09 03:14:47.451	1	4	1	209	0.31
2017-03-09 03:14:59.644	1	4	3	209	0
2017-03-09 03:14:59.684	1	4	2	209	10.16
2017-03-09 03:16:08.703	1	4	4	209	234.673
2017-03-09 03:16:26.270	1	4	1	209	0.38
2017-03-09 03:16:38.471	1	4	3	209	0
2017-03-09 03:16:38.505	1	4	2	209	8.876
2017-03-09 03:17:47.162	1	4	4	209	179.463
2017-03-09 03:18:04.810	1	4	1	209	0.53
2017-03-09 03:18:17.007	1	4	3	209	1.3
2017-03-09 03:18:17.046	1	4	2	209	12.608
2017-03-09 03:19:25.235	1	4	4	209	218.561
2017-03-09 03:19:42.820	1	4	1	209	0.44
2017-03-09 03:19:54.994	1	4	3	209	0
2017-03-09 03:19:55.038	1	4	2	209	8.729
2017-03-09 03:21:40.141	1	4	4	209	238.424
2017-03-09 03:21:57.716	1	4	1	209	0.4
2017-03-09 03:22:09.874	1	4	3	209	0
2017-03-09 03:22:09.911	1	4	2	209	20.56
2017-03-09 03:23:04.514	1	4	4	210	239.384
2017-03-09 03:23:22.055	1	4	1	210	0.44
2017-03-09 03:23:34.218	1	4	3	210	0
2017-03-09 03:23:34.256	1	4	2	210	6.005
2017-03-09 03:24:51.857	1	4	4	210	181.864
2017-03-09 03:26:38.688	1	4	4	211	195.867
2017-03-09 03:26:56.386	1	4	1	211	0.21
2017-03-09 03:27:08.614	1	4	3	211	26
2017-03-09 03:27:08.655	1	4	2	211	23.629
2017-03-09 03:28:25.955	1	4	4	211	337.327
2017-03-09 03:28:43.542	1	4	1	211	0.17
2017-03-09 03:28:55.730	1	4	3	211	36
2017-03-09 03:28:55.766	1	4	2	211	50.813
2017-03-09 03:30:04.250	1	4	4	211	181.713
2017-03-09 03:30:21.788	1	4	1	211	\N
2017-03-09 03:30:33.836	1	4	3	211	\N
2017-03-09 03:30:33.867	1	4	2	211	\N
2017-03-09 03:31:42.412	1	4	4	211	243.919
2017-03-09 03:32:00.697	1	4	1	211	0.17
2017-03-09 03:32:12.853	1	4	3	211	29
2017-03-09 03:32:12.895	1	4	2	211	40.224
2017-03-09 03:48:30.300	1	4	4	212	120.874
2017-03-09 03:48:47.875	1	4	1	212	0.75
2017-03-09 03:49:00.042	1	4	3	212	16
2017-03-09 03:49:00.079	1	4	2	212	16.897
2017-03-09 03:50:17.055	1	4	4	212	240.989
2017-03-09 03:50:34.605	1	4	1	212	0.79
2017-03-09 03:50:49.069	1	4	3	212	15
2017-03-09 03:50:49.120	1	4	2	212	21.929
2017-03-09 03:51:57.296	1	4	4	212	291.987
2017-03-09 03:52:14.820	1	4	1	212	0.72
2017-03-09 03:52:27.025	1	4	3	212	0
2017-03-09 03:52:27.068	1	4	2	212	11.319
2017-03-09 03:53:35.228	1	4	4	212	222.374
2017-03-09 03:53:52.783	1	4	1	212	0.68
2017-03-09 03:54:04.934	1	4	3	212	0
2017-03-09 03:54:04.966	1	4	2	212	19.555
2017-03-09 03:55:50.596	1	4	4	212	223.467
2017-03-09 03:56:08.146	1	4	1	212	0.71
2017-03-09 03:56:20.336	1	4	3	212	0
2017-03-09 03:56:20.372	1	4	2	212	15.223
2017-03-09 03:57:14.861	1	4	4	213	158.342
2017-03-09 03:57:32.428	1	4	1	213	0.41
2017-03-09 03:57:44.621	1	4	3	213	0
2017-03-09 03:57:44.661	1	4	2	213	17.338
2017-03-09 03:59:00.733	1	4	4	213	170.459
2017-03-09 03:59:19.838	1	4	1	213	0.9
2017-03-09 03:59:32.013	1	4	3	213	0
2017-03-09 03:59:32.050	1	4	2	213	13.115
2017-03-09 04:00:40.308	1	4	4	213	247.999
2017-03-09 04:00:57.846	1	4	1	213	0.76
2017-03-09 04:01:10.019	1	4	3	213	19
2017-03-09 04:01:10.059	1	4	2	213	18.956
2017-03-09 04:02:18.431	1	4	4	213	250.568
2017-03-09 04:02:35.974	1	4	1	213	0.34
2017-03-09 04:02:48.165	1	4	3	213	0
2017-03-09 04:02:48.199	1	4	2	213	7.735
2017-03-09 04:04:33.354	1	4	4	213	257.342
2017-03-09 04:04:50.839	1	4	1	213	\N
2017-03-09 04:05:02.894	1	4	3	213	\N
2017-03-09 04:05:02.924	1	4	2	213	\N
2017-03-09 04:05:57.692	1	4	4	214	\N
2017-03-09 04:06:15.212	1	4	1	214	\N
2017-03-09 04:06:27.261	1	4	3	214	\N
2017-03-09 04:06:27.292	1	4	2	214	\N
2017-03-09 04:07:36.058	1	4	4	214	\N
2017-03-09 04:07:53.598	1	4	1	214	\N
2017-03-09 04:08:05.642	1	4	3	214	\N
2017-03-09 04:08:05.678	1	4	2	214	\N
2017-03-09 04:09:14.046	1	4	4	214	170.116
2017-03-09 04:09:31.627	1	4	1	214	\N
2017-03-09 04:09:43.671	1	4	3	214	\N
2017-03-09 04:09:43.713	1	4	2	214	\N
2017-03-09 04:10:52.165	1	4	4	214	245.901
2017-03-09 04:11:10.483	1	4	1	214	\N
2017-03-09 04:11:22.529	1	4	3	214	\N
2017-03-09 04:11:22.778	1	4	2	214	\N
2017-03-09 04:13:08.093	1	4	4	214	319.218
2017-03-09 04:13:25.627	1	4	1	214	\N
2017-03-09 04:13:37.670	1	4	3	214	\N
2017-03-09 04:13:37.702	1	4	2	214	\N
2017-03-09 04:14:32.313	1	4	4	215	184.228
2017-03-09 04:14:49.843	1	4	1	215	0.56
2017-03-09 04:15:02.006	1	4	3	215	0
2017-03-09 04:15:02.041	1	4	2	215	20.651
2017-03-09 04:16:19.035	1	4	4	215	234.752
2017-03-09 04:16:36.570	1	4	1	215	0.5
2017-03-09 04:16:48.758	1	4	3	215	0
2017-03-09 04:16:48.790	1	4	2	215	14.368
2017-03-09 04:17:57.371	1	4	4	215	241.078
2017-03-09 04:18:14.931	1	4	1	215	0.53
2017-03-09 04:18:27.110	1	4	3	215	0
2017-03-09 04:18:27.151	1	4	2	215	26.342
2017-03-09 04:19:35.677	1	4	4	215	170.353
2017-03-09 04:19:53.245	1	4	1	215	0.5
2017-03-09 04:20:05.422	1	4	3	215	0
2017-03-09 04:20:05.530	1	4	2	215	15.322
2017-03-09 04:21:50.956	1	4	4	215	253.1
2017-03-09 04:22:08.521	1	4	1	215	0.86
2017-03-09 04:22:20.733	1	4	3	215	0
2017-03-09 04:22:20.775	1	4	2	215	14.987
2017-03-09 04:23:15.408	1	4	4	216	228.496
2017-03-09 04:23:32.954	1	4	1	216	0.84
2017-03-09 04:23:45.168	1	4	3	216	0
2017-03-09 04:23:45.201	1	4	2	216	14.06
2017-03-09 04:25:01.275	1	4	4	216	150.232
2017-03-09 04:25:18.780	1	4	1	216	\N
2017-03-09 04:25:30.821	1	4	3	216	\N
2017-03-09 04:25:30.852	1	4	2	216	\N
2017-03-09 04:26:39.336	1	4	4	216	156.454
2017-03-09 04:26:56.906	1	4	1	216	0.83
2017-03-09 04:27:09.063	1	4	3	216	0
2017-03-09 04:27:09.094	1	4	2	216	3.797
2017-03-09 04:28:17.796	1	4	4	216	160.605
2017-03-09 04:28:35.316	1	4	1	216	0.67
2017-03-09 04:28:47.505	1	4	3	216	0
2017-03-09 04:28:47.534	1	4	2	216	17.189
2017-03-09 04:30:32.963	1	4	4	216	172.882
2017-03-09 04:30:50.521	1	4	1	216	0.74
2017-03-09 04:31:02.716	1	4	3	216	0
2017-03-09 04:31:02.746	1	4	2	216	18.669
2017-03-09 04:31:57.314	1	4	4	217	217.988
2017-03-09 04:32:14.877	1	4	1	217	0.3
2017-03-09 04:32:27.035	1	4	3	217	0
2017-03-09 04:32:27.070	1	4	2	217	20.9
2017-03-09 04:33:44.545	1	4	4	217	227.533
2017-03-09 04:34:02.077	1	4	1	217	0.68
2017-03-09 04:34:14.245	1	4	3	217	0
2017-03-09 04:34:14.282	1	4	2	217	14.387
2017-03-09 04:35:22.767	1	4	4	217	230.322
2017-03-09 04:35:40.300	1	4	1	217	0.63
2017-03-09 04:35:52.487	1	4	3	217	0
2017-03-09 04:35:52.527	1	4	2	217	30.925
2017-03-09 04:37:01.299	1	4	4	217	237.967
2017-03-09 04:37:18.861	1	4	1	217	0.91
2017-03-09 04:37:31.022	1	4	3	217	0
2017-03-09 04:37:31.056	1	4	2	217	23.87
2017-03-09 04:39:16.110	1	4	4	217	223.9
2017-03-09 04:39:33.666	1	4	1	217	0.65
2017-03-09 04:39:45.881	1	4	3	217	0
2017-03-09 04:39:45.913	1	4	2	217	33.117
2017-03-09 04:40:40.417	1	4	4	218	174.233
2017-03-09 04:40:57.967	1	4	1	218	0.68
2017-03-09 04:41:10.121	1	4	3	218	12
2017-03-09 04:41:10.149	1	4	2	218	11.876
2017-03-09 04:42:28.005	1	4	4	218	168.324
2017-03-09 04:42:45.575	1	4	1	218	0.78
2017-03-09 04:42:57.777	1	4	3	218	0
2017-03-09 04:42:57.814	1	4	2	218	25.541
2017-03-09 04:44:06.453	1	4	4	218	102.884
2017-03-09 04:44:23.995	1	4	1	218	0.88
2017-03-09 04:44:36.150	1	4	3	218	0
2017-03-09 04:44:36.180	1	4	2	218	10.567
2017-03-09 04:45:44.714	1	4	4	218	213.178
2017-03-09 04:46:02.322	1	4	1	218	0.73
2017-03-09 04:46:14.624	1	4	3	218	0
2017-03-09 04:46:14.659	1	4	2	218	12.099
2017-03-09 04:48:00.336	1	4	4	218	222.297
2017-03-09 04:48:17.891	1	4	1	218	0.73
2017-03-09 04:48:30.092	1	4	3	218	0
2017-03-09 04:48:30.144	1	4	2	218	16.626
2017-03-09 04:49:24.666	1	4	4	219	155.095
2017-03-09 04:49:42.228	1	4	1	219	0.55
2017-03-09 04:49:54.461	1	4	3	219	0
2017-03-09 04:49:54.490	1	4	2	219	9.395
2017-03-09 04:51:10.784	1	4	4	219	224.985
2017-03-09 04:51:28.349	1	4	1	219	\N
2017-03-09 21:48:50.343	1	4	4	220	121.066
2017-03-09 21:49:07.902	1	4	1	220	2.2
2017-03-09 21:49:21.378	1	4	3	220	0
2017-03-09 21:49:24.976	1	4	2	220	7.996
2017-03-09 21:50:34.000	1	4	4	220	239.877
2017-03-09 21:50:51.520	1	4	1	220	1.6
2017-03-09 21:51:03.719	1	4	3	220	0
2017-03-09 21:51:03.750	1	4	2	220	15.6
2017-03-09 21:52:12.479	1	4	4	220	239.627
2017-03-09 21:52:30.014	1	4	1	220	0.32
2017-03-09 21:52:42.184	1	4	3	220	8.2
2017-03-09 21:52:42.215	1	4	2	220	20.567
2017-03-09 21:53:50.507	1	4	4	220	245.436
2017-03-09 21:54:08.039	1	4	1	220	0.47
2017-03-09 21:54:21.607	1	4	3	220	0
2017-03-09 21:54:21.642	1	4	2	220	10.53
2017-03-09 21:56:08.129	1	4	4	220	186.473
2017-03-09 21:56:25.879	1	4	1	220	0.72
2017-03-09 21:56:38.035	1	4	3	220	0
2017-03-09 21:56:38.068	1	4	2	220	15.487
2017-03-09 21:57:32.702	1	4	4	221	238.391
2017-03-09 21:57:50.241	1	4	1	221	0.55
2017-03-09 21:58:02.420	1	4	3	221	0
2017-03-09 21:58:02.458	1	4	2	221	19.132
2017-03-09 21:59:19.916	1	4	4	221	213.734
2017-03-09 21:59:37.453	1	4	1	221	0.68
2017-03-09 21:59:49.621	1	4	3	221	0
2017-03-09 21:59:49.667	1	4	2	221	7.024
2017-03-09 22:00:58.353	1	4	4	221	168.074
2017-03-09 22:01:15.889	1	4	1	221	0.41
2017-03-09 22:01:28.057	1	4	3	221	0
2017-03-09 22:01:28.091	1	4	2	221	18.945
2017-03-09 22:02:36.623	1	4	4	221	183.354
2017-03-09 22:02:54.179	1	4	1	221	0.12
2017-03-09 22:03:06.353	1	4	3	221	54
2017-03-09 22:03:06.386	1	4	2	221	186.136
2017-03-09 22:04:52.692	1	4	4	221	\N
2017-03-09 22:05:10.209	1	4	1	221	\N
2017-03-09 22:05:22.263	1	4	3	221	\N
2017-03-09 22:05:22.296	1	4	2	221	\N
2017-03-09 22:06:16.800	1	4	4	222	\N
2017-03-09 22:06:34.314	1	4	1	222	\N
2017-03-09 22:06:47.839	1	4	3	222	\N
2017-03-09 22:06:47.873	1	4	2	222	\N
2017-03-09 22:07:58.268	1	4	4	222	243.996
2017-03-09 22:08:15.822	1	4	1	222	\N
2017-03-09 22:08:27.875	1	4	3	222	\N
2017-03-09 22:08:27.908	1	4	2	222	\N
2017-03-09 22:09:36.276	1	4	4	222	\N
2017-03-09 22:09:53.841	1	4	1	222	0.35
2017-03-09 22:10:06.011	1	4	3	222	0
2017-03-09 22:10:06.045	1	4	2	222	39.099
2017-03-09 22:11:14.543	1	4	4	222	315.945
2017-03-09 22:11:32.070	1	4	1	222	0.47
2017-03-09 22:11:44.229	1	4	3	222	0
2017-03-09 22:11:44.268	1	4	2	222	15.231
2017-03-09 22:13:30.080	1	4	4	222	170.797
2017-03-09 22:13:47.614	1	4	1	222	\N
2017-03-09 22:13:59.682	1	4	3	222	\N
2017-03-09 22:13:59.713	1	4	2	222	\N
2017-03-09 22:14:54.407	1	4	4	223	185.724
2017-03-09 22:15:11.946	1	4	1	223	\N
2017-03-09 22:15:23.991	1	4	3	223	\N
2017-03-09 22:15:24.026	1	4	2	223	\N
2017-03-09 22:16:40.508	1	4	4	223	201.225
2017-03-09 22:16:58.036	1	4	1	223	2.61
2017-03-09 22:17:11.828	1	4	3	223	0
2017-03-09 22:17:11.926	1	4	2	223	3.106
2017-03-09 22:18:22.039	1	4	4	223	207.758
2017-03-09 22:18:39.582	1	4	1	223	\N
2017-03-09 22:18:51.624	1	4	3	223	\N
2017-03-09 22:18:51.669	1	4	2	223	\N
2017-03-09 22:20:00.276	1	4	4	223	168.782
2017-03-09 22:20:17.819	1	4	1	223	2.56
2017-03-09 22:20:29.971	1	4	3	223	6.8
2017-03-09 22:20:30.002	1	4	2	223	8.461
2017-03-09 22:22:15.500	1	4	4	223	204.927
2017-03-09 22:22:33.050	1	4	1	223	2.29
2017-03-09 22:22:45.249	1	4	3	223	0
2017-03-09 22:22:45.877	1	4	2	223	3.722
2017-03-09 22:23:40.419	1	4	4	224	184.439
2017-03-09 22:23:58.038	1	4	1	224	1.61
2017-03-09 22:24:10.463	1	4	3	224	0
2017-03-09 22:24:11.305	1	4	2	224	3.839
2017-03-09 22:25:27.749	1	4	4	224	242.632
2017-03-09 22:25:45.311	1	4	1	224	1.33
2017-03-09 22:25:58.630	1	4	3	224	19
2017-03-09 22:25:58.678	1	4	2	224	22.818
2017-03-09 22:27:07.090	1	4	4	224	190.547
