Latitude,Longitude,,,
45 41 94.93,-110 55 25.55,,,
45 41 95.17,-110 55 24.65,,,
45 41 95.44,-110 55 23.71,,,
45 41 95.72,-110 55 22.75,,,
45 41 95.99,-110 55 21.18,,,
45 41 96.23,-110 55 20.85,,,
45 41 96.46,-110 55 19.99,,,
45 41 96.64,-110 55 18.89,,,
45 41 96.77,-110 55 17.82,,,
45 41 96.85,-110 55 16.66,,,
45 41 96.89,-110 55 15.43,,,
45 41 96.88,-110 55 14.15,,,
45 41 96.85,-110 55 12.83,,,
45 41 96.68,-110 55 11.49,,,
45 41 96.73,-110 55 10.17,,,
45 41 96.61,-110 55 89.92,,,
45 41 96.44,-110 55 77.74,,,
45 41 96.22,-110 55 66.66,,,
45 41 95.96,-110 55 54.47,,,
45 41 95.68,-110 55 43.36,,,
45 41 95.38,-110 55 32.25,,,
45 41 95.07,-110 55 21.15,,,
45 41 94.73,-110 55 10.04,,,
45 41 94.39,-110 54 99.94,,,
45 41 94.03,-110 54 98.81,,,
45 41 93.64,-110 54 97.68,,,
45 41 93.19,-110 54 96.57,,,
45 41 92.66,-110 54 95.51,,,
45 41 92.05,-110 54 94.53,,,
45 41 91.37,-110 54 93.66,,,
45 41 90.61,-110 54 92.91,,,
45 41 89.98,-110 54 92.26,,,
45 41 88.94,-110 54 91.71,,,
45 41 88.07,-110 54 91.21,,,
45 41 87.19,-110 54 90.69,,,
45 41 86.33,-110 54 90.11,,,
45 41 85.49,-110 54 89.48,,,
45 41 84.67,-110 54 88.81,,,
45 41 83.89,-110 54 88.07,,,
45 41 83.17,-110 54 87.24,,,
45 41 82.25,-110 54 86.33,,,
45 41 81.19,-110 54 85.34,,,
45 41 81.38,-110 54 84.25,,,
45 41 80.94,-110 54 83.14,,,
45 41 80.49,-110 54 82.08,,,
45 41 79.98,-110 54 81.17,,,
45 41 79.37,-110 54 80.42,,,
45 41 78.67,-110 54 79.81,,,
45 41 77.79,-110 54 79.28,,,
45 41 77.08,-110 54 78.77,,,
45 41 76.23,-110 54 78.25,,,
45 41 75.35,-110 54 77.73,,,
45 41 74.44,-110 54 77.72,,,
45 41 73.51,-110 54 76.66,,,
45 41 72.55,-110 54 76.13,,,
45 41 71.56,-110 54 75.63,,,
45 41 70.56,-110 54 75.18,,,
45 41 69.54,-110 54 74.76,,,
45 41 68.53,-110 54 74.34,,,
45 41 67.53,-110 54 73.86,,,
45 41 66.55,-110 54 73.33,,,
45 41 65.59,-110 54 72.66,,,
45 41 64.65,-110 54 71.96,,,
45 41 63.71,-110 54 71.25,,,
45 41 62.76,-110 54 70.55,,,
45 41 61.81,-110 54 69.89,,,
45 41 60.87,-110 54 69.93,,,
45 41 59.94,-110 54 68.81,,,
45 41 59.59,-110 54 68.37,,,
45 41 58.07,-110 54 67.99,,,
45 41 57.16,-110 54 67.63,,,
45 41 56.27,-110 54 67.31,,,
45 41 55.54,-110 54 67.01,,,
45 41 54.54,-110 54 66.79,,,
45 41 53.71,-110 54 66.69,,,
45 41 52.89,-110 54 66.69,,,
45 41 52.09,-110 54 66.81,,,
45 41 51.34,-110 54 67.08,,,
45 41 50.63,-110 54 67.75,,,
45 41 49.96,-110 54 68.05,,,
45 41 49.29,-110 54 68.69,,,
45 41 48.61,-110 54 69.39,,,
45 41 47.79,-110 54 70.13,,,
45 41 47.17,-110 54 70.09,,,
45 41 46.43,-110 54 71.17,,,
45 41 45.69,-110 54 72.49,,,
45 41 44.95,-110 54 73.22,,,
45 41 44.21,-110 54 73.86,,,
45 41 43.46,-110 54 74.42,,,
45 41 42.67,-110 54 74.92,,,
45 41 41.83,-110 54 75.35,,,
45 41 40.94,-110 54 75.75,,,
45 41 39.99,-110 54 76.15,,,
45 41 39.39,-110 54 76.57,,,
45 41 37.97,-110 54 77.77,,,
45 41 36.92,-110 54 77.44,,,
45 41 35.84,-110 54 77.88,,,
45 41 34.74,-110 54 78.34,,,
45 41 33.62,-110 54 78.81,,,
45 41 32.48,-110 54 79.28,,,
45 41 31.33,-110 54 79.75,,,
45 41 30.18,-110 54 80.22,,,
45 41 29.03,-110 54 80.68,,,
45 41 27.88,-110 54 81.12,,,
45 41 26.75,-110 54 81.57,,,
45 41 25.63,-110 54 82.03,,,
45 41 24.53,-110 54 82.49,,,
45 41 23.45,-110 54 82.95,,,
45 41 22.39,-110 54 83.34,,,
45 41 21.35,-110 54 83.89,,,
45 41 20.31,-110 54 84.42,,,
45 41 19.93,-110 54 85.85,,,
45 41 18.83,-110 54 85.61,,,
45 41 17.31,-110 54 86.24,,,
45 41 16.34,-110 54 86.87,,,
45 41 15.39,-110 54 87.46,,,
45 41 14.48,-110 54 88.88,,,
45 41 13.56,-110 54 88.49,,,
45 41 12.63,-110 54 88.89,,,
45 41 11.67,-110 54 89.19,,,
45 41 10.72,-110 54 89.35,,,
45 41 98.81,-110 54 89.35,,,
45 41 89.97,-110 54 89.16,,,
45 41 81.19,-110 54 88.74,,,
45 41 74.43,-110 54 88.16,,,
45 41 66.66,-110 54 87.54,,,
45 41 58.82,-110 54 86.96,,,
45 41 49.92,-110 54 86.49,,,
45 41 39.96,-110 54 86.15,,,
45 41 29.94,-110 54 85.99,,,
45 41 18.89,-110 54 85.95,,,
45 41 81.81,-110 54 85.97,,,
45 40 99.72,-110 54 86.01,,,
45 40 98.63,-110 54 86.05,,,
45 40 97.58,-110 54 86.61,,,
45 40 96.57,-110 54 86.17,,,
45 40 95.56,-110 54 86.28,,,
45 40 94.66,-110 54 86.51,,,
45 40 93.74,-110 54 86.94,,,
45 40 92.89,-110 54 87.76,,,
45 40 92.11,-110 54 88.48,,,
45 40 91.44,-110 54 89.53,,,
45 40 90.92,-110 54 90.73,,,
45 40 90.56,-110 54 92.05,,,
45 40 90.26,-110 54 93.43,,,
45 40 89.96,-110 54 94.83,,,
45 40 89.64,-110 54 96.24,,,
45 40 89.26,-110 54 97.76,,,
45 40 88.74,-110 54 98.85,,,
45 40 88.08,-110 54 99.93,,,
45 40 87.32,-110 55 87.87,,,
45 40 86.51,-110 55 17.75,,,
45 40 85.68,-110 55 26.26,,,
45 40 84.84,-110 55 34.42,,,
45 40 84.84,-110 55 42.22,,,
45 40 83.16,-110 55 50.02,,,
45 40 82.29,-110 55 57.75,,,
45 40 81.39,-110 55 63.38,,,
45 40 80.44,-110 55 68.83,,,
45 40 79.45,-110 55 71.71,,,
45 40 78.44,-110 55 72.21,,,
45 40 77.42,-110 55 72.24,,,
45 40 76.41,-110 55 73.31,,,
45 40 75.41,-110 55 75.58,,,
45 40 74.46,-110 55 80.09,,,
45 40 73.56,-110 55 88.82,,,
45 40 72.71,-110 55 96.68,,,
45 40 71.87,-110 55 10.58,,,
45 40 71.04,-110 55 11.15,,,
45 40 70.26,-110 55 12.53,,,
45 40 69.59,-110 55 13.72,,,
45 40 69.08,-110 55 15.03,,,
45 40 68.69,-110 55 16.44,,,
45 40 68.37,-110 55 17.79,,,
45 40 68.04,-110 55 19.39,,,
45 40 67.72,-110 55 20.88,,,
45 40 67.74,-110 55 22.37,,,
45 40 67.08,-110 55 23.88,,,
45 40 66.75,-110 55 25.54,,,
45 40 66.43,-110 55 26.91,,,
45 40 66.61,-110 55 28.41,,,
45 40 65.77,-110 55 29.88,,,
45 40 65.45,-110 55 31.31,,,
45 40 65.14,-110 55 32.27,,,
45 40 64.84,-110 55 34.07,,,
45 40 64.55,-110 55 35.44,,,
45 40 64.25,-110 55 36.83,,,
45 40 63.96,-110 55 38.29,,,
45 40 63.71,-110 55 39.81,,,
45 40 63.57,-110 55 41.37,,,
45 40 63.55,-110 55 42.96,,,
45 40 63.62,-110 55 44.56,,,
45 40 63.73,-110 55 46.17,,,
45 40 63.85,-110 55 47.77,,,
45 40 63.98,-110 55 49.36,,,
45 40 64.17,-110 55 50.92,,,
45 40 64.41,-110 55 52.44,,,
45 40 64.71,-110 55 53.93,,,
45 40 65.06,-110 55 55.54,,,
45 40 65.43,-110 55 56.86,,,
45 40 65.77,-110 55 58.35,,,
45 40 66.07,-110 55 59.86,,,
45 40 66.29,-110 55 61.41,,,
45 40 66.41,-110 55 63.63,,,
45 40 66.46,-110 55 64.62,,,
45 40 66.49,-110 55 66.28,,,
45 40 66.52,-110 55 67.97,,,
45 40 66.54,-110 55 69.97,,,
45 40 66.56,-110 55 71.43,,,
45 40 66.58,-110 55 73.17,,,
45 40 66.66,-110 55 74.89,,,
45 40 66.62,-110 55 76.58,,,
45 40 66.63,-110 55 78.25,,,
45 40 66.64,-110 55 79.93,,,
45 40 66.63,-110 55 81.62,,,
45 40 66.62,-110 55 83.33,,,
45 40 66.62,-110 55 85.05,,,
45 40 66.64,-110 55 86.78,,,
45 40 66.65,-110 55 88.53,,,
45 40 66.66,-110 55 90.28,,,
45 40 66.68,-110 55 92.04,,,
45 40 66.72,-110 55 93.81,,,
45 40 66.79,-110 55 95.59,,,
45 40 66.69,-110 55 97.38,,,
45 40 67.06,-110 55 99.14,,,
45 40 67.24,-110 56 83.83,,,
45 40 67.45,-110 56 24.42,,,
45 40 67.71,-110 56 39.94,,,
45 40 68.04,-110 56 54.42,,,
45 40 68.39,-110 56 69.91,,,
45 40 68.72,-110 56 84.44,,,
45 40 69.69,-110 56 10.02,,,
45 40 69.18,-110 56 11.64,,,
45 40 69.23,-110 56 13.26,,,
45 40 69.12,-110 56 14.86,,,
45 40 68.94,-110 56 16.42,,,
45 40 68.76,-110 56 17.97,,,
45 40 68.58,-110 56 19.51,,,
45 40 68.84,-110 56 21.06,,,
45 40 68.24,-110 56 22.62,,,
45 40 68.13,-110 56 24.18,,,
45 40 68.09,-110 56 25.75,,,
45 40 68.06,-110 56 27.33,,,
45 40 68.04,-110 56 28.92,,,
45 40 68.68,-110 56 30.05,,,
45 40 67.96,-110 56 32.08,,,
45 40 67.88,-110 56 33.65,,,
45 40 67.77,-110 56 35.22,,,
45 40 67.66,-110 56 36.79,,,
45 40 67.52,-110 56 38.34,,,
45 40 67.38,-110 56 39.81,,,
45 40 67.72,-110 56 41.17,,,
45 40 66.97,-110 56 42.43,,,
45 40 66.64,-110 56 43.62,,,
45 40 66.19,-110 56 44.72,,,
45 40 65.56,-110 56 45.73,,,
45 40 64.91,-110 56 46.69,,,
45 40 64.17,-110 56 47.68,,,
45 40 63.34,-110 56 48.72,,,
45 40 62.61,-110 56 49.78,,,
45 40 61.83,-110 56 50.85,,,
45 40 61.08,-110 56 51.91,,,
45 40 60.44,-110 56 52.99,,,
45 40 59.92,-110 56 54.17,,,
45 40 59.47,-110 56 55.45,,,
45 40 59.02,-110 56 56.79,,,
45 40 58.51,-110 56 58.15,,,
45 40 57.94,-110 56 59.46,,,
45 40 57.73,-110 56 60.71,,,
45 40 56.61,-110 56 61.19,,,
45 40 55.88,-110 56 63.03,,,
45 40 55.08,-110 56 64.06,,,
45 40 54.19,-110 56 64.98,,,
45 40 53.23,-110 56 65.85,,,
45 40 52.23,-110 56 66.72,,,
45 40 51.12,-110 56 67.61,,,
45 40 50.16,-110 56 68.49,,,
45 40 49.14,-110 56 69.36,,,
45 40 48.12,-110 56 70.02,,,
45 40 47.71,-110 56 71.05,,,
45 40 46.08,-110 56 71.19,,,
45 40 45.06,-110 56 72.76,,,
45 40 44.05,-110 56 73.64,,,
45 40 43.05,-110 56 74.55,,,
45 40 42.05,-110 56 75.49,,,
45 40 41.06,-110 56 76.46,,,
45 40 40.07,-110 56 77.43,,,
45 40 39.09,-110 56 78.39,,,
45 40 38.11,-110 56 79.35,,,
45 40 37.12,-110 56 80.03,,,
45 40 36.14,-110 56 81.24,,,
45 40 35.13,-110 56 82.14,,,
45 40 34.11,-110 56 83.01,,,
45 40 33.07,-110 56 83.85,,,
45 40 32.02,-110 56 84.68,,,
45 40 30.97,-110 56 85.53,,,
45 40 29.93,-110 56 86.43,,,
45 40 28.89,-110 56 87.36,,,
45 40 27.87,-110 56 88.31,,,
45 40 26.87,-110 56 89.27,,,
45 40 25.89,-110 56 90.24,,,
45 40 24.92,-110 56 91.26,,,
45 40 23.97,-110 56 92.35,,,
45 40 23.04,-110 56 93.52,,,
45 40 22.13,-110 56 94.73,,,
45 40 21.25,-110 56 95.98,,,
45 40 20.04,-110 56 97.27,,,
45 40 19.58,-110 56 98.63,,,
45 40 18.81,-110 57 5.5,,,
45 40 18.11,-110 57 15.53,,,
45 40 17.51,-110 57 30.02,,,
45 40 17.07,-110 57 44.46,,,
45 40 16.81,-110 57 58.86,,,
45 40 16.74,-110 57 72.27,,,
45 40 16.85,-110 57 86.69,,,
45 40 17.05,-110 57 10.14,,,
45 40 17.73,-110 57 11.62,,,
45 40 17.53,-110 57 13.13,,,
45 40 17.69,-110 57 14.64,,,
45 40 17.76,-110 57 16.15,,,
45 40 17.78,-110 57 17.63,,,
45 40 17.93,-110 57 19.09,,,
45 40 18.21,-110 57 20.53,,,
45 40 18.86,-110 57 21.96,,,
45 40 19.06,-110 57 23.43,,,
45 40 19.55,-110 57 24.94,,,
45 40 20.06,-110 57 26.48,,,
45 40 20.61,-110 57 27.99,,,
45 40 21.21,-110 57 29.44,,,
45 40 21.89,-110 57 30.78,,,
45 40 22.61,-110 57 32.01,,,
45 40 23.31,-110 57 33.16,,,
45 40 23.93,-110 57 34.29,,,
45 40 24.43,-110 57 35.47,,,
45 40 24.78,-110 57 36.72,,,
45 40 24.94,-110 57 38.05,,,
45 40 24.97,-110 57 39.46,,,
45 40 24.97,-110 57 40.95,,,
45 40 24.96,-110 57 42.51,,,
45 40 24.96,-110 57 44.14,,,
45 40 24.96,-110 57 45.84,,,
45 40 24.96,-110 57 47.59,,,
45 40 24.95,-110 57 49.36,,,
45 40 24.94,-110 57 51.14,,,
45 40 24.92,-110 57 52.93,,,
45 40 24.91,-110 57 54.74,,,
45 40 24.89,-110 57 56.55,,,
45 40 24.88,-110 57 58.37,,,
45 40 24.87,-110 57 60.17,,,
45 40 24.86,-110 57 61.96,,,
45 40 24.85,-110 57 63.75,,,
45 40 24.83,-110 57 65.53,,,
45 40 24.82,-110 57 67.73,,,
45 40 24.81,-110 57 69.05,,,
45 40 24.48,-110 57 70.08,,,
45 40 24.48,-110 57 72.54,,,
45 40 24.48,-110 57 74.28,,,
45 40 24.79,-110 57 76.02,,,
45 40 24.78,-110 57 77.78,,,
45 40 24.76,-110 57 79.56,,,
45 40 24.75,-110 57 81.35,,,
45 40 24.73,-110 57 83.13,,,
45 40 24.72,-110 57 84.49,,,
45 40 24.71,-110 57 86.66,,,
45 40 24.47,-110 57 88.84,,,
45 40 24.47,-110 57 90.13,,,
45 40 24.47,-110 57 91.84,,,
45 40 24.69,-110 57 93.52,,,
45 40 24.69,-110 57 95.15,,,
45 40 24.69,-110 57 96.71,,,
45 40 24.69,-110 57 98.82,,,
45 40 24.69,-110 57 99.64,,,
45 40 24.67,-110 58 10.03,,,
45 40 24.46,-110 58 24.24,,,
45 40 24.43,-110 58 37.78,,,
45 40 24.14,-110 58 51.14,,,
45 40 23.75,-110 58 65.65,,,
45 40 23.32,-110 58 78.88,,,
45 40 22.89,-110 58 93.93,,,
45 40 22.46,-110 58 10.72,,,
45 40 22.03,-110 58 12.14,,,
45 40 21.61,-110 58 13.57,,,
45 40 21.18,-110 58 15.02,,,
45 40 20.74,-110 58 16.48,,,
45 40 20.29,-110 58 17.94,,,
45 40 19.86,-110 58 19.94,,,
45 40 19.43,-110 58 20.86,,,
45 40 19.19,-110 58 22.31,,,
45 40 18.58,-110 58 23.74,,,
45 40 18.17,-110 58 25.15,,,
45 40 17.79,-110 58 26.57,,,
45 40 17.44,-110 58 28.01,,,
45 40 17.14,-110 58 29.48,,,
45 40 16.92,-110 58 31.01,,,
45 40 16.79,-110 58 32.59,,,
45 40 16.75,-110 58 34.21,,,
45 40 16.77,-110 58 35.86,,,
45 40 16.83,-110 58 37.54,,,
45 40 16.92,-110 58 39.23,,,
45 40 17.01,-110 58 40.93,,,
45 40 17.71,-110 58 42.62,,,
45 40 17.19,-110 58 44.43,,,
45 40 17.27,-110 58 45.98,,,
45 40 17.36,-110 58 47.65,,,
45 40 17.46,-110 58 49.34,,,
45 40 17.56,-110 58 51.03,,,
45 40 17.66,-110 58 52.74,,,
45 40 17.75,-110 58 54.46,,,
45 40 17.83,-110 58 56.19,,,
45 40 17.79,-110 58 57.93,,,
45 40 17.98,-110 58 59.68,,,
45 40 18.06,-110 58 61.44,,,
45 40 18.15,-110 58 63.32,,,
45 40 18.24,-110 58 64.98,,,
45 40 18.33,-110 58 66.76,,,
45 40 18.43,-110 58 68.53,,,
45 40 18.55,-110 58 70.28,,,
45 40 18.87,-110 58 72.72,,,
45 40 18.91,-110 58 73.69,,,
45 40 19.18,-110 58 75.33,,,
45 40 19.49,-110 58 76.69,,,
45 40 19.98,-110 58 78.33,,,
45 40 20.08,-110 58 79.62,,,
45 40 20.32,-110 58 80.74,,,
45 40 20.51,-110 58 81.71,,,
45 40 20.62,-110 58 82.56,,,
45 40 20.58,-110 58 83.33,,,
45 40 20.37,-110 58 83.89,,,
45 40 20.06,-110 58 84.27,,,
45 40 19.97,-110 58 84.47,,,
45 40 19.34,-110 58 84.55,,,
45 40 18.97,-110 58 84.46,,,
45 40 18.61,-110 58 84.63,,,
45 40 18.31,-110 58 84.66,,,
45 40 18.11,-110 58 84.68,,,
45 40 18.02,-110 58 84.67,,,
45 40 17.94,-110 58 84.66,,,
45 40 17.82,-110 58 84.69,,,
45 40 17.64,-110 58 84.82,,,
45 40 17.75,-110 58 85.15,,,
45 40 17.48,-110 58 85.67,,,
45 40 17.58,-110 58 86.35,,,
45 40 17.75,-110 58 87.18,,,
45 40 17.95,-110 58 88.14,,,
45 40 18.17,-110 58 89.24,,,
45 40 18.42,-110 58 90.46,,,
45 40 18.69,-110 58 91.79,,,
45 40 18.98,-110 58 93.22,,,
45 40 19.29,-110 58 94.71,,,
45 40 19.96,-110 58 96.24,,,
45 40 19.91,-110 58 97.79,,,
45 40 20.22,-110 58 99.34,,,
45 40 20.53,-110 59 89.89,,,
45 40 20.85,-110 59 24.44,,,
45 40 21.17,-110 59 40.01,,,
45 40 21.15,-110 59 56.56,,,
45 40 21.83,-110 59 72.23,,,
45 40 22.16,-110 59 88.88,,,
45 40 22.25,-110 59 10.56,,,
45 40 22.84,-110 59 12.25,,,
45 40 23.18,-110 59 13.98,,,
45 40 23.54,-110 59 15.73,,,
45 40 23.39,-110 59 17.51,,,
45 40 24.26,-110 59 19.32,,,
45 40 24.62,-110 59 21.14,,,
45 40 24.98,-110 59 22.96,,,
45 40 25.34,-110 59 24.77,,,
45 40 25.57,-110 59 26.57,,,
45 40 26.07,-110 59 28.36,,,
45 40 26.43,-110 59 30.14,,,
45 40 26.79,-110 59 31.93,,,
45 40 27.15,-110 59 33.72,,,
45 40 27.51,-110 59 35.55,,,
45 40 27.86,-110 59 37.27,,,
45 40 28.22,-110 59 39.03,,,
45 40 28.57,-110 59 40.76,,,
45 40 28.91,-110 59 42.47,,,
45 40 29.26,-110 59 44.16,,,
45 40 29.59,-110 59 45.83,,,
45 40 29.92,-110 59 47.49,,,
45 40 30.25,-110 59 49.14,,,
45 40 30.59,-110 59 50.79,,,
45 40 30.92,-110 59 52.45,,,
45 40 31.25,-110 59 54.09,,,
45 40 31.58,-110 59 55.74,,,
45 40 31.19,-110 59 57.38,,,
45 40 32.22,-110 59 59.03,,,
45 40 32.55,-110 59 60.68,,,
45 40 32.89,-110 59 62.33,,,
45 40 33.22,-110 59 63.98,,,
45 40 33.55,-110 59 65.63,,,
45 40 33.89,-110 59 67.27,,,
45 40 34.22,-110 59 68.89,,,
45 40 34.54,-110 59 70.05,,,
45 40 34.85,-110 59 72.09,,,
45 40 35.16,-110 59 73.66,,,
45 40 35.46,-110 59 75.52,,,
45 40 35.76,-110 59 76.73,,,
45 40 36.06,-110 59 78.23,,,
45 40 36.35,-110 59 79.69,,,
45 40 36.64,-110 59 81.12,,,
45 40 36.93,-110 59 82.53,,,
45 40 37.22,-110 59 83.93,,,
45 40 37.51,-110 59 85.31,,,
45 40 37.79,-110 59 86.68,,,
45 40 38.08,-110 59 88.04,,,
45 40 38.36,-110 59 89.39,,,
45 40 38.63,-110 59 90.74,,,
45 40 38.91,-110 59 92.08,,,
45 40 39.18,-110 59 93.41,,,
45 40 39.45,-110 59 94.74,,,
45 40 39.71,-110 59 96.08,,,
45 40 39.98,-110 59 97.44,,,
45 40 40.25,-110 59 98.81,,,
45 40 40.52,-111 0 18.18,,,
45 40 40.78,-111 0 15.56,,,
45 40 41.05,-111 0 29.93,,,
45 40 41.31,-111 0 42.29,,,
45 40 41.58,-111 0 56.65,,,
45 40 41.87,-111 0 70.04,,,
45 40 42.16,-111 0 84.44,,,
45 40 42.46,-111 0 98.86,,,
45 40 42.77,-111 0 11.32,,,
45 40 43.08,-111 0 12.83,,,
45 40 43.39,-111 0 14.36,,,
45 40 43.71,-111 0 15.88,,,
45 40 44.04,-111 0 17.74,,,
45 40 44.35,-111 0 18.91,,,
45 40 44.67,-111 0 20.42,,,
45 40 44.99,-111 0 21.91,,,
45 40 45.33,-111 0 23.39,,,
45 40 45.69,-111 0 24.86,,,
45 40 46.06,-111 0 26.32,,,
45 40 46.45,-111 0 27.77,,,
45 40 46.84,-111 0 29.21,,,
45 40 47.24,-111 0 30.65,,,
45 40 47.65,-111 0 32.21,,,
45 40 48.06,-111 0 33.55,,,
45 40 48.48,-111 0 35.02,,,
45 40 48.91,-111 0 36.48,,,
45 40 49.32,-111 0 37.94,,,
45 40 49.73,-111 0 39.94,,,
45 40 50.13,-111 0 40.84,,,
45 40 50.05,-111 0 42.27,,,
45 40 50.84,-111 0 43.65,,,
45 40 51.14,-111 0 44.98,,,
45 40 51.38,-111 0 46.24,,,
45 40 51.56,-111 0 47.42,,,
45 40 51.68,-111 0 48.85,,,
45 40 51.78,-111 0 49.41,,,
45 40 51.92,-111 0 50.16,,,
45 40 52.18,-111 0 50.71,,,
45 40 52.55,-111 0 51.04,,,
45 40 53.01,-111 0 51.15,,,
45 40 53.57,-111 0 51.12,,,
45 40 54.22,-111 0 51.06,,,
45 40 54.97,-111 0 50.98,,,
45 40 55.58,-111 0 50.91,,,
45 40 56.72,-111 0 50.85,,,
45 40 57.71,-111 0 50.08,,,
45 40 58.73,-111 0 50.79,,,
45 40 59.77,-111 0 50.89,,,
45 40 60.08,-111 0 51.12,,,
45 40 61.79,-111 0 51.78,,,
45 40 62.69,-111 0 52.63,,,
45 40 63.45,-111 0 53.73,,,
45 40 64.03,-111 0 55.03,,,
45 40 64.43,-111 0 56.49,,,
45 40 64.64,-111 0 58.04,,,
45 40 64.74,-111 0 59.64,,,
45 40 64.84,-111 0 61.26,,,
45 40 64.99,-111 0 62.85,,,
45 40 65.24,-111 0 64.39,,,
45 40 65.64,-111 0 65.83,,,
45 40 66.18,-111 0 67.14,,,
45 40 66.87,-111 0 68.29,,,
45 40 67.77,-111 0 69.25,,,
45 40 68.65,-111 0 7.7,,,
45 40 69.72,-111 0 70.05,,,
45 40 70.86,-111 0 70.79,,,
45 40 72.07,-111 0 70.98,,,
45 40 73.35,-111 0 71.15,,,
45 40 74.47,-111 0 71.34,,,
45 40 76.11,-111 0 71.55,,,
45 40 77.59,-111 0 71.76,,,
45 40 79.91,-111 0 71.97,,,
45 40 80.61,-111 0 72.18,,,
45 40 82.12,-111 0 72.24,,,
45 40 83.62,-111 0 72.64,,,
45 40 85.11,-111 0 72.94,,,
45 40 86.61,-111 0 73.32,,,
45 40 88.11,-111 0 73.78,,,
45 40 89.62,-111 0 74.34,,,
45 40 91.12,-111 0 75.02,,,
45 40 92.62,-111 0 75.81,,,
45 40 94.11,-111 0 76.72,,,
45 40 95.59,-111 0 77.75,,,
45 40 97.03,-111 0 78.87,,,
45 40 98.45,-111 0 80.09,,,
45 40 99.85,-111 0 81.38,,,
45 41 12.26,-111 0 82.68,,,
45 41 27.27,-111 0 83.99,,,
45 41 41.17,-111 0 85.31,,,
45 41 56.65,-111 0 86.65,,,
45 41 71.12,-111 0 88.01,,,
45 41 85.59,-111 0 89.34,,,
45 41 10.05,-111 0 90.67,,,
45 41 11.53,-111 0 92.01,,,
45 41 13.03,-111 0 93.35,,,
45 41 14.53,-111 0 94.47,,,
45 41 16.04,-111 0 96.08,,,
45 41 17.56,-111 0 97.46,,,
45 41 19.08,-111 0 98.84,,,
45 41 20.59,-111 1 24.24,,,
45 41 22.09,-111 1 16.66,,,
45 41 23.57,-111 1 31.12,,,
45 41 25.04,-111 1 46.64,,,
45 41 26.65,-111 1 62.23,,,
45 41 27.93,-111 1 79.79,,,
45 41 29.34,-111 1 96.63,,,
45 41 30.75,-111 1 11.14,,,
45 41 32.14,-111 1 13.32,,,
45 41 33.51,-111 1 15.03,,,
45 41 34.86,-111 1 16.88,,,
45 41 36.18,-111 1 18.78,,,
45 41 37.46,-111 1 20.72,,,
45 41 38.87,-111 1 22.69,,,
45 41 39.92,-111 1 24.69,,,
45 41 41.11,-111 1 26.74,,,
45 41 42.26,-111 1 28.81,,,
45 41 43.38,-111 1 30.91,,,
45 41 44.49,-111 1 33.04,,,
45 41 45.57,-111 1 35.18,,,
45 41 46.62,-111 1 37.36,,,
45 41 47.64,-111 1 39.57,,,
45 41 48.61,-111 1 41.82,,,
45 41 49.56,-111 1 44.09,,,
45 41 50.48,-111 1 46.39,,,
45 41 51.38,-111 1 48.72,,,
45 41 52.24,-111 1 51.07,,,
45 41 53.07,-111 1 53.45,,,
45 41 53.86,-111 1 55.86,,,
45 41 54.62,-111 1 58.29,,,
45 41 55.33,-111 1 60.75,,,
45 41 56.02,-111 1 63.22,,,
45 41 56.69,-111 1 65.57,,,
45 41 57.32,-111 1 68.82,,,
45 41 57.95,-111 1 70.07,,,
45 41 58.59,-111 1 73.32,,,
45 41 59.23,-111 1 75.57,,,
45 41 59.87,-111 1 78.21,,,
45 41 60.05,-111 1 80.72,,,
45 41 61.14,-111 1 83.23,,,
45 41 61.78,-111 1 85.74,,,
45 41 62.42,-111 1 88.25,,,
45 41 63.05,-111 1 90.76,,,
45 41 63.68,-111 1 93.27,,,
45 41 64.43,-111 1 95.79,,,
45 41 64.94,-111 1 98.83,,,
45 41 65.58,-111 2 8.8,,,
45 41 66.21,-111 2 33.33,,,
45 41 66.86,-111 2 58.81,,,
45 41 67.75,-111 2 83.31,,,
45 41 68.14,-111 2 10.82,,,
45 41 68.76,-111 2 13.33,,,
45 41 69.39,-111 2 15.84,,,
45 41 70.02,-111 2 18.35,,,
45 41 70.64,-111 2 20.86,,,
45 41 71.25,-111 2 23.37,,,
45 41 71.84,-111 2 25.88,,,
45 41 72.42,-111 2 28.84,,,
45 41 72.98,-111 2 30.91,,,
45 41 73.54,-111 2 33.43,,,
45 41 74.09,-111 2 35.95,,,
45 41 74.64,-111 2 38.47,,,
45 41 75.17,-111 2 41.41,,,
45 41 75.69,-111 2 43.53,,,
45 41 76.22,-111 2 46.05,,,
45 41 76.76,-111 2 48.58,,,
45 41 77.28,-111 2 51.11,,,
45 41 77.78,-111 2 53.64,,,
45 41 78.33,-111 2 56.17,,,
45 41 78.86,-111 2 58.71,,,
45 41 79.39,-111 2 61.24,,,
45 41 79.92,-111 2 63.77,,,
45 41 80.45,-111 2 66.31,,,
45 41 80.98,-111 2 68.84,,,
45 41 81.15,-111 2 71.38,,,
45 41 82.03,-111 2 73.92,,,
45 41 82.55,-111 2 76.45,,,
45 41 83.08,-111 2 78.99,,,
45 41 83.61,-111 2 81.54,,,
45 41 84.15,-111 2 84.09,,,
45 41 84.69,-111 2 86.64,,,
45 41 85.24,-111 2 89.19,,,
45 41 85.78,-111 2 91.74,,,
45 41 86.33,-111 2 94.28,,,
45 41 86.87,-111 2 96.83,,,
45 41 87.43,-111 2 99.36,,,
45 41 88.02,-111 3 18.89,,,
45 41 88.66,-111 3 43.38,,,
45 41 89.35,-111 3 68.85,,,
45 41 90.07,-111 3 93.93,,,
45 41 90.83,-111 3 11.74,,,
45 41 91.61,-111 3 14.14,,,
45 41 92.44,-111 3 16.51,,,
45 41 93.34,-111 3 18.82,,,
45 41 94.28,-111 3 21.09,,,
45 41 95.28,-111 3 23.31,,,
45 41 96.33,-111 3 25.55,,,
45 41 97.41,-111 3 27.64,,,
45 41 98.54,-111 3 29.75,,,
45 41 99.97,-111 3 31.81,,,
45 42 91.91,-111 3 33.83,,,
45 42 21.16,-111 3 35.58,,,
45 42 34.45,-111 3 37.72,,,
45 42 47.77,-111 3 39.96,,,
45 42 61.13,-111 3 41.43,,,
45 42 75.52,-111 3 43.21,,,
45 42 89.94,-111 3 44.93,,,
45 42 10.39,-111 3 46.61,,,
45 42 11.86,-111 3 48.23,,,
45 42 13.37,-111 3 49.98,,,
45 42 14.49,-111 3 51.31,,,
45 42 16.46,-111 3 52.76,,,
45 42 18.05,-111 3 54.16,,,
45 42 19.67,-111 3 55.48,,,
45 42 21.31,-111 3 56.73,,,
45 42 22.98,-111 3 57.92,,,
45 42 24.67,-111 3 59.05,,,
45 42 26.38,-111 3 60.11,,,
45 42 28.11,-111 3 61.11,,,
45 42 29.86,-111 3 62.04,,,
45 42 31.62,-111 3 62.91,,,
45 42 33.34,-111 3 63.72,,,
45 42 35.19,-111 3 64.46,,,
45 42 37.37,-111 3 65.13,,,
45 42 38.81,-111 3 65.73,,,
45 42 40.64,-111 3 66.26,,,
45 42 42.47,-111 3 66.71,,,
45 42 44.31,-111 3 67.71,,,
45 42 46.16,-111 3 67.43,,,
45 42 48.48,-111 3 67.77,,,
45 42 49.85,-111 3 67.89,,,
45 42 51.71,-111 3 68.02,,,
45 42 53.57,-111 3 68.14,,,
45 42 55.43,-111 3 68.28,,,
45 42 57.29,-111 3 68.45,,,
45 42 59.14,-111 3 68.65,,,
45 42 61.61,-111 3 68.88,,,
45 42 62.85,-111 3 69.16,,,
45 42 64.69,-111 3 69.95,,,
45 42 66.53,-111 3 69.93,,,
45 42 68.35,-111 3 70.44,,,
45 42 70.17,-111 3 71.02,,,
45 42 71.97,-111 3 71.66,,,
45 42 73.76,-111 3 72.35,,,
45 42 75.54,-111 3 73.11,,,
45 42 77.73,-111 3 73.96,,,
45 42 79.04,-111 3 74.88,,,
45 42 80.77,-111 3 75.85,,,
45 42 82.49,-111 3 76.88,,,
45 42 84.18,-111 3 77.98,,,
45 42 85.85,-111 3 79.13,,,
45 42 87.51,-111 3 80.35,,,
45 42 89.15,-111 3 81.61,,,
45 42 90.77,-111 3 82.29,,,
45 42 92.35,-111 3 84.24,,,
45 42 93.87,-111 3 85.71,,,
45 42 95.37,-111 3 87.27,,,
45 42 96.86,-111 3 88.88,,,
45 42 98.32,-111 3 90.55,,,
45 42 99.76,-111 3 92.27,,,
45 43 11.16,-111 3 94.04,,,
45 43 25.52,-111 3 95.87,,,
45 43 38.84,-111 3 97.76,,,
45 43 51.11,-111 3 99.97,,,
45 43 63.34,-111 4 17.17,,,
45 43 75.52,-111 4 37.74,,,
45 43 86.67,-111 4 58.81,,,
45 43 98.81,-111 4 79.79,,,
45 43 10.93,-111 4 10.02,,,
45 43 12.03,-111 4 12.15,,,
45 43 13.13,-111 4 14.29,,,
45 43 14.22,-111 4 16.44,,,
45 43 15.32,-111 4 18.58,,,
45 43 16.42,-111 4 20.72,,,
45 43 17.51,-111 4 22.86,,,
45 43 18.61,-111 4 25.25,,,
45 43 19.73,-111 4 27.13,,,
45 43 20.84,-111 4 29.25,,,
45 43 21.95,-111 4 31.37,,,
45 43 23.06,-111 4 33.35,,,
45 43 24.18,-111 4 35.61,,,
45 43 25.31,-111 4 37.71,,,
45 43 26.45,-111 4 39.81,,,
45 43 27.58,-111 4 41.92,,,
45 43 28.87,-111 4 44.04,,,
45 43 29.81,-111 4 46.17,,,
45 43 30.92,-111 4 48.83,,,
45 43 32.03,-111 4 50.43,,,
45 43 33.14,-111 4 52.56,,,
45 43 34.24,-111 4 54.69,,,
45 43 35.35,-111 4 56.83,,,
45 43 36.46,-111 4 58.97,,,
45 43 37.57,-111 4 61.11,,,
45 43 38.68,-111 4 63.25,,,
45 43 39.79,-111 4 65.39,,,
45 43 40.09,-111 4 67.54,,,
45 43 42.01,-111 4 69.68,,,
45 43 43.11,-111 4 71.82,,,
45 43 44.22,-111 4 73.96,,,
45 43 45.32,-111 4 76.09,,,
45 43 46.42,-111 4 78.23,,,
45 43 47.52,-111 4 80.36,,,
45 43 48.62,-111 4 82.49,,,
45 43 49.72,-111 4 84.62,,,
45 43 50.83,-111 4 86.75,,,
45 43 51.93,-111 4 88.88,,,
45 43 53.04,-111 4 91.02,,,
45 43 54.15,-111 4 93.16,,,
45 43 55.26,-111 4 95.29,,,
45 43 56.38,-111 4 97.43,,,
45 43 57.49,-111 4 99.57,,,
45 43 58.86,-111 5 17.71,,,
45 43 59.71,-111 5 38.85,,,
45 43 60.82,-111 5 59.99,,,
45 43 61.92,-111 5 81.13,,,
45 43 63.01,-111 5 10.29,,,
45 43 64.09,-111 5 12.45,,,
45 43 65.16,-111 5 14.62,,,
45 43 66.24,-111 5 16.77,,,
45 43 67.32,-111 5 18.91,,,
45 43 68.41,-111 5 21.04,,,
45 43 69.95,-111 5 23.16,,,
45 43 70.59,-111 5 25.28,,,
45 43 71.68,-111 5 27.74,,,
45 43 72.78,-111 5 29.51,,,
45 43 73.87,-111 5 31.62,,,
45 43 74.97,-111 5 33.73,,,
45 43 76.07,-111 5 35.85,,,
45 43 77.18,-111 5 37.97,,,
45 43 78.29,-111 5 40.01,,,
45 43 79.94,-111 5 42.24,,,
45 43 80.05,-111 5 44.39,,,
45 43 81.16,-111 5 46.55,,,
45 43 82.27,-111 5 48.87,,,
45 43 83.38,-111 5 50.84,,,
45 43 84.92,-111 5 52.99,,,
45 43 86.03,-111 5 55.13,,,
45 43 87.15,-111 5 57.28,,,
45 43 88.27,-111 5 59.42,,,
45 43 89.38,-111 5 61.56,,,
45 43 90.05,-111 5 63.68,,,
45 43 91.62,-111 5 65.79,,,
45 43 92.75,-111 5 67.89,,,
45 43 93.89,-111 5 69.98,,,
45 43 95.02,-111 5 72.07,,,
45 43 96.14,-111 5 74.17,,,
45 43 97.26,-111 5 76.28,,,
45 43 98.37,-111 5 78.39,,,
45 43 99.47,-111 5 80.52,,,
45 44 57.57,-111 5 82.64,,,
45 44 16.67,-111 5 84.76,,,
45 44 27.78,-111 5 86.89,,,
45 44 38.88,-111 5 89.01,,,
45 44 49.99,-111 5 91.14,,,
45 44 60.09,-111 5 93.27,,,
45 44 72.72,-111 5 95.41,,,
45 44 83.83,-111 5 97.56,,,
45 44 94.41,-111 5 99.97,,,
45 44 10.51,-111 6 18.85,,,
45 44 11.62,-111 6 4.4,,,
45 44 12.73,-111 6 61.13,,,
45 44 13.84,-111 6 82.26,,,
45 44 14.96,-111 6 10.38,,,
45 44 16.07,-111 6 12.25,,,
45 44 17.18,-111 6 14.61,,,
45 44 18.83,-111 6 16.73,,,
45 44 19.41,-111 6 18.85,,,
45 44 20.51,-111 6 20.98,,,
45 44 21.62,-111 6 23.12,,,
45 44 22.72,-111 6 25.25,,,
45 44 23.82,-111 6 27.39,,,
45 44 24.93,-111 6 29.53,,,
45 44 26.03,-111 6 31.67,,,
45 44 27.13,-111 6 33.82,,,
45 44 28.23,-111 6 35.97,,,
45 44 29.33,-111 6 38.11,,,
45 44 30.43,-111 6 40.25,,,
45 44 31.55,-111 6 42.38,,,
45 44 32.67,-111 6 44.45,,,
45 44 33.79,-111 6 46.63,,,
45 44 34.91,-111 6 48.77,,,
45 44 36.02,-111 6 50.91,,,
45 44 37.12,-111 6 53.07,,,
45 44 38.21,-111 6 55.22,,,
45 44 39.93,-111 6 57.38,,,
45 44 40.04,-111 6 59.52,,,
45 44 41.15,-111 6 61.64,,,
45 44 42.61,-111 6 63.76,,,
45 44 43.72,-111 6 65.88,,,
45 44 44.83,-111 6 68.68,,,
45 44 45.93,-111 6 70.12,,,
45 44 47.05,-111 6 72.24,,,
45 44 48.16,-111 6 74.36,,,
45 44 49.27,-111 6 76.49,,,
45 44 50.38,-111 6 78.61,,,
45 44 51.48,-111 6 80.74,,,
45 44 52.58,-111 6 82.87,,,
45 44 53.68,-111 6 85.85,,,
45 44 54.79,-111 6 87.12,,,
45 44 55.89,-111 6 89.24,,,
45 44 57.57,-111 6 91.37,,,
45 44 58.09,-111 6 93.35,,,
45 44 59.92,-111 6 95.63,,,
45 44 60.03,-111 6 97.77,,,
45 44 61.41,-111 6 99.99,,,
45 44 62.52,-111 7 20.04,,,
45 44 63.64,-111 7 41.18,,,
45 44 64.75,-111 7 63.32,,,
45 44 65.85,-111 7 84.47,,,
45 44 66.94,-111 7 10.62,,,
45 44 68.02,-111 7 12.77,,,
45 44 69.91,-111 7 14.92,,,
45 44 70.17,-111 7 17.08,,,
45 44 71.23,-111 7 19.25,,,
45 44 72.28,-111 7 21.44,,,
45 44 73.31,-111 7 23.64,,,
45 44 74.32,-111 7 25.86,,,
45 44 75.31,-111 7 28.11,,,
45 44 76.28,-111 7 30.38,,,
45 44 77.24,-111 7 32.66,,,
45 44 78.19,-111 7 34.95,,,
45 44 79.13,-111 7 37.25,,,
45 44 80.05,-111 7 39.56,,,
45 44 80.94,-111 7 41.89,,,
45 44 81.83,-111 7 44.23,,,
45 44 82.69,-111 7 46.58,,,
45 44 83.55,-111 7 48.95,,,
45 44 84.44,-111 7 51.32,,,
45 44 85.24,-111 7 53.37,,,
45 44 86.08,-111 7 56.08,,,
45 44 86.69,-111 7 58.46,,,
45 44 87.72,-111 7 60.84,,,
45 44 88.54,-111 7 63.22,,,
45 44 89.36,-111 7 65.56,,,
45 44 90.18,-111 7 67.96,,,
45 44 91.01,-111 7 70.32,,,
45 44 91.84,-111 7 72.68,,,
45 44 92.66,-111 7 75.05,,,
45 44 93.46,-111 7 77.44,,,
45 44 94.26,-111 7 79.83,,,
45 44 95.05,-111 7 82.23,,,
45 44 95.84,-111 7 84.62,,,
45 44 96.65,-111 7 87.01,,,
45 44 97.48,-111 7 89.38,,,
45 44 98.31,-111 7 91.76,,,
45 44 99.14,-111 7 94.13,,,
45 44 99.97,-111 7 96.51,,,
45 45 8.8,-111 7 98.88,,,
45 45 16.62,-111 8 12.22,,,
45 45 24.42,-111 8 35.53,,,
45 45 32.22,-111 8 58.81,,,
45 45 40.03,-111 8 81.81,,,
45 45 48.85,-111 8 10.41,,,
45 45 56.67,-111 8 12.75,,,
45 45 65.51,-111 8 15.13,,,
45 45 73.36,-111 8 17.54,,,
45 45 82.22,-111 8 19.98,,,
45 45 90.09,-111 8 22.46,,,
45 45 99.97,-111 8 24.97,,,
45 45 10.86,-111 8 27.75,,,
45 45 11.74,-111 8 30.01,,,
45 45 12.63,-111 8 32.53,,,
45 45 13.53,-111 8 35.07,,,
45 45 14.43,-111 8 37.65,,,
45 45 15.34,-111 8 40.24,,,
45 45 16.26,-111 8 42.86,,,
45 45 17.19,-111 8 45.48,,,
45 45 18.12,-111 8 48.81,,,
45 45 19.06,-111 8 50.71,,,
45 45 20.01,-111 8 53.31,,,
45 45 20.97,-111 8 55.88,,,
45 45 21.92,-111 8 58.45,,,
45 45 22.84,-111 8 61.02,,,
45 45 23.76,-111 8 63.59,,,
45 45 24.68,-111 8 66.17,,,
45 45 25.59,-111 8 68.76,,,
45 45 26.51,-111 8 71.36,,,
45 45 27.43,-111 8 73.97,,,
45 45 28.34,-111 8 76.57,,,
45 45 29.24,-111 8 79.17,,,
45 45 30.15,-111 8 81.75,,,
45 45 31.06,-111 8 84.33,,,
45 45 31.97,-111 8 86.89,,,
45 45 32.88,-111 8 89.45,,,
45 45 33.38,-111 8 91.99,,,
45 45 34.73,-111 8 94.54,,,
45 45 35.66,-111 8 97.07,,,
45 45 36.58,-111 8 99.59,,,
45 45 37.49,-111 9 20.08,,,
45 45 38.37,-111 9 45.54,,,
45 45 39.22,-111 9 69.97,,,
45 45 40.06,-111 9 93.39,,,
45 45 40.89,-111 9 11.77,,,
45 45 41.71,-111 9 14.12,,,
45 45 42.53,-111 9 16.43,,,
45 45 43.34,-111 9 18.72,,,
45 45 44.14,-111 9 20.98,,,
45 45 44.93,-111 9 23.22,,,
45 45 45.71,-111 9 25.44,,,
45 45 46.49,-111 9 27.64,,,
45 45 47.25,-111 9 29.83,,,
45 45 48.02,-111 9 31.98,,,
45 45 48.77,-111 9 34.41,,,
45 45 49.53,-111 9 36.18,,,
45 45 50.29,-111 9 38.19,,,
45 45 51.06,-111 9 40.11,,,
45 45 51.84,-111 9 41.97,,,
45 45 52.62,-111 9 43.38,,,
45 45 53.39,-111 9 45.62,,,
45 45 54.15,-111 9 47.42,,,
45 45 54.91,-111 9 49.18,,,
45 45 55.69,-111 9 50.89,,,
45 45 56.49,-111 9 52.53,,,
45 45 57.29,-111 9 54.13,,,
45 45 58.81,-111 9 55.67,,,
45 45 58.89,-111 9 57.15,,,
45 45 59.71,-111 9 58.56,,,
45 45 60.51,-111 9 59.92,,,
45 45 61.13,-111 9 61.21,,,
45 45 62.07,-111 9 62.44,,,
45 45 62.28,-111 9 63.57,,,
45 45 63.49,-111 9 64.61,,,
45 45 64.12,-111 9 65.57,,,
45 45 64.71,-111 9 66.48,,,
45 45 65.23,-111 9 67.36,,,
45 45 65.66,-111 9 68.23,,,
45 45 65.98,-111 9 69.91,,,
45 45 66.22,-111 9 69.96,,,
45 45 66.38,-111 9 70.78,,,
45 45 66.53,-111 9 71.49,,,
45 45 66.75,-111 9 72.08,,,
45 45 67.04,-111 9 72.53,,,
45 45 67.39,-111 9 72.88,,,
45 45 67.72,-111 9 73.18,,,
45 45 67.98,-111 9 73.55,,,
45 45 68.13,-111 9 74.02,,,
45 45 68.13,-111 9 74.57,,,
45 45 67.98,-111 9 75.13,,,
45 45 67.68,-111 9 75.63,,,
45 45 67.25,-111 9 75.98,,,
45 45 66.74,-111 9 76.18,,,
45 45 66.17,-111 9 76.33,,,
45 45 65.55,-111 9 76.47,,,
45 45 64.49,-111 9 76.63,,,
45 45 64.25,-111 9 76.87,,,
45 45 63.61,-111 9 77.21,,,
45 45 62.96,-111 9 77.62,,,
45 45 62.24,-111 9 78.09,,,
45 45 61.58,-111 9 78.51,,,
45 45 60.97,-111 9 79.02,,,
45 45 60.47,-111 9 79.69,,,
45 45 60.09,-111 9 80.43,,,
45 45 59.71,-111 9 81.12,,,
45 45 59.24,-111 9 81.63,,,
45 45 58.69,-111 9 81.96,,,
45 45 58.06,-111 9 82.14,,,
45 45 57.38,-111 9 82.24,,,
45 45 56.65,-111 9 82.34,,,
45 45 55.89,-111 9 82.48,,,
45 45 55.09,-111 9 82.65,,,
45 45 54.26,-111 9 82.85,,,
45 45 53.34,-111 9 83.07,,,
45 45 52.52,-111 9 83.29,,,
45 45 51.63,-111 9 83.53,,,
45 45 50.76,-111 9 83.76,,,
45 45 49.92,-111 9 84.84,,,
45 45 49.91,-111 9 84.24,,,
45 45 48.33,-111 9 84.46,,,
45 45 47.66,-111 9 84.65,,,
45 45 47.71,-111 9 84.84,,,
45 45 46.64,-111 9 85.08,,,
45 45 46.28,-111 9 85.46,,,
45 45 46.05,-111 9 85.98,,,
45 45 45.94,-111 9 86.63,,,
45 45 45.91,-111 9 87.38,,,
45 45 45.95,-111 9 88.22,,,
45 45 46.04,-111 9 89.14,,,
45 45 46.17,-111 9 90.15,,,
45 45 46.29,-111 9 91.25,,,
45 45 46.38,-111 9 92.43,,,
45 45 46.46,-111 9 93.68,,,
45 45 46.65,-111 9 94.98,,,
45 45 46.52,-111 9 96.33,,,
45 45 46.53,-111 9 97.72,,,
45 45 46.53,-111 9 99.11,,,
45 45 46.55,-111 10 45.45,,,
45 45 46.64,-111 10 15.55,,,
45 45 46.85,-111 10 22.27,,,
45 45 47.19,-111 10 26.63,,,
45 45 47.61,-111 10 27.71,,,
45 45 48.09,-111 10 26.66,,,
45 45 48.65,-111 10 26.61,,,
45 45 49.93,-111 10 25.57,,,
45 45 50.02,-111 10 25.53,,,
45 45 50.82,-111 10 24.48,,,
45 45 51.67,-111 10 24.43,,,
45 45 52.57,-111 10 24.24,,,
45 45 53.51,-111 10 23.38,,,
45 45 54.48,-111 10 24.42,,,
45 45 55.47,-111 10 25.53,,,
45 45 56.45,-111 10 27.74,,,
45 45 57.41,-111 10 30.07,,,
45 45 58.35,-111 10 35.35,,,
45 45 59.26,-111 10 40.02,,,
45 45 60.13,-111 10 46.63,,,
45 45 60.96,-111 10 53.31,,,
45 45 61.75,-111 10 60.06,,,
45 45 62.25,-111 10 68.89,,,
45 45 63.21,-111 10 77.79,,,
45 45 63.87,-111 10 88.88,,,
45 45 64.46,-111 10 99.99,,,
45 45 65.65,-111 10 11.06,,,
45 45 65.51,-111 10 12.28,,,
45 45 65.98,-111 10 13.55,,,
45 45 66.43,-111 10 14.87,,,
45 45 66.89,-111 10 16.62,,,
45 45 67.35,-111 10 17.53,,,
45 45 67.78,-111 10 18.84,,,
45 45 68.25,-111 10 20.14,,,
45 45 68.87,-111 10 21.42,,,
45 45 69.15,-111 10 22.71,,,
45 45 69.96,-111 10 24.01,,,
45 45 70.06,-111 10 25.32,,,
45 45 70.51,-111 10 26.62,,,
45 45 70.97,-111 10 27.79,,,
45 45 71.42,-111 10 29.18,,,
45 45 71.87,-111 10 30.44,,,
45 45 72.33,-111 10 31.68,,,
45 45 72.83,-111 10 32.29,,,
45 45 73.37,-111 10 34.06,,,
45 45 73.99,-111 10 35.14,,,
45 45 74.66,-111 10 36.14,,,
45 45 75.37,-111 10 37.08,,,
45 45 76.12,-111 10 37.94,,,
45 45 76.92,-111 10 38.71,,,
45 45 77.75,-111 10 39.39,,,
45 45 78.86,-111 10 39.98,,,
45 45 79.45,-111 10 40.52,,,
45 45 80.29,-111 10 41.06,,,
45 45 81.11,-111 10 41.68,,,
45 45 81.86,-111 10 42.24,,,
45 45 82.59,-111 10 43.21,,,
45 45 83.28,-111 10 44.41,,,
45 45 83.94,-111 10 45.06,,,
45 45 84.55,-111 10 46.07,,,
45 45 85.51,-111 10 47.13,,,
45 45 85.59,-111 10 48.22,,,
45 45 86.01,-111 10 49.93,,,
45 45 86.38,-111 10 50.35,,,
45 45 86.71,-111 10 51.31,,,
45 45 86.99,-111 10 52.17,,,
45 45 87.23,-111 10 52.92,,,
45 45 87.42,-111 10 53.57,,,
45 45 87.51,-111 10 54.14,,,
45 45 87.47,-111 10 54.66,,,
45 45 87.27,-111 10 55.08,,,
45 45 86.94,-111 10 55.34,,,
45 45 86.52,-111 10 55.45,,,
45 45 86.05,-111 10 55.48,,,
45 45 85.53,-111 10 55.47,,,
45 45 84.95,-111 10 55.45,,,
45 45 84.34,-111 10 55.43,,,
45 45 83.69,-111 10 55.42,,,
45 45 83.01,-111 10 55.42,,,
45 45 82.23,-111 10 55.42,,,
45 45 81.57,-111 10 55.43,,,
45 45 80.83,-111 10 55.43,,,
45 45 80.09,-111 10 55.45,,,
45 45 79.34,-111 10 55.48,,,
45 45 78.59,-111 10 55.54,,,
45 45 77.84,-111 10 55.64,,,
45 45 77.71,-111 10 55.75,,,
45 45 76.35,-111 10 55.87,,,
45 45 75.59,-111 10 55.99,,,
45 45 74.85,-111 10 56.61,,,
45 45 74.12,-111 10 56.18,,,
45 45 73.39,-111 10 56.23,,,
45 45 72.68,-111 10 56.25,,,
45 45 71.99,-111 10 56.26,,,
45 45 71.13,-111 10 56.27,,,
45 45 70.63,-111 10 56.27,,,
45 45 69.97,-111 10 56.25,,,
45 45 69.31,-111 10 56.24,,,
45 45 68.67,-111 10 56.22,,,
45 45 68.04,-111 10 56.22,,,
45 45 67.41,-111 10 56.23,,,
45 45 66.77,-111 10 56.24,,,
45 45 66.14,-111 10 56.25,,,
45 45 65.55,-111 10 56.27,,,
45 45 64.87,-111 10 56.28,,,
45 45 64.25,-111 10 56.63,,,
45 45 63.63,-111 10 56.31,,,
45 45 63.01,-111 10 56.32,,,
45 45 62.41,-111 10 56.33,,,
45 45 61.81,-111 10 56.34,,,
45 45 61.21,-111 10 56.36,,,
45 45 60.62,-111 10 56.38,,,
45 45 60.04,-111 10 56.64,,,
45 45 59.46,-111 10 56.42,,,
45 45 58.91,-111 10 56.44,,,
45 45 58.39,-111 10 56.46,,,
45 45 57.92,-111 10 56.48,,,
45 45 57.75,-111 10 56.49,,,
45 45 57.11,-111 10 56.65,,,
45 45 56.75,-111 10 56.51,,,
45 45 56.41,-111 10 56.52,,,
45 45 56.06,-111 10 56.52,,,
45 45 55.57,-111 10 56.53,,,
45 45 55.53,-111 10 56.54,,,
45 45 54.89,-111 10 56.55,,,
45 45 54.49,-111 10 56.55,,,
45 45 54.08,-111 10 56.54,,,
45 45 53.68,-111 10 56.52,,,
45 45 53.29,-111 10 56.53,,,
45 45 52.87,-111 10 56.56,,,
45 45 52.45,-111 10 56.59,,,
45 45 52.01,-111 10 56.66,,,
45 45 51.56,-111 10 56.61,,,
45 45 51.12,-111 10 56.62,,,
45 45 50.75,-111 10 56.61,,,
45 45 50.46,-111 10 56.66,,,
45 45 50.24,-111 10 56.55,,,
45 45 50.05,-111 10 56.46,,,
45 45 49.87,-111 10 56.26,,,
45 45 49.75,-111 10 55.93,,,
45 45 49.73,-111 10 55.48,,,
45 45 49.76,-111 10 54.95,,,
45 45 49.79,-111 10 54.36,,,
45 45 49.82,-111 10 53.72,,,
45 45 49.83,-111 10 53.05,,,
45 45 49.83,-111 10 52.24,,,
45 45 49.77,-111 10 51.81,,,
45 45 49.62,-111 10 51.32,,,
45 45 49.36,-111 10 50.95,,,
45 45 49.49,-111 10 50.74,,,
45 45 48.55,-111 10 50.67,,,
45 45 48.04,-111 10 50.67,,,
45 45 47.45,-111 10 50.69,,,
45 45 46.82,-111 10 50.07,,,
45 45 46.14,-111 10 50.71,,,
45 45 45.46,-111 10 50.72,,,
45 45 44.78,-111 10 50.74,,,
45 45 44.11,-111 10 50.75,,,
45 45 43.45,-111 10 50.76,,,
45 45 42.81,-111 10 50.77,,,
45 45 42.16,-111 10 50.77,,,
45 45 41.52,-111 10 50.76,,,
45 45 40.88,-111 10 50.75,,,
45 45 40.24,-111 10 50.73,,,
45 45 39.61,-111 10 50.72,,,
45 45 38.99,-111 10 50.71,,,
45 45 38.39,-111 10 50.71,,,
45 45 37.78,-111 10 50.73,,,
45 45 37.22,-111 10 50.74,,,
45 45 36.65,-111 10 50.75,,,
45 45 36.08,-111 10 50.75,,,
45 45 35.51,-111 10 50.75,,,
45 45 34.93,-111 10 50.74,,,
45 45 34.33,-111 10 50.72,,,
45 45 33.74,-111 10 50.69,,,
45 45 33.21,-111 10 50.68,,,
45 45 32.76,-111 10 50.74,,,
45 45 32.41,-111 10 50.94,,,
45 45 32.19,-111 10 51.31,,,
45 45 32.09,-111 10 51.84,,,
45 45 32.06,-111 10 52.48,,,
45 45 32.07,-111 10 53.22,,,
45 45 32.09,-111 10 54.05,,,
45 45 32.11,-111 10 54.98,,,
45 45 32.13,-111 10 55.96,,,
45 45 32.14,-111 10 56.98,,,
45 45 32.16,-111 10 58.02,,,
45 45 32.18,-111 10 59.06,,,
45 45 32.22,-111 10 60.08,,,
45 45 32.21,-111 10 61.09,,,
45 45 32.23,-111 10 62.09,,,
45 45 32.25,-111 10 63.07,,,
45 45 32.26,-111 10 64.04,,,
45 45 32.28,-111 10 64.95,,,
45 45 32.23,-111 10 65.76,,,
45 45 32.31,-111 10 66.46,,,
45 45 32.32,-111 10 67.03,,,
45 45 32.35,-111 10 67.47,,,
45 45 32.39,-111 10 67.78,,,
45 45 32.25,-111 10 68.01,,,
45 45 32.67,-111 10 68.09,,,
45 45 32.86,-111 10 68.04,,,
45 45 33.08,-111 10 67.96,,,
45 45 33.33,-111 10 67.93,,,
45 45 33.49,-111 10 68.04,,,
45 45 33.36,-111 10 68.27,,,
45 45 33.62,-111 10 68.49,,,
45 45 33.62,-111 10 68.86,,,
45 45 33.61,-111 10 68.63,,,
45 45 33.61,-111 10 68.63,,,
45 45 33.61,-111 10 68.63,,,
45 45 33.61,-111 10 68.63,,,
45 45 33.61,-111 10 68.63,,,
45 45 33.61,-111 10 68.63,,,
45 45 33.61,-111 10 68.63,,,
45 45 33.61,-111 10 68.63,,,
45 45 33.61,-111 10 68.63,,,
45 45 33.61,-111 10 68.63,,,
45 45 33.61,-111 10 68.63,,,
45 45 33.61,-111 10 68.63,,,
45 45 33.61,-111 10 68.63,,,
45 45 33.61,-111 10 68.63,,,
45 45 33.61,-111 10 68.63,,,
45 45 33.61,-111 10 68.63,,,
45 45 33.61,-111 10 68.63,,,
45 45 33.61,-111 10 68.63,,,
45 45 33.61,-111 10 68.63,,,
45 45 33.61,-111 10 68.63,,,
45 45 33.61,-111 10 68.63,,,
45 45 33.61,-111 10 68.63,,,
45 45 33.61,-111 10 68.63,,,
45 45 33.61,-111 10 68.63,,,
45 45 33.61,-111 10 68.63,,,
45 45 33.61,-111 10 68.63,,,
45 45 33.61,-111 10 68.63,,,
45 45 33.61,-111 10 68.63,,,
45 45 33.61,-111 10 68.63,,,
45 45 33.61,-111 10 68.63,,,
45 45 33.61,-111 10 68.63,,,
45 45 33.61,-111 10 68.63,,,
45 45 33.61,-111 10 68.63,,,
45 45 33.61,-111 10 68.63,,,
45 45 33.61,-111 10 68.63,,,
45 45 33.61,-111 10 68.63,,,
45 45 33.61,-111 10 68.63,,,
45 45 33.61,-111 10 68.63,,,
45 45 33.61,-111 10 68.63,,,
45 45 33.61,-111 10 68.63,,,
45 45 33.61,-111 10 68.63,,,
45 45 33.61,-111 10 68.63,,,
45 45 33.61,-111 10 68.63,,,
45 45 33.61,-111 10 68.63,,,
45 45 33.61,-111 10 68.63,,,
45 45 33.61,-111 10 68.63,,,
45 45 33.61,-111 10 68.63,,,
45 45 33.61,-111 10 68.63,,,
45 45 33.61,-111 10 68.63,,,
45 45 33.61,-111 10 68.63,,,
45 45 33.61,-111 10 68.63,,,
45 45 33.61,-111 10 68.63,,,
45 45 33.61,-111 10 68.63,,,
45 45 33.61,-111 10 68.63,,,
45 45 33.61,-111 10 68.63,,,
45 45 33.61,-111 10 68.63,,,
45 45 33.61,-111 10 68.63,,,