2017-02-22 00:54:22.245	1	3	4	3	173.993
2017-02-22 00:54:34.360	1	3	1	3	2.28
2017-02-22 00:54:46.516	1	3	3	3	0
2017-02-22 00:54:46.555	1	3	2	3	3.688
2017-02-22 00:56:08.084	1	3	4	3	201.252
2017-02-22 00:56:20.210	1	3	1	3	2.03
2017-02-22 00:56:32.362	1	3	3	3	0
2017-02-22 00:56:32.401	1	3	2	3	3.53
2017-02-22 01:14:44.137	1	3	4	4	186.867
2017-02-22 01:14:56.279	1	3	1	4	1.92
2017-02-22 01:15:08.522	1	3	3	4	0
2017-02-22 01:15:08.558	1	3	2	4	3.858
2017-02-22 01:16:47.373	1	3	4	4	155.438
2017-02-22 01:16:59.560	1	3	1	4	2.41
2017-02-22 01:17:11.737	1	3	3	4	0
2017-02-22 01:17:11.772	1	3	2	4	3.793
2017-02-22 01:22:13.960	1	3	4	5	207.556
2017-02-22 01:22:26.134	1	3	1	5	1.97
2017-02-22 01:22:38.319	1	3	3	5	0
2017-02-22 01:22:38.354	1	3	2	5	4.492
2017-02-22 01:32:01.935	1	3	4	6	249.231
2017-02-22 01:32:14.127	1	3	1	6	2.08
2017-02-22 01:32:26.314	1	3	3	6	0
2017-02-22 01:32:26.349	1	3	2	6	3.536
2017-02-22 01:33:49.935	1	3	4	6	208.79
2017-02-22 01:34:02.108	1	3	1	6	1.92
2017-02-22 01:34:14.301	1	3	3	6	0
2017-02-22 01:34:14.342	1	3	2	6	4.844
2017-02-22 01:42:26.339	1	3	4	7	202.498
2017-02-22 01:42:38.448	1	3	1	7	2.41
2017-02-22 01:42:50.615	1	3	3	7	0
2017-02-22 01:42:50.651	1	3	2	7	3.733
2017-02-22 01:44:15.754	1	3	4	7	267.326
2017-02-22 01:44:27.881	1	3	1	7	2.08
2017-02-22 01:44:40.090	1	3	3	7	0
2017-02-22 01:44:40.127	1	3	2	7	7.361
2017-02-22 04:44:52.930	1	3	4	11	224.437
2017-02-22 04:45:05.070	1	3	1	11	1.97
2017-02-22 04:45:17.266	1	3	3	11	0
2017-02-22 04:45:17.306	1	3	2	11	4.183
2017-02-22 04:46:41.561	1	3	4	11	212.802
2017-02-22 04:46:53.714	1	3	1	11	\N
2017-02-22 04:47:05.779	1	3	3	11	\N
2017-02-22 04:47:05.832	1	3	2	11	\N
2017-02-22 04:54:57.237	1	3	4	12	327.834
2017-02-22 04:55:09.348	1	3	1	12	2.06
2017-02-22 04:55:21.496	1	3	3	12	0
2017-02-22 04:55:21.536	1	3	2	12	5.704
2017-02-22 04:56:45.738	1	3	4	12	181.952
2017-02-22 04:56:57.846	1	3	1	12	2.24
2017-02-22 04:57:10.062	1	3	3	12	0
2017-02-22 04:57:10.098	1	3	2	12	16.167
2017-02-22 05:18:44.432	1	3	4	13	239.739
2017-02-22 05:18:56.545	1	3	1	13	1.9
2017-02-22 05:19:08.740	1	3	3	13	0
2017-02-22 05:19:08.774	1	3	2	13	4.355
2017-02-22 05:20:32.154	1	3	4	13	175.14
2017-02-22 05:20:44.327	1	3	1	13	2.6
2017-02-22 05:20:56.505	1	3	3	13	0
2017-02-22 05:20:56.541	1	3	2	13	2.617
2017-02-22 05:31:22.825	1	3	1	14	\N
2017-02-22 05:31:34.887	1	3	3	14	\N
2017-02-22 05:31:34.938	1	3	2	14	\N
2017-02-22 05:33:12.333	1	3	1	14	2.03
2017-02-22 05:33:24.501	1	3	3	14	0
2017-02-22 05:33:24.593	1	3	2	14	3.679
2017-02-22 06:57:14.587	1	3	4	18	225.666
2017-02-22 06:57:26.742	1	3	1	18	2.28
2017-02-22 06:57:38.906	1	3	3	18	0
2017-02-22 06:57:38.944	1	3	2	18	3.659
2017-02-22 06:59:02.537	1	3	4	18	157.68
2017-02-22 06:59:14.674	1	3	1	18	3.41
2017-02-22 06:59:26.804	1	3	3	18	\N
2017-02-22 06:59:26.835	1	3	2	18	\N
2017-02-22 07:01:04.506	1	3	4	19	220.358
2017-02-22 07:01:16.627	1	3	1	19	\N
2017-02-22 07:01:28.694	1	3	3	19	\N
2017-02-22 07:01:28.735	1	3	2	19	\N
2017-02-22 07:02:52.281	1	3	4	19	190.676
2017-02-22 07:03:04.444	1	3	1	19	4.23
2017-02-22 07:03:16.677	1	3	3	19	0
2017-02-22 07:03:16.720	1	3	2	19	1.706
2017-02-22 08:04:05.238	1	3	4	20	198.078
2017-02-22 08:04:17.359	1	3	1	20	3.26
2017-02-22 08:04:29.535	1	3	3	20	0
2017-02-22 08:04:29.572	1	3	2	20	2.521
2017-02-22 08:05:53.934	1	3	4	20	144.936
2017-02-22 08:06:06.095	1	3	1	20	3.31
2017-02-22 08:06:18.263	1	3	3	20	0
2017-02-22 08:06:18.303	1	3	2	20	2.511
2017-02-22 08:34:11.887	1	3	4	23	180.49
2017-02-22 08:34:23.982	1	3	1	23	\N
2017-02-22 08:34:36.030	1	3	3	23	\N
2017-02-22 08:34:36.069	1	3	2	23	\N
2017-02-22 08:36:00.054	1	3	4	23	151.393
2017-02-22 08:36:12.174	1	3	1	23	2.18
2017-02-22 08:36:24.331	1	3	3	23	0
2017-02-22 08:36:24.366	1	3	2	23	5.242
2017-02-22 10:29:37.531	1	3	4	30	263.99
2017-02-22 10:29:49.647	1	3	1	30	\N
2017-02-22 10:30:01.715	1	3	3	30	\N
2017-02-22 10:30:01.764	1	3	2	30	\N
2017-02-22 10:31:26.123	1	3	4	30	147.007
2017-02-22 10:31:38.244	1	3	1	30	\N
2017-02-22 10:31:50.306	1	3	3	30	\N
2017-02-22 10:31:50.362	1	3	2	30	\N
2017-02-22 10:34:52.201	1	3	4	31	136.363
2017-02-22 10:35:04.331	1	3	1	31	\N
2017-02-22 10:35:16.417	1	3	3	31	\N
2017-02-22 10:35:16.469	1	3	2	31	\N
2017-02-22 10:36:41.203	1	3	4	31	165.471
2017-02-22 10:36:53.335	1	3	1	31	\N
2017-02-22 10:37:05.388	1	3	3	31	\N
2017-02-22 10:37:05.421	1	3	2	31	\N
2017-02-22 10:45:20.075	1	3	4	32	\N
2017-02-22 10:45:32.242	1	3	1	32	2.01
2017-02-22 10:45:44.442	1	3	3	32	0
2017-02-22 10:45:44.477	1	3	2	32	5.648
2017-02-22 10:47:08.407	1	3	4	32	\N
2017-02-22 10:47:20.586	1	3	1	32	3.11
2017-02-22 10:47:32.750	1	3	3	32	0
2017-02-22 10:47:32.789	1	3	2	32	3.312
2017-02-22 10:52:50.739	1	3	4	33	141.684
2017-02-22 10:53:02.818	1	3	1	33	\N
2017-02-22 10:53:14.875	1	3	3	33	\N
2017-02-22 10:53:14.907	1	3	2	33	\N
2017-02-22 10:54:39.861	1	3	4	33	220.871
2017-02-22 10:54:51.943	1	3	1	33	\N
2017-02-22 10:55:03.987	1	3	3	33	\N
2017-02-22 10:55:04.019	1	3	2	33	\N
2017-02-22 11:12:57.062	1	3	4	37	156.149
2017-02-22 11:13:09.189	1	3	1	37	2.07
2017-02-22 11:13:21.410	1	3	3	37	0
2017-02-22 11:13:21.455	1	3	2	37	12.125
2017-02-22 11:14:45.501	1	3	4	37	243.822
2017-02-22 11:14:57.634	1	3	1	37	1.9
2017-02-22 11:15:09.795	1	3	3	37	0
2017-02-22 11:15:09.832	1	3	2	37	2.904
2017-02-24 20:40:48.056	1	3	4	41	170.801
2017-02-24 20:41:00.167	1	3	1	41	1.8
2017-02-24 20:41:12.252	1	3	3	41	\N
2017-02-24 20:41:12.284	1	3	2	41	\N
2017-02-24 20:42:37.040	1	3	4	41	159.249
2017-02-24 20:42:49.202	1	3	1	41	2.32
2017-02-24 20:43:01.324	1	3	3	41	\N
2017-02-24 20:43:01.374	1	3	2	41	\N
2017-02-24 21:26:17.049	1	3	4	43	170.518
2017-02-24 21:26:29.215	1	3	1	43	2.02
2017-02-24 21:26:41.404	1	3	3	43	0
2017-02-24 21:26:41.438	1	3	2	43	4.849
2017-02-24 21:28:05.915	1	3	4	43	242.179
2017-02-24 21:28:18.051	1	3	1	43	2.71
2017-02-24 21:28:30.312	1	3	3	43	0
2017-02-24 21:28:30.348	1	3	2	43	2.799
2017-02-24 22:22:25.636	1	3	4	44	159.92
2017-02-24 22:22:37.758	1	3	1	44	1.23
2017-02-24 22:22:49.930	1	3	3	44	0
2017-02-24 22:22:49.981	1	3	2	44	7.026
2017-02-24 22:24:14.238	1	3	4	44	188.536
2017-02-24 22:24:26.347	1	3	1	44	0.53
2017-02-24 22:24:38.507	1	3	3	44	0
2017-02-24 22:24:38.538	1	3	2	44	15.589
2017-02-24 22:29:17.719	1	3	4	45	166.221
2017-02-24 22:29:29.841	1	3	1	45	0.96
2017-02-24 22:29:42.009	1	3	3	45	0
2017-02-24 22:29:42.075	1	3	2	45	11.321
2017-02-24 22:31:07.182	1	3	4	45	161.554
2017-02-24 22:31:19.279	1	3	1	45	\N
2017-02-24 22:31:31.329	1	3	3	45	\N
2017-02-24 22:31:31.364	1	3	2	45	\N
2017-02-24 22:39:46.239	1	3	4	46	496.169
2017-02-24 22:39:58.331	1	3	1	46	\N
2017-02-24 22:40:10.383	1	3	3	46	\N
2017-02-24 22:40:10.421	1	3	2	46	\N
2017-02-24 22:41:36.651	1	3	4	46	473.455
2017-02-24 22:41:48.765	1	3	1	46	1.25
2017-02-24 22:42:00.926	1	3	3	46	0
2017-02-24 22:42:00.963	1	3	2	46	10.426
2017-02-24 22:43:21.395	1	3	4	47	255.081
2017-02-24 22:43:33.515	1	3	1	47	2.14
2017-02-24 22:43:45.701	1	3	3	47	0
2017-02-24 22:43:45.747	1	3	2	47	6.046
2017-02-24 22:45:10.399	1	3	4	47	164.232
2017-02-24 22:45:22.490	1	3	1	47	\N
2017-02-24 22:45:34.536	1	3	3	47	\N
2017-02-24 22:45:34.571	1	3	2	47	\N
2017-02-24 22:46:55.213	1	3	4	48	502.551
2017-02-24 22:47:07.328	1	3	1	48	1.6
2017-02-24 22:47:19.488	1	3	3	48	0
2017-02-24 22:47:19.521	1	3	2	48	7.672
2017-02-24 22:48:44.321	1	3	4	48	152.772
2017-02-24 22:48:56.458	1	3	1	48	1.74
2017-02-24 22:49:08.671	1	3	3	48	0
2017-02-24 22:49:08.715	1	3	2	48	6.006
2017-02-24 22:50:29.200	1	3	4	49	238.903
2017-02-24 22:50:41.352	1	3	1	49	0.3
2017-02-24 22:50:53.607	1	3	3	49	0
2017-02-24 22:50:53.648	1	3	2	49	20.972
2017-02-24 22:52:18.431	1	3	4	49	162.412
2017-02-24 22:52:30.614	1	3	1	49	1.6
2017-02-24 22:52:42.844	1	3	3	49	0
2017-02-24 22:52:42.898	1	3	2	49	4.531
2017-02-24 22:54:03.562	1	3	4	50	307.878
2017-02-24 22:54:15.708	1	3	1	50	1.53
2017-02-24 22:54:27.921	1	3	3	50	0
2017-02-24 22:54:27.959	1	3	2	50	4.709
2017-02-24 22:55:52.722	1	3	4	50	235.362
2017-02-24 22:56:04.922	1	3	1	50	2.26
2017-02-24 22:56:17.137	1	3	3	50	0
2017-02-24 22:56:17.198	1	3	2	50	2.672
2017-02-24 22:57:37.858	1	3	4	51	203.646
2017-02-24 22:57:50.008	1	3	1	51	1.37
2017-02-24 22:58:02.187	1	3	3	51	0
2017-02-24 22:58:02.231	1	3	2	51	6.077
2017-02-24 22:59:27.405	1	3	4	51	177.442
2017-02-24 22:59:39.581	1	3	1	51	1.93
2017-02-24 22:59:51.674	1	3	3	51	\N
2017-02-24 22:59:51.727	1	3	2	51	\N
2017-02-24 23:01:12.370	1	3	4	52	234.915
2017-02-24 23:01:24.475	1	3	1	52	\N
2017-02-24 23:01:36.524	1	3	3	52	\N
2017-02-24 23:01:36.560	1	3	2	52	\N
2017-02-24 23:03:01.682	1	3	4	52	184.645
2017-02-24 23:03:13.811	1	3	1	52	1.6
2017-02-24 23:03:26.019	1	3	3	52	0
2017-02-24 23:03:26.059	1	3	2	52	5.108
2017-02-24 23:04:46.346	1	3	4	53	214.713
2017-02-24 23:04:58.495	1	3	1	53	1.64
2017-02-24 23:05:10.715	1	3	3	53	0
2017-02-24 23:05:10.758	1	3	2	53	7.209
2017-02-24 23:06:34.592	1	3	4	53	226.317
2017-02-24 23:06:46.713	1	3	1	53	\N
2017-02-24 23:06:58.775	1	3	3	53	\N
2017-02-24 23:06:58.838	1	3	2	53	\N
2017-02-24 23:08:19.515	1	3	4	54	230.963
2017-02-24 23:08:31.697	1	3	1	54	1.84
2017-02-24 23:08:43.913	1	3	3	54	0
2017-02-24 23:08:43.970	1	3	2	54	4.969
2017-02-24 23:10:09.024	1	3	4	54	170.191
2017-02-24 23:10:21.156	1	3	1	54	1.82
2017-02-24 23:10:33.343	1	3	3	54	0
2017-02-24 23:10:33.379	1	3	2	54	4.618
2017-02-24 23:11:54.177	1	3	4	55	450.925
2017-02-24 23:12:06.334	1	3	1	55	1.83
2017-02-24 23:12:18.593	1	3	3	55	0
2017-02-24 23:12:18.632	1	3	2	55	4.729
2017-02-24 23:13:44.159	1	3	4	55	145.632
2017-02-24 23:13:56.313	1	3	1	55	1.87
2017-02-24 23:14:08.554	1	3	3	55	0
2017-02-24 23:14:08.593	1	3	2	55	10.951
2017-02-24 23:34:07.369	1	3	4	57	197.428
2017-02-24 23:34:19.481	1	3	1	57	\N
2017-02-24 23:34:31.543	1	3	3	57	\N
2017-02-24 23:34:31.579	1	3	2	57	\N
2017-02-24 23:35:57.513	1	3	4	57	238.583
2017-02-24 23:36:09.649	1	3	1	57	0.35
2017-02-24 23:36:21.838	1	3	3	57	0
2017-02-24 23:36:21.874	1	3	2	57	22.912
2017-02-24 23:38:38.032	1	3	4	58	178.513
2017-02-24 23:38:50.207	1	3	1	58	1.22
2017-02-24 23:39:02.403	1	3	3	58	0
2017-02-24 23:39:02.441	1	3	2	58	5.092
2017-02-24 23:40:26.648	1	3	4	58	229.728
2017-02-24 23:40:38.778	1	3	1	58	\N
2017-02-24 23:40:50.878	1	3	3	58	\N
2017-02-24 23:40:50.932	1	3	2	58	\N
2017-02-24 23:43:07.690	1	3	4	59	226.689
2017-02-24 23:43:19.849	1	3	1	59	2.05
2017-02-24 23:43:32.155	1	3	3	59	0
2017-02-24 23:43:32.208	1	3	2	59	2.965
2017-02-24 23:44:57.395	1	3	4	59	216.657
2017-02-24 23:45:09.514	1	3	1	59	1.45
2017-02-24 23:45:21.692	1	3	3	59	0
2017-02-24 23:45:21.741	1	3	2	59	9.811
2017-02-24 23:47:36.438	1	3	4	60	289.334
2017-02-24 23:47:48.576	1	3	1	60	1.71
2017-02-24 23:48:00.768	1	3	3	60	0
2017-02-24 23:48:00.802	1	3	2	60	6.166
2017-02-24 23:49:25.853	1	3	4	60	209.887
2017-02-24 23:49:37.994	1	3	1	60	1.77
2017-02-24 23:49:50.220	1	3	3	60	0
2017-02-24 23:49:50.260	1	3	2	60	54.873
2017-02-25 00:44:57.829	1	3	4	61	\N
2017-02-25 00:45:09.923	1	3	1	61	\N
2017-02-25 00:45:21.978	1	3	3	61	\N
2017-02-25 00:45:22.012	1	3	2	61	\N
2017-02-25 00:54:35.477	1	3	4	62	169.036
2017-02-25 00:54:47.633	1	3	1	62	2.5
2017-02-25 00:54:59.768	1	3	3	62	\N
2017-02-25 00:54:59.806	1	3	2	62	\N
2017-02-25 01:01:17.654	1	3	4	62	215.996
2017-02-25 01:01:29.765	1	3	1	62	\N
2017-02-25 01:01:41.852	1	3	3	62	\N
2017-02-25 01:01:41.904	1	3	2	62	\N
2017-02-25 01:04:22.889	1	3	4	63	156.034
2017-02-25 01:04:34.972	1	3	1	63	\N
2017-02-25 01:04:47.038	1	3	3	63	\N
2017-02-25 01:04:47.078	1	3	2	63	\N
2017-02-25 01:14:42.653	1	3	4	64	143.026
2017-02-25 01:14:54.776	1	3	1	64	\N
2017-02-25 01:15:06.842	1	3	3	64	\N
2017-02-25 01:15:06.893	1	3	2	64	\N
2017-02-25 01:16:31.706	1	3	4	64	153.44
2017-02-25 01:16:43.844	1	3	1	64	\N
2017-02-25 01:16:55.917	1	3	3	64	\N
2017-02-25 01:16:55.969	1	3	2	64	\N
2017-02-25 21:00:24.689	1	3	4	65	152.892
2017-02-25 21:00:36.798	1	3	1	65	2.17
2017-02-25 21:00:49.011	1	3	3	65	0
2017-02-25 21:00:49.050	1	3	2	65	3.06
2017-02-25 21:02:13.283	1	3	4	65	236.767
2017-02-25 21:02:25.454	1	3	1	65	2.16
2017-02-25 21:02:37.646	1	3	3	65	0
2017-02-25 21:02:37.685	1	3	2	65	3.297
2017-02-25 21:33:04.529	1	3	4	66	157.214
2017-02-25 21:33:16.654	1	3	1	66	\N
2017-02-25 21:33:28.719	1	3	3	66	\N
2017-02-25 21:33:28.784	1	3	2	66	\N
2017-02-25 21:39:04.466	1	3	4	67	153.385
2017-02-25 21:39:16.552	1	3	1	67	\N
2017-02-25 21:39:28.602	1	3	3	67	\N
2017-02-25 21:39:28.635	1	3	2	67	\N
2017-02-25 22:04:03.225	1	3	4	68	172.821
2017-02-25 22:04:15.370	1	3	1	68	1.75
2017-02-25 22:04:27.560	1	3	3	68	0
2017-02-25 22:04:27.608	1	3	2	68	3.922
2017-02-25 22:17:34.526	1	3	4	69	216.273
2017-02-25 22:17:46.690	1	3	1	69	2.07
2017-02-25 22:17:58.935	1	3	3	69	0
2017-02-25 22:17:58.973	1	3	2	69	3.403
2017-02-25 22:34:02.907	1	3	4	70	154.225
2017-02-25 22:34:15.098	1	3	1	70	1.74
2017-02-25 22:34:27.339	1	3	3	70	0
2017-02-25 22:34:27.374	1	3	2	70	3.478
2017-02-25 22:46:58.831	1	3	4	71	157.14
2017-02-25 22:47:11.047	1	3	1	71	2.27
2017-02-25 22:47:23.311	1	3	3	71	0
2017-02-25 22:47:23.346	1	3	2	71	4.551
2017-02-25 23:04:06.110	1	3	4	72	233.752
2017-02-25 23:04:18.318	1	3	1	72	2.06
2017-02-25 23:04:30.566	1	3	3	72	0
2017-02-25 23:04:30.600	1	3	2	72	3.425
2017-02-25 23:09:03.648	1	3	4	73	212.18
2017-02-25 23:09:15.827	1	3	1	73	0.34
2017-02-25 23:09:28.059	1	3	3	73	0
2017-02-25 23:09:28.095	1	3	2	73	21.498
2017-02-25 23:21:00.533	1	3	4	74	257.436
2017-02-25 23:21:12.665	1	3	1	74	2.09
2017-02-25 23:21:24.835	1	3	3	74	0
2017-02-25 23:21:24.873	1	3	2	74	5.599
2017-02-25 23:29:52.241	1	3	4	75	195.25
2017-02-25 23:30:04.427	1	3	1	75	2.71
2017-02-25 23:30:16.613	1	3	3	75	0
2017-02-25 23:30:16.649	1	3	2	75	9.313
2017-02-25 23:44:06.659	1	3	4	76	196.31
2017-02-25 23:44:18.766	1	3	1	76	\N
2017-02-25 23:44:30.833	1	3	3	76	\N
2017-02-25 23:44:30.887	1	3	2	76	\N
2017-02-25 23:53:11.479	1	3	4	77	241.024
2017-02-25 23:53:23.607	1	3	1	77	1.77
2017-02-25 23:53:35.774	1	3	3	77	0
2017-02-25 23:53:35.811	1	3	2	77	7.425
2017-02-26 00:02:31.980	1	3	4	78	187.203
2017-02-26 00:02:44.067	1	3	1	78	\N
2017-02-26 00:02:56.110	1	3	3	78	\N
2017-02-26 00:02:56.142	1	3	2	78	\N
2017-02-26 00:04:45.340	1	3	4	79	498.58
2017-02-26 00:04:57.451	1	3	1	79	2.14
2017-02-26 00:05:09.658	1	3	3	79	0
2017-02-26 00:05:09.701	1	3	2	79	4.685
2017-02-26 00:06:58.197	1	3	4	80	247.941
2017-02-26 00:07:10.292	1	3	1	80	\N
2017-02-26 00:07:22.362	1	3	3	80	\N
2017-02-26 00:07:22.404	1	3	2	80	\N
2017-02-26 00:09:10.765	1	3	4	81	229.785
2017-02-26 00:09:22.905	1	3	1	81	\N
2017-02-26 00:09:34.976	1	3	3	81	\N
2017-02-26 00:09:35.012	1	3	2	81	\N
2017-02-26 00:11:24.031	1	3	4	82	226.691
2017-02-26 00:11:36.181	1	3	1	82	\N
2017-02-26 00:11:48.253	1	3	3	82	\N
2017-02-26 00:11:48.305	1	3	2	82	\N
2017-02-26 00:26:00.814	1	3	4	83	176.255
2017-02-26 00:26:12.928	1	3	1	83	1.93
2017-02-26 00:26:25.091	1	3	3	83	0
2017-02-26 00:26:25.127	1	3	2	83	7.555
2017-02-26 00:28:09.089	1	3	4	84	204.239
2017-02-26 00:28:21.246	1	3	1	84	0.21
2017-02-26 00:28:33.433	1	3	3	84	0
2017-02-26 00:28:33.467	1	3	2	84	20.069
2017-02-26 00:30:17.429	1	3	4	85	228.168
2017-02-26 00:30:29.601	1	3	1	85	2.39
2017-02-26 00:30:41.890	1	3	3	85	\N
2017-02-26 00:30:41.929	1	3	2	85	\N
2017-02-26 00:32:25.795	1	3	4	86	210.086
2017-02-26 00:32:37.940	1	3	1	86	1.77
2017-02-26 00:32:50.051	1	3	3	86	\N
2017-02-26 00:32:50.083	1	3	2	86	\N
2017-02-26 00:34:34.830	1	3	4	87	303.655
2017-02-26 00:34:46.943	1	3	1	87	1.77
2017-02-26 00:34:59.158	1	3	3	87	0
2017-02-26 00:34:59.192	1	3	2	87	4.838
2017-02-26 00:41:27.557	1	3	4	88	207.095
2017-02-26 00:41:39.739	1	3	1	88	1.57
2017-02-26 00:41:51.984	1	3	3	88	0
2017-02-26 00:41:52.019	1	3	2	88	5.236
2017-02-26 00:46:41.597	1	3	4	89	166.151
2017-02-26 00:46:53.739	1	3	1	89	1.92
2017-02-26 00:47:05.940	1	3	3	89	0
2017-02-26 00:47:05.978	1	3	2	89	9.127
2017-02-26 00:50:41.654	1	3	4	90	152.528
2017-02-26 00:50:53.819	1	3	1	90	1.68
2017-02-26 00:51:05.976	1	3	3	90	0
2017-02-26 00:51:06.013	1	3	2	90	5.815
2017-02-26 00:57:42.977	1	3	4	91	174.992
2017-02-26 00:57:55.138	1	3	1	91	2.37
2017-02-26 00:58:07.352	1	3	3	91	0
2017-02-26 00:58:07.388	1	3	2	91	2.451
2017-02-26 01:04:44.777	1	3	4	92	142.312
2017-02-26 01:04:56.884	1	3	1	92	\N
2017-02-26 01:05:08.938	1	3	3	92	\N
2017-02-26 01:05:08.974	1	3	2	92	\N
2017-02-26 01:11:46.286	1	3	4	93	165.013
2017-02-26 01:11:58.435	1	3	1	93	2.93
2017-02-26 01:12:10.647	1	3	3	93	0
2017-02-26 01:12:10.682	1	3	2	93	1.713
2017-02-26 01:18:47.799	1	3	4	94	208.826
2017-02-26 01:18:59.942	1	3	1	94	1.94
2017-02-26 01:19:12.070	1	3	3	94	\N
2017-02-26 01:19:12.137	1	3	2	94	\N
2017-02-26 01:30:30.779	1	3	4	95	249.547
2017-02-26 01:30:42.975	1	3	1	95	2.02
2017-02-26 01:30:55.178	1	3	3	95	0
2017-02-26 01:30:55.217	1	3	2	95	2.239
2017-02-26 01:37:32.317	1	3	4	96	203.796
2017-02-26 01:37:44.440	1	3	1	96	2.5
2017-02-26 01:37:56.597	1	3	3	96	0
2017-02-26 01:37:56.635	1	3	2	96	2.219
2017-02-26 01:47:38.656	1	3	4	97	188.48
2017-02-26 01:47:50.783	1	3	1	97	1.72
2017-02-26 01:48:02.960	1	3	3	97	0
2017-02-26 01:48:02.996	1	3	2	97	3.212
2017-02-26 01:49:38.698	1	3	4	98	248.202
2017-02-26 01:49:50.839	1	3	1	98	2.24
2017-02-26 01:50:02.919	1	3	3	98	\N
2017-02-26 01:50:02.953	1	3	2	98	\N
2017-03-02 20:57:49.611	1	3	4	99	136.454
2017-03-02 20:58:01.776	1	3	1	99	1.82
2017-03-02 20:58:13.897	1	3	3	99	\N
2017-03-02 20:58:13.954	1	3	2	99	\N
2017-03-02 23:30:29.544	1	3	4	100	158.384
2017-03-02 23:30:41.697	1	3	1	100	\N
2017-03-02 23:30:53.776	1	3	3	100	\N
2017-03-02 23:30:53.818	1	3	2	100	\N
2017-03-02 23:32:11.924	1	3	4	101	166.803
2017-03-02 23:32:24.071	1	3	1	101	2.13
2017-03-02 23:32:36.150	1	3	3	101	\N
2017-03-02 23:32:36.186	1	3	2	101	\N
2017-03-02 23:35:27.826	1	3	4	102	240.936
2017-03-02 23:35:39.968	1	3	1	102	1.98
2017-03-02 23:35:52.164	1	3	3	102	0
2017-03-02 23:35:52.198	1	3	2	102	5.74
2017-03-02 23:37:09.526	1	3	4	103	262.995
2017-03-02 23:37:21.638	1	3	1	103	2
2017-03-02 23:37:33.797	1	3	3	103	0
2017-03-02 23:37:33.840	1	3	2	103	5.208
2017-03-02 23:42:47.528	1	3	4	104	139.87
2017-03-02 23:42:59.704	1	3	1	104	1.56
2017-03-02 23:43:11.861	1	3	3	104	0
2017-03-02 23:43:11.903	1	3	2	104	4.606
2017-03-02 23:44:30.006	1	3	4	105	178.009
2017-03-02 23:44:42.122	1	3	1	105	1.84
2017-03-02 23:44:54.609	1	3	3	105	0
2017-03-02 23:44:54.663	1	3	2	105	5.144
2017-03-02 23:48:30.174	1	3	4	106	234.6
2017-03-02 23:48:42.291	1	3	1	106	1.99
2017-03-02 23:48:54.441	1	3	3	106	0
2017-03-02 23:48:54.484	1	3	2	106	18.352
2017-03-02 23:50:13.780	1	3	4	107	222.593
2017-03-02 23:50:25.936	1	3	1	107	2.01
2017-03-02 23:50:38.113	1	3	3	107	0
2017-03-02 23:50:38.146	1	3	2	107	7.566
2017-03-02 23:57:49.161	1	3	4	108	184.454
2017-03-02 23:58:01.272	1	3	1	108	1.82
2017-03-02 23:58:13.437	1	3	3	108	0
2017-03-02 23:58:13.473	1	3	2	108	5.763
2017-03-03 00:00:06.885	1	3	4	109	215.868
2017-03-03 00:00:19.045	1	3	1	109	0.28
2017-03-03 00:00:31.207	1	3	3	109	0
2017-03-03 00:00:31.255	1	3	2	109	12.348
2017-03-03 00:27:26.861	1	3	1	110	2.46
2017-03-03 00:27:39.030	1	3	3	110	0
2017-03-03 00:27:39.064	1	3	2	110	2.664
2017-03-03 00:27:51.146	1	3	4	110	150.023
2017-03-03 00:29:00.460	1	3	1	110	1.89
2017-03-03 00:29:12.618	1	3	3	110	0
2017-03-03 00:29:12.651	1	3	2	110	3.968
2017-03-03 00:29:24.747	1	3	4	110	188.65
2017-03-03 00:43:24.739	1	3	1	111	1.4
2017-03-03 00:43:36.947	1	3	3	111	0
2017-03-03 00:43:36.981	1	3	2	111	11.607
2017-03-03 00:43:49.110	1	3	4	111	225.871
2017-03-03 00:44:58.375	1	3	1	111	\N
2017-03-03 00:45:10.453	1	3	3	111	\N
2017-03-03 00:45:10.504	1	3	2	111	\N
2017-03-03 00:45:22.590	1	3	4	111	197.23
2017-03-03 00:51:35.634	1	3	1	112	2.2
2017-03-03 00:51:47.850	1	3	3	112	0
2017-03-03 00:51:47.884	1	3	2	112	3.686
2017-03-03 00:52:00.014	1	3	4	112	638.168
2017-03-03 00:53:09.259	1	3	1	112	2.26
2017-03-03 00:53:21.446	1	3	3	112	0
2017-03-03 00:53:21.481	1	3	2	112	4.11
2017-03-03 00:53:33.612	1	3	4	112	166.092
2017-03-03 01:02:44.856	1	3	1	113	1.7
2017-03-03 01:02:56.982	1	3	3	113	\N
2017-03-03 01:02:57.021	1	3	2	113	\N
2017-03-03 01:03:09.138	1	3	4	113	231.679
2017-03-03 01:04:18.456	1	3	1	113	1.99
2017-03-03 01:04:30.640	1	3	3	113	0
2017-03-03 01:04:30.676	1	3	2	113	8.439
2017-03-03 01:04:42.819	1	3	4	113	141.46
2017-03-03 01:05:52.047	1	3	1	113	2.08
2017-03-03 01:06:04.223	1	3	3	113	0
2017-03-03 01:06:04.259	1	3	2	113	19.608
2017-03-03 01:06:16.406	1	3	4	113	163.902
2017-03-03 01:07:25.861	1	3	1	113	1.67
2017-03-03 01:07:38.072	1	3	3	113	0
2017-03-03 01:07:38.106	1	3	2	113	3.665
2017-03-03 01:07:50.232	1	3	4	113	206.718
2017-03-03 01:25:24.511	1	3	1	114	\N
2017-03-03 01:25:36.603	1	3	3	114	\N
2017-03-03 01:25:36.634	1	3	2	114	\N
2017-03-03 01:25:48.778	1	3	4	114	285.258
2017-03-03 01:26:58.138	1	3	1	114	\N
2017-03-03 01:27:10.218	1	3	3	114	\N
2017-03-03 01:27:10.271	1	3	2	114	\N
2017-03-03 01:27:22.412	1	3	4	114	224.681
2017-03-03 01:28:31.822	1	3	1	114	\N
2017-03-03 01:28:43.884	1	3	3	114	\N
2017-03-03 01:28:43.927	1	3	2	114	\N
2017-03-03 01:28:56.034	1	3	4	114	207.509
2017-03-03 01:30:05.245	1	3	1	114	\N
2017-03-03 01:30:17.298	1	3	3	114	\N
2017-03-03 01:30:17.332	1	3	2	114	\N
2017-03-03 01:30:29.440	1	3	4	114	218.687
2017-03-03 01:43:40.132	1	3	1	115	\N
2017-03-03 01:43:52.197	1	3	3	115	\N
2017-03-03 01:43:52.251	1	3	2	115	\N
2017-03-03 01:44:04.400	1	3	4	115	234.437
2017-03-03 01:45:14.017	1	3	1	115	0.4
2017-03-03 01:45:26.126	1	3	3	115	\N
2017-03-03 01:45:26.159	1	3	2	115	\N
2017-03-03 01:45:38.302	1	3	4	115	233.374
2017-03-03 01:46:47.873	1	3	1	115	\N
2017-03-03 01:46:59.948	1	3	3	115	\N
2017-03-03 01:47:00.000	1	3	2	115	\N
2017-03-03 01:47:12.120	1	3	4	115	203.085
2017-03-03 01:48:21.740	1	3	1	115	1.35
2017-03-03 01:48:33.972	1	3	3	115	0
2017-03-03 01:48:34.008	1	3	2	115	7.444
2017-03-03 01:48:46.130	1	3	4	115	205.772
2017-03-03 02:02:36.784	1	3	1	116	\N
2017-03-03 02:02:48.829	1	3	3	116	\N
2017-03-03 02:02:48.865	1	3	2	116	\N
2017-03-03 02:03:00.967	1	3	4	116	220.873
2017-03-03 02:04:10.726	1	3	1	116	\N
2017-03-03 02:04:22.771	1	3	3	116	\N
2017-03-03 02:04:22.805	1	3	2	116	\N
2017-03-03 02:04:34.900	1	3	4	116	258.392
2017-03-03 02:05:44.084	1	3	1	116	\N
2017-03-03 02:05:56.176	1	3	3	116	\N
2017-03-03 02:05:56.221	1	3	2	116	\N
2017-03-03 02:06:08.333	1	3	4	116	243.709
2017-03-03 02:07:17.671	1	3	1	116	\N
2017-03-03 02:07:29.748	1	3	3	116	\N
2017-03-03 02:07:29.801	1	3	2	116	\N
2017-03-03 02:07:41.944	1	3	4	116	207.944
2017-03-03 02:14:33.492	1	3	1	117	0.32
2017-03-03 02:14:45.592	1	3	3	117	\N
2017-03-03 02:14:45.629	1	3	2	117	\N
2017-03-03 02:14:57.710	1	3	4	117	181.676
2017-03-03 02:16:07.296	1	3	1	117	1.85
2017-03-03 02:16:19.380	1	3	3	117	\N
2017-03-03 02:16:19.412	1	3	2	117	\N
2017-03-03 02:16:31.517	1	3	4	117	261.723
2017-03-03 02:17:40.894	1	3	1	117	1.77
2017-03-03 02:17:53.013	1	3	3	117	\N
2017-03-03 02:17:53.062	1	3	2	117	\N
2017-03-03 02:18:05.197	1	3	4	117	233.929
2017-03-03 02:19:14.571	1	3	1	117	1.77
2017-03-03 02:19:26.818	1	3	3	117	0
2017-03-03 02:19:26.854	1	3	2	117	6.534
2017-03-03 02:19:38.976	1	3	4	117	389.232
2017-03-03 02:21:12.123	1	3	1	118	1.8
2017-03-03 02:21:24.315	1	3	3	118	0
2017-03-03 02:21:24.349	1	3	2	118	4.112
2017-03-03 02:21:36.484	1	3	4	118	204.471
2017-03-03 02:22:48.406	1	3	1	118	1.35
2017-03-03 02:23:00.593	1	3	3	118	0
2017-03-03 02:23:00.628	1	3	2	118	7.626
2017-03-03 02:23:12.764	1	3	4	118	251.828
2017-03-03 02:24:22.174	1	3	1	118	1.96
2017-03-03 02:24:34.300	1	3	3	118	\N
2017-03-03 02:24:34.350	1	3	2	118	\N
2017-03-03 02:24:46.486	1	3	4	118	235.476
2017-03-03 02:25:55.910	1	3	1	118	2.3
2017-03-03 02:26:08.067	1	3	3	118	0
2017-03-03 02:26:08.102	1	3	2	118	4.386
2017-03-03 02:26:20.227	1	3	4	118	175.155
2017-03-03 02:58:54.229	1	3	1	119	1.85
2017-03-03 02:59:06.363	1	3	3	119	\N
2017-03-03 02:59:06.416	1	3	2	119	\N
2017-03-03 02:59:18.533	1	3	4	119	226.897
2017-03-03 03:00:21.923	1	3	1	119	\N
2017-03-03 03:00:33.986	1	3	3	119	\N
2017-03-03 03:00:34.027	1	3	2	119	\N
2017-03-03 03:00:46.142	1	3	4	119	170.362
2017-03-03 03:01:49.104	1	3	1	119	\N
2017-03-03 03:02:01.152	1	3	3	119	\N
2017-03-03 03:02:01.188	1	3	2	119	\N
2017-03-03 03:02:13.287	1	3	4	119	281.128
2017-03-03 03:03:16.704	1	3	1	119	2.1
2017-03-03 03:03:29.175	1	3	3	119	0
2017-03-03 03:03:29.209	1	3	2	119	4.759
2017-03-03 03:03:41.331	1	3	4	119	234.375
2017-03-03 03:10:54.081	1	3	1	120	1.83
2017-03-03 03:11:06.246	1	3	3	120	0
2017-03-03 03:11:06.284	1	3	2	120	4.933
2017-03-03 03:11:18.381	1	3	4	120	616.593
2017-03-03 03:12:28.291	1	3	1	120	2.03
2017-03-03 03:12:40.531	1	3	3	120	0
2017-03-03 03:12:40.567	1	3	2	120	5.963
2017-03-03 03:12:52.688	1	3	4	120	206.833
2017-03-03 03:14:01.847	1	3	1	120	1.82
2017-03-03 03:14:14.076	1	3	3	120	0
2017-03-03 03:14:14.122	1	3	2	120	5.322
2017-03-03 03:14:26.251	1	3	4	120	230.039
2017-03-03 03:15:35.412	1	3	1	120	2.13
2017-03-03 03:15:47.502	1	3	3	120	\N
2017-03-03 03:15:47.535	1	3	2	120	\N
2017-03-03 03:15:59.672	1	3	4	120	206.822
2017-03-03 03:17:32.499	1	3	1	121	1.82
2017-03-03 03:17:44.683	1	3	3	121	0
2017-03-03 03:17:44.717	1	3	2	121	6.384
2017-03-03 03:17:56.807	1	3	4	121	144.407
2017-03-03 03:19:10.819	1	3	1	121	2.62
2017-03-03 03:19:23.039	1	3	3	121	0
2017-03-03 03:19:23.075	1	3	2	121	2.272
2017-03-03 03:19:35.207	1	3	4	121	143.557
2017-03-03 03:20:44.311	1	3	1	121	\N
2017-03-03 03:20:56.359	1	3	3	121	\N
2017-03-03 03:20:56.398	1	3	2	121	\N
2017-03-03 03:21:08.483	1	3	4	121	200.651
2017-03-03 03:22:17.752	1	3	1	121	0.36
2017-03-03 03:22:29.914	1	3	3	121	0
2017-03-03 03:22:29.950	1	3	2	121	20.852
2017-03-03 03:22:42.032	1	3	4	121	190.938
2017-03-03 03:24:16.006	1	3	1	122	1.7
2017-03-03 03:24:28.209	1	3	3	122	0
2017-03-03 03:24:28.245	1	3	2	122	6.534
2017-03-03 03:24:40.348	1	3	4	122	430.08
2017-03-03 03:25:52.960	1	3	1	122	1.06
2017-03-03 03:26:05.120	1	3	3	122	0
2017-03-03 03:26:05.153	1	3	2	122	8.902
2017-03-03 03:26:17.238	1	3	4	122	154.07
2017-03-03 03:27:26.407	1	3	1	122	1.88
2017-03-03 03:27:38.590	1	3	3	122	0
2017-03-03 03:27:38.625	1	3	2	122	6.215
2017-03-03 03:27:50.715	1	3	4	122	208.73
2017-03-03 03:28:59.540	1	3	1	122	1.52
2017-03-03 03:29:11.753	1	3	3	122	0
2017-03-03 03:29:11.797	1	3	2	122	6.544
2017-03-03 03:29:23.940	1	3	4	122	159.342
2017-03-03 03:30:57.482	1	3	1	123	1.86
2017-03-03 03:31:09.658	1	3	3	123	0
2017-03-03 03:31:09.697	1	3	2	123	11.584
2017-03-03 03:31:21.817	1	3	4	123	222.524
2017-03-03 03:32:24.837	1	3	1	123	2.28
2017-03-03 03:32:37.010	1	3	3	123	0
2017-03-03 03:32:37.048	1	3	2	123	2.677
2017-03-03 03:32:49.139	1	3	4	123	255.021
2017-03-03 03:33:58.616	1	3	1	123	2.05
2017-03-03 03:34:10.836	1	3	3	123	0
2017-03-03 03:34:10.871	1	3	2	123	4.771
2017-03-03 03:34:22.960	1	3	4	123	184.81
2017-03-03 03:35:32.043	1	3	1	123	1.48
2017-03-03 03:35:44.308	1	3	3	123	0
2017-03-03 03:35:44.348	1	3	2	123	9.63
2017-03-03 03:35:56.485	1	3	4	123	225.002
2017-03-03 03:37:31.817	1	3	1	124	1.67
2017-03-03 03:37:44.042	1	3	3	124	0
2017-03-03 03:37:44.077	1	3	2	124	8.555
2017-03-03 03:37:56.185	1	3	4	124	607.922
2017-03-03 03:39:10.728	1	3	1	124	\N
2017-03-03 03:39:22.772	1	3	3	124	\N
2017-03-03 03:39:22.805	1	3	2	124	\N
2017-03-03 03:39:34.909	1	3	4	124	261.153
2017-03-03 03:40:44.051	1	3	1	124	1.86
2017-03-03 03:40:56.210	1	3	3	124	0
2017-03-03 03:40:56.244	1	3	2	124	2.831
2017-03-03 03:41:08.378	1	3	4	124	222.255
2017-03-03 03:42:17.445	1	3	1	124	2.35
2017-03-03 03:42:29.655	1	3	3	124	0
2017-03-03 03:42:29.689	1	3	2	124	3.663
2017-03-03 03:42:41.812	1	3	4	124	480.125
2017-03-03 03:51:16.115	1	3	1	125	1.48
2017-03-03 03:51:28.347	1	3	3	125	0
2017-03-03 03:51:28.383	1	3	2	125	7.111
2017-03-03 03:51:40.507	1	3	4	125	296.282
2017-03-03 03:52:50.172	1	3	1	125	1.81
2017-03-03 03:53:02.372	1	3	3	125	0
2017-03-03 03:53:02.407	1	3	2	125	3.351
2017-03-03 03:53:14.552	1	3	4	125	155.426
2017-03-03 03:54:24.042	1	3	1	125	1.6
2017-03-03 03:54:36.178	1	3	3	125	\N
2017-03-03 03:54:36.213	1	3	2	125	\N
2017-03-03 03:54:48.334	1	3	4	125	235.955
2017-03-03 03:55:57.716	1	3	1	125	2.05
2017-03-03 03:56:09.905	1	3	3	125	0
2017-03-03 03:56:09.939	1	3	2	125	2.726
2017-03-03 03:56:22.057	1	3	4	125	228.626
2017-03-03 03:57:55.296	1	3	1	126	1.98
2017-03-03 03:58:07.486	1	3	3	126	0
2017-03-03 03:58:07.522	1	3	2	126	3.856
2017-03-03 03:58:19.629	1	3	4	126	214.248
2017-03-03 04:14:38.184	1	3	1	129	\N
2017-03-03 04:14:50.259	1	3	3	129	\N
2017-03-03 04:14:50.301	1	3	2	129	\N
2017-03-03 04:15:02.434	1	3	4	129	239.71
2017-03-03 04:16:10.771	1	3	1	130	1.79
2017-03-03 04:16:22.854	1	3	3	130	\N
2017-03-03 04:16:22.886	1	3	2	130	\N
2017-03-03 04:16:35.008	1	3	4	130	207.922
2017-03-03 04:17:43.845	1	3	1	130	2.05
2017-03-03 04:17:56.009	1	3	3	130	0
2017-03-03 04:17:56.046	1	3	2	130	3.416
2017-03-03 04:18:08.132	1	3	4	130	385.991
2017-03-03 04:19:17.146	1	3	1	130	1.84
2017-03-03 04:19:29.357	1	3	3	130	0
2017-03-03 04:19:29.393	1	3	2	130	3.215
2017-03-03 04:19:41.498	1	3	4	130	218.238
2017-03-03 04:20:50.617	1	3	1	130	2.29
2017-03-03 04:21:02.818	1	3	3	130	0
2017-03-03 04:21:02.854	1	3	2	130	2.507
2017-03-03 04:21:14.991	1	3	4	130	168.237
2017-03-03 04:52:45.511	1	3	1	131	1.72
2017-03-03 04:52:57.686	1	3	3	131	0
2017-03-03 04:52:57.723	1	3	2	131	4.531
2017-03-03 04:53:09.863	1	3	4	131	237.584
2017-03-03 04:54:12.999	1	3	1	131	1.85
2017-03-03 04:54:25.181	1	3	3	131	0
2017-03-03 04:54:25.217	1	3	2	131	5.511
2017-03-03 04:54:37.341	1	3	4	131	257.125
2017-03-03 04:55:47.146	1	3	1	131	2.09
2017-03-03 04:55:59.356	1	3	3	131	0
2017-03-03 04:55:59.390	1	3	2	131	6.6
2017-03-03 04:56:11.510	1	3	4	131	202.769
2017-03-03 05:01:59.617	1	3	1	132	0.28
2017-03-03 05:02:11.844	1	3	3	132	0
2017-03-03 05:02:11.878	1	3	2	132	18.45
2017-03-03 05:02:24.009	1	3	4	132	157.952
2017-03-03 05:03:49.949	1	3	1	132	2.01
2017-03-03 05:04:02.115	1	3	3	132	0
2017-03-03 05:04:02.154	1	3	2	132	3.048
2017-03-03 05:04:14.291	1	3	4	132	245.958
2017-03-03 05:05:23.656	1	3	1	132	2.22
2017-03-03 05:05:35.829	1	3	3	132	0
2017-03-03 05:05:35.861	1	3	2	132	3.329
2017-03-03 05:05:47.948	1	3	4	132	220.686
2017-03-03 05:06:57.114	1	3	1	132	2.21
2017-03-03 05:07:09.336	1	3	3	132	0
2017-03-03 05:07:09.373	1	3	2	132	2.791
2017-03-03 05:07:21.520	1	3	4	132	164.102
2017-03-03 05:08:55.213	1	3	1	133	2.36
2017-03-03 05:09:07.438	1	3	3	133	0
2017-03-03 05:09:07.475	1	3	2	133	17.206
2017-03-03 05:09:19.600	1	3	4	133	175.095
2017-03-03 05:22:01.651	1	3	1	134	1.96
2017-03-03 05:22:13.864	1	3	3	134	0
2017-03-03 05:22:13.898	1	3	2	134	3.724
2017-03-03 05:22:26.024	1	3	4	134	291.485
2017-03-03 05:23:52.144	1	3	1	134	2.18
2017-03-03 05:24:04.306	1	3	3	134	0
2017-03-03 05:24:04.340	1	3	2	134	5.326
2017-03-03 05:24:16.435	1	3	4	134	347.886
2017-03-03 05:25:25.541	1	3	1	134	1.72
2017-03-03 05:25:37.752	1	3	3	134	0
2017-03-03 05:25:37.927	1	3	2	134	6.218
2017-03-03 05:25:50.055	1	3	4	134	215.252
2017-03-03 05:26:59.656	1	3	1	134	2.54
2017-03-03 05:27:11.860	1	3	3	134	0
2017-03-03 05:27:11.898	1	3	2	134	2.066
2017-03-03 05:27:24.014	1	3	4	134	161.089
2017-03-03 05:28:57.487	1	3	1	135	0.39
2017-03-03 05:29:09.689	1	3	3	135	0
2017-03-03 05:29:09.726	1	3	2	135	23.836
2017-03-03 05:29:21.862	1	3	4	135	222.492
2017-03-03 05:35:54.608	1	3	1	136	1.64
2017-03-03 05:36:06.774	1	3	3	136	0
2017-03-03 05:36:06.810	1	3	2	136	5.965
2017-03-03 05:36:18.958	1	3	4	136	184.743
2017-03-03 05:37:44.217	1	3	1	136	0.52
2017-03-03 05:37:56.413	1	3	3	136	0
2017-03-03 05:37:56.450	1	3	2	136	15.687
2017-03-03 05:38:08.589	1	3	4	136	181.674
2017-03-03 05:39:18.051	1	3	1	136	1.98
2017-03-03 05:39:30.258	1	3	3	136	0
2017-03-03 05:39:30.294	1	3	2	136	2.52
2017-03-03 05:39:42.411	1	3	4	136	140.707
2017-03-03 05:40:51.594	1	3	1	136	2.47
2017-03-03 05:41:03.790	1	3	3	136	0
2017-03-03 05:41:03.830	1	3	2	136	2.002
2017-03-03 05:41:15.972	1	3	4	136	595.511
2017-03-03 05:42:48.723	1	3	1	137	1.48
2017-03-03 05:43:00.947	1	3	3	137	0
2017-03-03 05:43:00.983	1	3	2	137	9.338
2017-03-03 05:43:13.074	1	3	4	137	331.744
2017-03-03 05:44:04.042	1	3	1	138	2.66
2017-03-03 05:44:16.259	1	3	3	138	0
2017-03-03 05:44:16.294	1	3	2	138	1.789
2017-03-03 05:44:28.434	1	3	4	138	155.991
2017-03-03 05:45:53.976	1	3	1	138	1.49
2017-03-03 05:46:06.185	1	3	3	138	0
2017-03-03 05:46:06.219	1	3	2	138	5.992
2017-03-03 05:46:18.358	1	3	4	138	183.114
2017-03-03 05:47:27.826	1	3	1	138	2.06
2017-03-03 05:47:40.053	1	3	3	138	0
2017-03-03 05:47:40.090	1	3	2	138	2.623
2017-03-03 05:47:52.212	1	3	4	138	216.199
2017-03-03 05:49:01.442	1	3	1	138	1.77
2017-03-03 05:49:13.663	1	3	3	138	0
2017-03-03 05:49:13.697	1	3	2	138	4.915
2017-03-03 05:49:25.819	1	3	4	138	200.461
2017-03-03 05:50:58.765	1	3	1	139	\N
2017-03-03 05:51:10.837	1	3	3	139	\N
2017-03-03 05:51:10.889	1	3	2	139	\N
2017-03-03 05:51:23.014	1	3	4	139	203.526
2017-03-03 05:52:11.853	1	3	1	140	2.17
2017-03-03 05:52:23.978	1	3	3	140	\N
2017-03-03 05:52:24.012	1	3	2	140	\N
2017-03-03 05:52:36.125	1	3	4	140	205.719
2017-03-03 05:54:01.010	1	3	1	140	\N
2017-03-03 05:54:13.107	1	3	3	140	\N
2017-03-03 05:54:13.162	1	3	2	140	\N
2017-03-03 05:54:25.301	1	3	4	140	257.026
2017-03-03 05:55:34.450	1	3	1	140	\N
2017-03-03 05:55:46.530	1	3	3	140	\N
2017-03-03 05:55:46.582	1	3	2	140	\N
2017-03-03 05:55:58.713	1	3	4	140	214.89
2017-03-03 05:57:07.988	1	3	1	140	1.9
2017-03-03 05:57:20.183	1	3	3	140	0
2017-03-03 05:57:20.220	1	3	2	140	3.789
2017-03-03 05:57:32.332	1	3	4	140	256.771
2017-03-03 05:59:05.825	1	3	1	141	2.03
2017-03-03 05:59:17.905	1	3	3	141	\N
2017-03-03 05:59:17.940	1	3	2	141	\N
2017-03-03 05:59:30.059	1	3	4	141	212.611
2017-03-03 06:05:38.945	1	3	1	142	1.95
2017-03-03 06:05:51.111	1	3	3	142	0
2017-03-03 06:05:51.148	1	3	2	142	2.812
2017-03-03 06:06:03.236	1	3	4	142	185.25
2017-03-03 06:07:29.840	1	3	1	142	2.3
2017-03-03 06:07:42.059	1	3	3	142	0
2017-03-03 06:07:42.102	1	3	2	142	3.458
2017-03-03 06:07:54.219	1	3	4	142	285.156
2017-03-03 06:09:03.637	1	3	1	142	2.34
2017-03-03 06:09:15.861	1	3	3	142	0
2017-03-03 06:09:15.902	1	3	2	142	2.925
2017-03-03 06:09:28.016	1	3	4	142	171.445
2017-03-03 06:10:37.472	1	3	1	142	1.83
2017-03-03 06:10:49.678	1	3	3	142	0
2017-03-03 06:10:49.713	1	3	2	142	5.451
2017-03-03 06:11:01.829	1	3	4	142	418.029
2017-03-03 06:12:35.076	1	3	1	142	2.02
2017-03-03 06:12:47.235	1	3	3	142	0
2017-03-03 06:12:47.270	1	3	2	142	8.748
2017-03-03 06:12:59.403	1	3	4	142	234.629
2017-03-03 06:19:18.269	1	3	1	143	2.29
2017-03-03 06:19:30.443	1	3	3	143	0
2017-03-03 06:19:30.477	1	3	2	143	7.477
2017-03-03 06:19:42.607	1	3	4	143	266.779
2017-03-03 06:21:07.937	1	3	1	143	1.9
2017-03-03 06:21:20.090	1	3	3	143	0
2017-03-03 06:21:20.143	1	3	2	143	6.426
2017-03-03 06:21:32.231	1	3	4	143	587.906
2017-03-03 06:22:41.380	1	3	1	143	1.88
2017-03-03 06:22:53.559	1	3	3	143	0
2017-03-03 06:22:53.592	1	3	2	143	4.715
2017-03-03 06:23:05.737	1	3	4	143	190.39
2017-03-03 06:24:15.057	1	3	1	143	1.7
2017-03-03 06:24:27.268	1	3	3	143	0
2017-03-03 06:24:27.573	1	3	2	143	5.196
2017-03-03 06:24:39.844	1	3	4	143	403.021
2017-03-03 06:26:13.548	1	3	1	143	1.99
2017-03-03 06:26:25.749	1	3	3	143	0
2017-03-03 06:26:25.783	1	3	2	143	4.498
2017-03-03 06:26:37.911	1	3	4	143	200.684
2017-03-03 06:33:33.138	1	3	1	144	1.57
2017-03-03 06:33:45.339	1	3	3	144	0
2017-03-03 06:33:45.375	1	3	2	144	5.289
2017-03-03 06:33:57.502	1	3	4	144	221.813
2017-03-03 06:35:24.241	1	3	1	144	1.92
2017-03-03 06:35:36.483	1	3	3	144	0
2017-03-03 06:35:36.531	1	3	2	144	3.794
2017-03-03 06:35:48.648	1	3	4	144	206.455
2017-03-03 06:36:58.184	1	3	1	144	1.66
2017-03-03 06:37:10.452	1	3	3	144	0
2017-03-03 06:37:10.488	1	3	2	144	3.75
2017-03-03 06:37:22.654	1	3	4	144	464.919
2017-03-03 06:38:32.106	1	3	1	144	1.51
2017-03-03 06:38:44.318	1	3	3	144	0
2017-03-03 06:38:44.355	1	3	2	144	3.885
2017-03-03 06:38:56.475	1	3	4	144	229.919
2017-03-03 06:40:29.869	1	3	1	144	\N
2017-03-03 06:40:41.943	1	3	3	144	\N
2017-03-03 06:40:41.975	1	3	2	144	\N
2017-03-03 06:40:54.105	1	3	4	144	206.932
2017-03-03 19:20:53.254	1	3	1	145	1
2017-03-03 19:21:05.484	1	3	3	145	0
2017-03-03 19:21:05.522	1	3	2	145	12.403
2017-03-03 19:21:17.613	1	3	4	145	179.626
2017-03-03 19:22:44.017	1	3	1	145	1.87
2017-03-03 19:22:56.128	1	3	3	145	\N
2017-03-03 19:22:56.178	1	3	2	145	\N
2017-03-03 19:23:08.300	1	3	4	145	295.862
2017-03-03 19:24:17.449	1	3	1	145	1.77
2017-03-03 19:24:29.648	1	3	3	145	0
2017-03-03 19:24:29.688	1	3	2	145	10.223
2017-03-03 19:24:41.784	1	3	4	145	169.661
2017-03-03 19:25:51.137	1	3	1	145	\N
2017-03-03 19:26:03.204	1	3	3	145	\N
2017-03-03 19:26:03.259	1	3	2	145	\N
2017-03-03 19:26:15.362	1	3	4	145	209.041
2017-03-03 19:27:48.566	1	3	1	145	\N
2017-03-03 19:28:00.622	1	3	3	145	\N
2017-03-03 19:28:00.652	1	3	2	145	\N
2017-03-03 19:28:12.745	1	3	4	145	213.372
2017-03-03 19:29:04.306	1	3	1	146	1.88
2017-03-03 19:29:16.516	1	3	3	146	0
2017-03-03 19:29:16.849	1	3	2	146	8.014
2017-03-03 19:29:28.974	1	3	4	146	150.344
2017-03-03 19:30:53.572	1	3	1	146	\N
2017-03-03 19:31:05.630	1	3	3	146	\N
2017-03-03 19:31:05.668	1	3	2	146	\N
2017-03-03 19:31:17.773	1	3	4	146	215.499
2017-03-03 19:32:27.054	1	3	1	146	2.15
2017-03-03 19:32:39.140	1	3	3	146	\N
2017-03-03 19:32:39.184	1	3	2	146	\N
2017-03-03 19:32:51.293	1	3	4	146	253.427
2017-03-03 19:34:00.480	1	3	1	146	2.17
2017-03-03 19:34:12.735	1	3	3	146	0
2017-03-03 19:34:12.777	1	3	2	146	5.622
2017-03-03 19:34:24.909	1	3	4	146	190.476
2017-03-03 19:35:59.036	1	3	1	146	1.55
2017-03-03 19:36:11.275	1	3	3	146	0
2017-03-03 19:36:11.374	1	3	2	146	1.748
2017-03-03 19:36:23.505	1	3	4	146	149.374
2017-03-03 19:37:15.001	1	3	1	147	1.97
2017-03-03 19:37:27.299	1	3	3	147	0
2017-03-03 19:37:27.341	1	3	2	147	30.805
2017-03-03 19:37:39.432	1	3	4	147	623.196
2017-03-03 19:39:05.109	1	3	1	147	2.07
2017-03-03 19:39:17.390	1	3	3	147	0
2017-03-03 19:39:17.426	1	3	2	147	6.459
2017-03-03 19:39:29.522	1	3	4	147	209.559
2017-03-03 19:40:38.581	1	3	1	147	1.98
2017-03-03 19:40:50.801	1	3	3	147	0
2017-03-03 19:40:50.839	1	3	2	147	4.303
2017-03-03 19:41:02.942	1	3	4	147	194.923
2017-03-03 19:42:12.145	1	3	1	147	2.02
2017-03-03 19:42:24.373	1	3	3	147	0
2017-03-03 19:42:24.418	1	3	2	147	6.594
2017-03-03 19:42:36.511	1	3	4	147	220.939
2017-03-03 19:44:09.521	1	3	1	147	2.01
2017-03-03 19:44:21.737	1	3	3	147	0
2017-03-03 19:44:21.776	1	3	2	147	5.674
2017-03-03 19:44:33.898	1	3	4	147	178.379
2017-03-03 19:45:24.645	1	3	1	148	1.35
2017-03-03 19:45:36.894	1	3	3	148	0
2017-03-03 19:45:36.929	1	3	2	148	9.477
2017-03-03 19:45:49.036	1	3	4	148	545.648
2017-03-03 19:47:14.780	1	3	1	148	1.74
2017-03-03 19:47:27.036	1	3	3	148	0
2017-03-03 19:47:27.088	1	3	2	148	6.658
2017-03-03 19:47:39.178	1	3	4	148	376.94
2017-03-03 19:48:48.162	1	3	1	148	1.68
2017-03-03 19:49:00.387	1	3	3	148	0
2017-03-03 19:49:00.425	1	3	2	148	8.171
2017-03-03 19:49:12.515	1	3	4	148	165.209
2017-03-03 19:50:21.851	1	3	1	148	1.85
2017-03-03 19:50:34.037	1	3	3	148	0
2017-03-03 19:50:34.076	1	3	2	148	20.011
2017-03-03 19:50:46.174	1	3	4	148	189.435
2017-03-03 19:52:18.696	1	3	1	148	1.98
2017-03-03 19:52:30.908	1	3	3	148	0
2017-03-03 19:52:30.944	1	3	2	148	7.34
2017-03-03 19:52:43.069	1	3	4	148	159.975
2017-03-03 19:53:36.706	1	3	1	149	1.8
2017-03-03 19:53:48.927	1	3	3	149	0
2017-03-03 19:53:48.963	1	3	2	149	6.507
2017-03-03 19:54:01.068	1	3	4	149	523.271
2017-03-03 19:55:26.747	1	3	1	149	\N
2017-03-03 19:55:38.788	1	3	3	149	\N
2017-03-03 19:55:38.840	1	3	2	149	\N
2017-03-03 19:55:50.953	1	3	4	149	287.508
2017-03-03 19:57:00.376	1	3	1	149	1.74
2017-03-03 19:57:12.581	1	3	3	149	0
2017-03-03 19:57:12.620	1	3	2	149	7.292
2017-03-03 19:57:24.725	1	3	4	149	293.928
2017-03-03 19:58:34.126	1	3	1	149	1.96
2017-03-03 19:58:46.333	1	3	3	149	0
2017-03-03 19:58:46.383	1	3	2	149	11.142
2017-03-03 19:58:58.476	1	3	4	149	320.201
2017-03-03 20:00:31.236	1	3	1	149	\N
2017-03-03 20:00:43.293	1	3	3	149	\N
2017-03-03 20:00:43.357	1	3	2	149	\N
2017-03-03 20:00:55.475	1	3	4	149	215.24
2017-03-03 20:01:47.106	1	3	1	150	\N
2017-03-03 20:01:59.154	1	3	3	150	\N
2017-03-03 20:01:59.189	1	3	2	150	\N
2017-03-03 20:02:11.280	1	3	4	150	256.831
2017-03-03 20:03:37.811	1	3	1	150	1.57
2017-03-03 20:03:50.024	1	3	3	150	0
2017-03-03 20:03:50.065	1	3	2	150	7.685
2017-03-03 20:04:02.198	1	3	4	150	379.049
2017-03-03 20:05:11.317	1	3	1	150	1.87
2017-03-03 20:05:23.527	1	3	3	150	0
2017-03-03 20:05:23.564	1	3	2	150	5.623
2017-03-03 20:05:35.685	1	3	4	150	221.641
2017-03-03 20:06:44.838	1	3	1	150	1.98
2017-03-03 20:06:57.107	1	3	3	150	0
2017-03-03 20:06:57.157	1	3	2	150	4.484
2017-03-03 20:07:09.254	1	3	4	150	228.016
2017-03-03 20:08:42.219	1	3	1	150	1.87
2017-03-03 20:08:54.401	1	3	3	150	0
2017-03-03 20:08:54.438	1	3	2	150	7.942
2017-03-03 20:09:06.533	1	3	4	150	403.061
2017-03-03 20:09:55.814	1	3	1	151	2.04
2017-03-03 20:10:08.011	1	3	3	151	0
2017-03-03 20:10:08.058	1	3	2	151	6.477
2017-03-03 20:10:20.148	1	3	4	151	151.21
2017-03-03 20:11:46.114	1	3	1	151	2.08
2017-03-03 20:11:58.371	1	3	3	151	0
2017-03-03 20:11:58.430	1	3	2	151	7.03
2017-03-03 20:12:10.546	1	3	4	151	640.848
2017-03-03 20:13:19.856	1	3	1	151	2.04
2017-03-03 20:13:32.109	1	3	3	151	0
2017-03-03 20:13:32.165	1	3	2	151	6.334
2017-03-03 20:13:44.266	1	3	4	151	230.636
2017-03-03 20:14:53.324	1	3	1	151	\N
2017-03-03 20:15:05.374	1	3	3	151	\N
2017-03-03 20:15:05.410	1	3	2	151	\N
2017-03-03 20:15:17.534	1	3	4	151	215.201
2017-03-03 20:16:50.772	1	3	1	151	2.15
2017-03-03 20:17:02.967	1	3	3	151	0
2017-03-03 20:17:03.005	1	3	2	151	2.936
2017-03-03 20:17:15.115	1	3	4	151	190.351
2017-03-03 20:18:05.225	1	3	1	152	1.6
2017-03-03 20:18:17.455	1	3	3	152	0
2017-03-03 20:18:17.496	1	3	2	152	4.378
2017-03-03 20:18:29.602	1	3	4	152	137.871
2017-03-03 20:19:55.717	1	3	1	152	2.17
2017-03-03 20:20:07.998	1	3	3	152	0
2017-03-03 20:20:08.046	1	3	2	152	3.785
2017-03-03 20:20:20.144	1	3	4	152	135.535
2017-03-03 20:21:29.570	1	3	1	152	2.16
2017-03-03 20:21:41.876	1	3	3	152	0
2017-03-03 20:21:41.915	1	3	2	152	3.24
2017-03-03 20:21:54.042	1	3	4	152	190.951
2017-03-03 20:23:03.293	1	3	1	152	1.83
2017-03-03 20:23:15.538	1	3	3	152	0
2017-03-03 20:23:15.578	1	3	2	152	2.612
2017-03-03 20:23:27.693	1	3	4	152	563.439
2017-03-03 20:25:01.711	1	3	1	152	2.22
2017-03-03 20:25:13.950	1	3	3	152	0
2017-03-03 20:25:13.999	1	3	2	152	4.379
2017-03-03 20:25:26.107	1	3	4	152	204.273
2017-03-03 20:26:14.879	1	3	1	153	2.01
2017-03-03 20:26:27.188	1	3	3	153	0
2017-03-03 20:26:27.229	1	3	2	153	5.619
2017-03-03 20:26:39.358	1	3	4	153	161.765
2017-03-03 20:28:05.011	1	3	1	153	2.06
2017-03-03 20:28:17.308	1	3	3	153	0
2017-03-03 20:28:17.354	1	3	2	153	5.416
2017-03-03 20:28:29.469	1	3	4	153	275.977
2017-03-03 20:45:58.244	1	3	1	154	\N
2017-03-03 20:46:10.296	1	3	3	154	\N
2017-03-03 20:46:10.341	1	3	2	154	\N
2017-03-03 20:46:22.451	1	3	4	154	178.603
2017-03-03 20:47:48.778	1	3	1	154	2.3
2017-03-03 20:48:00.982	1	3	3	154	0
2017-03-03 20:48:01.033	1	3	2	154	2.928
2017-03-03 20:48:13.144	1	3	4	154	248.014
2017-03-03 20:49:22.607	1	3	1	154	\N
2017-03-03 20:49:34.676	1	3	3	154	\N
2017-03-03 20:49:34.718	1	3	2	154	\N
2017-03-03 20:49:46.809	1	3	4	154	220.039
2017-03-03 20:50:56.039	1	3	1	154	2.3
2017-03-03 20:51:08.245	1	3	3	154	0
2017-03-03 20:51:08.285	1	3	2	154	3.41
2017-03-03 20:51:20.404	1	3	4	154	221.874
2017-03-03 20:52:53.705	1	3	1	154	1.9
2017-03-03 20:53:05.996	1	3	3	154	0
2017-03-03 20:53:06.040	1	3	2	154	5.641
2017-03-03 20:53:18.165	1	3	4	154	246.012
2017-03-03 20:54:10.400	1	3	1	155	2.46
2017-03-03 20:54:22.524	1	3	3	155	\N
2017-03-03 20:54:22.569	1	3	2	155	\N
2017-03-03 20:54:34.676	1	3	4	155	281.693
2017-03-03 20:56:00.989	1	3	1	155	1.92
2017-03-03 20:56:13.251	1	3	3	155	0
2017-03-03 20:56:13.293	1	3	2	155	4.515
2017-03-03 20:56:25.416	1	3	4	155	198.129
2017-03-03 20:57:34.581	1	3	1	155	1.8
2017-03-03 20:57:46.876	1	3	3	155	0
2017-03-03 20:57:46.918	1	3	2	155	3.316
2017-03-03 20:57:59.030	1	3	4	155	458.338
2017-03-03 20:59:08.988	1	3	1	155	2.16
2017-03-03 20:59:21.089	1	3	3	155	\N
2017-03-03 20:59:21.126	1	3	2	155	\N
2017-03-03 20:59:33.242	1	3	4	155	251.916
2017-03-03 21:01:06.678	1	3	1	155	\N
2017-03-03 21:01:18.734	1	3	3	155	\N
2017-03-03 21:01:18.786	1	3	2	155	\N
2017-03-03 21:01:30.902	1	3	4	155	226.904
2017-03-03 21:02:21.553	1	3	1	156	\N
2017-03-03 21:02:33.628	1	3	3	156	\N
2017-03-03 21:02:33.674	1	3	2	156	\N
2017-03-03 21:02:45.766	1	3	4	156	226.878
2017-03-03 21:04:11.563	1	3	1	156	\N
2017-03-03 21:04:23.618	1	3	3	156	\N
2017-03-03 21:04:23.693	1	3	2	156	\N
2017-03-03 21:04:35.792	1	3	4	156	209.716
2017-03-03 21:05:44.997	1	3	1	156	\N
2017-03-03 21:05:57.049	1	3	3	156	\N
2017-03-03 21:05:57.087	1	3	2	156	\N
2017-03-03 21:06:09.205	1	3	4	156	229.058
2017-03-03 21:07:18.587	1	3	1	156	1.99
2017-03-03 21:07:30.837	1	3	3	156	0
2017-03-03 21:07:30.897	1	3	2	156	2.061
2017-03-03 21:07:43.004	1	3	4	156	155.802
2017-03-03 21:09:16.186	1	3	1	156	1.51
2017-03-03 21:09:28.450	1	3	3	156	0
2017-03-03 21:09:28.513	1	3	2	156	3.278
2017-03-03 21:09:40.691	1	3	4	156	217.343
2017-03-03 21:10:32.443	1	3	1	157	2.13
2017-03-03 21:10:44.545	1	3	3	157	\N
2017-03-03 21:10:44.594	1	3	2	157	\N
2017-03-03 21:10:56.708	1	3	4	157	193.93
2017-03-03 21:12:23.172	1	3	1	157	1.21
2017-03-03 21:12:35.418	1	3	3	157	0
2017-03-03 21:12:35.457	1	3	2	157	11.746
2017-03-03 21:12:47.576	1	3	4	157	200.089
2017-03-03 21:13:56.740	1	3	1	157	1.73
2017-03-03 21:14:08.826	1	3	3	157	\N
2017-03-03 21:14:08.875	1	3	2	157	\N
2017-03-03 21:14:21.377	1	3	4	157	318.111
2017-03-03 21:15:30.610	1	3	1	157	1.57
2017-03-03 21:15:42.692	1	3	3	157	\N
2017-03-03 21:15:42.728	1	3	2	157	\N
2017-03-03 21:15:54.828	1	3	4	157	200.386
2017-03-03 21:17:28.074	1	3	1	157	1.79
2017-03-03 21:17:40.291	1	3	3	157	0
2017-03-03 21:17:40.341	1	3	2	157	6.852
2017-03-03 21:17:52.461	1	3	4	157	230.467
2017-03-03 21:18:42.718	1	3	1	158	2.18
2017-03-03 21:18:54.927	1	3	3	158	0
2017-03-03 21:18:54.970	1	3	2	158	5.111
2017-03-03 21:19:07.070	1	3	4	158	610.768
2017-03-03 21:20:32.289	1	3	1	158	1.82
2017-03-03 21:20:44.577	1	3	3	158	0
2017-03-03 21:20:44.619	1	3	2	158	6.438
2017-03-03 21:20:56.716	1	3	4	158	190.398
2017-03-03 21:22:06.004	1	3	1	158	2.06
2017-03-03 21:22:18.263	1	3	3	158	0
2017-03-03 21:22:18.312	1	3	2	158	7.196
2017-03-03 21:22:30.409	1	3	4	158	631.236
2017-03-03 21:23:39.427	1	3	1	158	\N
2017-03-03 21:23:51.482	1	3	3	158	\N
2017-03-03 21:23:51.520	1	3	2	158	\N
2017-03-03 21:24:03.646	1	3	4	158	250.238
2017-03-03 21:25:36.613	1	3	1	158	1.72
2017-03-03 21:25:48.822	1	3	3	158	0
2017-03-03 21:25:48.860	1	3	2	158	9.768
2017-03-03 21:26:00.975	1	3	4	158	443.338
2017-03-03 21:26:47.571	1	3	1	159	2.33
2017-03-03 21:26:59.799	1	3	3	159	0
2017-03-03 21:26:59.852	1	3	2	159	7.241
2017-03-03 21:27:11.944	1	3	4	159	626.927
2017-03-03 21:28:25.298	1	3	1	159	1.65
2017-03-03 21:28:37.538	1	3	3	159	0
2017-03-03 21:28:37.577	1	3	2	159	6.657
2017-03-03 21:28:49.672	1	3	4	159	516.421
2017-03-03 21:29:58.738	1	3	1	159	1.58
2017-03-03 21:30:10.947	1	3	3	159	0
2017-03-03 21:30:10.986	1	3	2	159	4.911
2017-03-03 21:30:23.097	1	3	4	159	201.727
2017-03-03 21:31:32.143	1	3	1	159	\N
2017-03-03 21:31:44.194	1	3	3	159	\N
2017-03-03 21:31:44.234	1	3	2	159	\N
2017-03-03 21:31:56.383	1	3	4	159	258.183
2017-03-03 21:33:29.143	1	3	1	159	1.91
2017-03-03 21:33:41.446	1	3	3	159	0
2017-03-03 21:33:41.509	1	3	2	159	5.619
2017-03-03 21:33:53.665	1	3	4	159	225.964
2017-03-03 21:34:58.790	1	3	1	160	\N
2017-03-03 21:35:10.840	1	3	3	160	\N
2017-03-03 21:35:10.908	1	3	2	160	\N
2017-03-03 21:35:23.021	1	3	4	160	425.125
2017-03-03 21:36:49.542	1	3	1	160	1.62
2017-03-03 21:37:01.782	1	3	3	160	0
2017-03-03 21:37:01.822	1	3	2	160	8.094
2017-03-03 21:37:13.918	1	3	4	160	262.488
2017-03-03 21:38:23.299	1	3	1	160	2.27
2017-03-03 21:38:35.510	1	3	3	160	0
2017-03-03 21:38:35.550	1	3	2	160	5.038
2017-03-03 21:38:47.667	1	3	4	160	244.011
2017-03-03 21:39:56.833	1	3	1	160	\N
2017-03-03 21:40:08.883	1	3	3	160	\N
2017-03-03 21:40:08.919	1	3	2	160	\N
2017-03-03 21:40:21.025	1	3	4	160	209.294
2017-03-03 21:41:53.953	1	3	1	160	1.65
2017-03-03 21:42:06.167	1	3	3	160	0
2017-03-03 21:42:06.209	1	3	2	160	11.586
2017-03-03 21:42:18.299	1	3	4	160	175.323
2017-03-03 21:43:03.418	1	3	1	161	1.94
2017-03-03 21:43:15.697	1	3	3	161	0
2017-03-03 21:43:15.734	1	3	2	161	5.276
2017-03-03 21:43:27.830	1	3	4	161	284.993
2017-03-03 21:44:53.693	1	3	1	161	1.65
2017-03-03 21:45:05.896	1	3	3	161	0
2017-03-03 21:45:05.944	1	3	2	161	7.878
2017-03-03 21:45:18.059	1	3	4	161	270.14
2017-03-03 21:46:27.046	1	3	1	161	\N
2017-03-03 21:46:39.117	1	3	3	161	\N
2017-03-03 21:46:39.148	1	3	2	161	\N
2017-03-03 21:46:51.259	1	3	4	161	308.192
2017-03-03 21:48:00.357	1	3	1	161	2.2
2017-03-03 21:48:12.606	1	3	3	161	0
2017-03-03 21:48:12.656	1	3	2	161	4.364
2017-03-03 21:48:24.765	1	3	4	161	185.114
2017-03-03 21:49:56.875	1	3	1	161	\N
2017-03-03 21:50:08.928	1	3	3	161	\N
2017-03-03 21:50:08.966	1	3	2	161	\N
2017-03-03 21:50:21.077	1	3	4	161	218.749
2017-03-03 21:59:06.044	1	3	1	162	\N
2017-03-03 21:59:18.096	1	3	3	162	\N
2017-03-03 21:59:18.160	1	3	2	162	\N
2017-03-03 21:59:30.275	1	3	4	162	230.605
2017-03-03 22:00:56.693	1	3	1	162	\N
2017-03-03 22:01:08.740	1	3	3	162	\N
2017-03-03 22:01:08.772	1	3	2	162	\N
2017-03-03 22:01:20.886	1	3	4	162	217.832
2017-03-03 22:02:30.255	1	3	1	162	\N
2017-03-03 22:02:42.319	1	3	3	162	\N
2017-03-03 22:02:42.357	1	3	2	162	\N
2017-03-03 22:02:54.471	1	3	4	162	232.853
2017-03-03 22:04:03.704	1	3	1	162	2.12
2017-03-03 22:04:15.927	1	3	3	162	0
2017-03-03 22:04:15.971	1	3	2	162	3.809
2017-03-03 22:04:28.082	1	3	4	162	211.166
2017-03-03 22:06:01.658	1	3	1	162	1.52
2017-03-03 22:06:13.879	1	3	3	162	0
2017-03-03 22:06:13.920	1	3	2	162	8.481
2017-03-03 22:06:26.040	1	3	4	162	176.576
2017-03-03 22:18:52.184	1	3	1	164	2.52
2017-03-03 22:19:04.276	1	3	3	164	\N
2017-03-03 22:19:04.333	1	3	2	164	\N
2017-03-03 22:19:16.431	1	3	4	164	145.613
2017-03-03 22:20:43.245	1	3	1	164	2.12
2017-03-03 22:20:55.489	1	3	3	164	0
2017-03-03 22:20:55.544	1	3	2	164	4.35
2017-03-03 22:21:07.650	1	3	4	164	222.516
2017-03-03 22:22:17.019	1	3	1	164	1.86
2017-03-03 22:22:29.218	1	3	3	164	0
2017-03-03 22:22:29.269	1	3	2	164	6.061
2017-03-03 22:22:41.372	1	3	4	164	151.177
2017-03-03 22:23:50.629	1	3	1	164	1.67
2017-03-03 22:24:02.835	1	3	3	164	0
2017-03-03 22:24:02.878	1	3	2	164	3.884
2017-03-03 22:24:14.970	1	3	4	164	204.52
2017-03-03 22:25:54.811	1	3	1	164	2.06
2017-03-03 22:26:07.012	1	3	3	164	0
2017-03-03 22:26:07.057	1	3	2	164	2.568
2017-03-03 22:26:19.150	1	3	4	164	202.386
2017-03-03 22:27:08.995	1	3	1	165	1.89
2017-03-03 22:27:21.252	1	3	3	165	0
2017-03-03 22:27:21.304	1	3	2	165	7.845
2017-03-03 22:27:33.408	1	3	4	165	212.326
2017-03-03 22:28:59.683	1	3	1	165	2.24
2017-03-03 22:29:11.831	1	3	3	165	0
2017-03-03 22:29:11.866	1	3	2	165	3.11
2017-03-03 22:29:23.957	1	3	4	165	234.383
2017-03-03 22:30:33.033	1	3	1	165	2.46
2017-03-03 22:30:45.277	1	3	3	165	0
2017-03-03 22:30:45.331	1	3	2	165	6.864
2017-03-03 22:30:57.439	1	3	4	165	223.932
2017-03-03 22:32:06.474	1	3	1	165	1.78
2017-03-03 22:32:18.712	1	3	3	165	0
2017-03-03 22:32:18.748	1	3	2	165	7.176
2017-03-03 22:32:30.838	1	3	4	165	258.617
2017-03-03 22:34:10.372	1	3	1	165	1.79
2017-03-03 22:34:22.575	1	3	3	165	0
2017-03-03 22:34:22.625	1	3	2	165	5.79
2017-03-03 22:34:34.718	1	3	4	165	150.133
2017-03-03 22:35:24.931	1	3	1	166	1.44
2017-03-03 22:35:37.128	1	3	3	166	0
2017-03-03 22:35:37.173	1	3	2	166	8.97
2017-03-03 22:35:49.287	1	3	4	166	356.715
2017-03-03 22:37:09.677	1	3	1	166	1.69
2017-03-03 22:37:21.891	1	3	3	166	0
2017-03-03 22:37:21.953	1	3	2	166	4.006
2017-03-03 22:37:34.073	1	3	4	166	432.804
2017-03-03 22:38:43.153	1	3	1	166	1.64
2017-03-03 22:38:55.316	1	3	3	166	0
2017-03-03 22:38:55.351	1	3	2	166	6.374
2017-03-03 22:39:07.438	1	3	4	166	291.229
2017-03-03 22:40:16.601	1	3	1	166	1.85
2017-03-03 22:40:28.686	1	3	3	166	\N
2017-03-03 22:40:28.719	1	3	2	166	\N
2017-03-03 22:40:40.814	1	3	4	166	250.023
2017-03-03 22:42:20.760	1	3	1	166	2.09
2017-03-03 22:42:32.965	1	3	3	166	0
2017-03-03 22:42:33.016	1	3	2	166	3.765
2017-03-03 22:42:45.116	1	3	4	166	232.865
2017-03-03 22:43:41.836	1	3	1	167	1.92
2017-03-03 22:43:54.115	1	3	3	167	0
2017-03-03 22:43:54.159	1	3	2	167	5.955
2017-03-03 22:44:06.255	1	3	4	167	168.26
2017-03-03 22:45:32.236	1	3	1	167	\N
2017-03-03 22:45:44.287	1	3	3	167	\N
2017-03-03 22:45:44.327	1	3	2	167	\N
2017-03-03 22:45:56.442	1	3	4	167	189.281
2017-03-03 22:47:06.168	1	3	1	167	2.97
2017-03-03 22:47:18.405	1	3	3	167	0
2017-03-03 22:47:18.448	1	3	2	167	2.074
2017-03-03 22:47:30.583	1	3	4	167	167.902
2017-03-03 22:48:40.196	1	3	1	167	2.35
2017-03-03 22:48:52.466	1	3	3	167	0
2017-03-03 22:48:52.520	1	3	2	167	2.888
2017-03-03 22:49:04.624	1	3	4	167	161.947
2017-03-03 22:50:44.807	1	3	1	167	2.7
2017-03-03 22:50:56.994	1	3	3	167	0
2017-03-03 22:50:57.038	1	3	2	167	4.672
2017-03-03 22:51:09.138	1	3	4	167	182.702
2017-03-03 22:51:54.250	1	3	1	168	2.7
2017-03-03 22:52:06.521	1	3	3	168	0
2017-03-03 22:52:06.592	1	3	2	168	2.076
2017-03-03 22:52:18.701	1	3	4	168	132.477
2017-03-03 22:53:45.646	1	3	1	168	2.33
2017-03-03 22:53:57.842	1	3	3	168	0
2017-03-03 22:53:57.895	1	3	2	168	2.299
2017-03-03 22:54:09.992	1	3	4	168	241.143
2017-03-03 22:55:19.322	1	3	1	168	1.81
2017-03-03 22:55:31.418	1	3	3	168	\N
2017-03-03 22:55:31.457	1	3	2	168	\N
2017-03-03 22:55:43.564	1	3	4	168	235.44
2017-03-03 22:56:52.863	1	3	1	168	1.9
2017-03-03 22:57:05.057	1	3	3	168	0
2017-03-03 22:57:05.109	1	3	2	168	4.854
2017-03-03 22:57:17.212	1	3	4	168	192.547
2017-03-03 22:58:57.439	1	3	1	168	2.33
2017-03-03 22:59:09.699	1	3	3	168	0
2017-03-03 22:59:09.758	1	3	2	168	4.041
2017-03-03 22:59:21.853	1	3	4	168	192.077
2017-03-03 23:00:07.011	1	3	1	169	1.5
2017-03-03 23:00:19.102	1	3	3	169	\N
2017-03-03 23:00:19.166	1	3	2	169	\N
2017-03-03 23:00:31.305	1	3	4	169	294.763
2017-03-03 23:01:58.012	1	3	1	169	\N
2017-03-03 23:02:10.077	1	3	3	169	\N
2017-03-03 23:02:10.117	1	3	2	169	\N
2017-03-03 23:02:22.218	1	3	4	169	247.406
2017-03-03 23:03:31.468	1	3	1	169	1.58
2017-03-03 23:03:43.709	1	3	3	169	0
2017-03-03 23:03:43.755	1	3	2	169	2.232
2017-03-03 23:03:55.856	1	3	4	169	228.946
2017-03-03 23:05:05.097	1	3	1	169	1.61
2017-03-03 23:05:17.336	1	3	3	169	0
2017-03-03 23:05:17.387	1	3	2	169	3.304
2017-03-03 23:05:29.494	1	3	4	169	161.965
2017-03-03 23:07:09.313	1	3	1	169	2.32
2017-03-03 23:07:21.589	1	3	3	169	0
2017-03-03 23:07:21.634	1	3	2	169	2.309
2017-03-03 23:07:33.727	1	3	4	169	410.222
2017-03-03 23:08:30.894	1	3	1	170	1.68
2017-03-03 23:08:43.121	1	3	3	170	0
2017-03-03 23:08:43.192	1	3	2	170	16.379
2017-03-03 23:08:55.303	1	3	4	170	149.48
2017-03-03 23:10:21.246	1	3	1	170	2.18
2017-03-03 23:10:33.484	1	3	3	170	0
2017-03-03 23:10:33.530	1	3	2	170	2.282
2017-03-03 23:10:45.638	1	3	4	170	163.326
2017-03-03 23:11:54.870	1	3	1	170	1.87
2017-03-03 23:12:07.079	1	3	3	170	0
2017-03-03 23:12:07.119	1	3	2	170	3.916
2017-03-03 23:12:19.217	1	3	4	170	210.698
2017-03-03 23:13:28.493	1	3	1	170	2
2017-03-03 23:13:40.769	1	3	3	170	0
2017-03-03 23:13:40.840	1	3	2	170	2.705
2017-03-03 23:13:52.974	1	3	4	170	163.502
2017-03-03 23:15:33.014	1	3	1	170	2.06
2017-03-03 23:15:45.113	1	3	3	170	\N
2017-03-03 23:15:45.148	1	3	2	170	\N
2017-03-03 23:15:57.251	1	3	4	170	206.221
2017-03-03 23:16:59.963	1	3	1	171	1.83
2017-03-03 23:17:12.154	1	3	3	171	0
2017-03-03 23:17:12.200	1	3	2	171	6.715
2017-03-03 23:17:24.306	1	3	4	171	157.721
2017-03-03 23:18:50.650	1	3	1	171	1.6
2017-03-03 23:19:02.856	1	3	3	171	0
2017-03-03 23:19:02.901	1	3	2	171	1.993
2017-03-03 23:19:15.009	1	3	4	171	181.132
2017-03-03 23:20:24.245	1	3	1	171	1.54
2017-03-03 23:20:36.457	1	3	3	171	0
2017-03-03 23:20:36.509	1	3	2	171	7.746
2017-03-03 23:20:48.609	1	3	4	171	441.135
2017-03-03 23:21:57.785	1	3	1	171	1.75
2017-03-03 23:22:09.964	1	3	3	171	0
2017-03-03 23:22:10.014	1	3	2	171	7.886
2017-03-03 23:22:22.099	1	3	4	171	463.072
2017-03-03 23:24:01.929	1	3	1	171	2.08
2017-03-03 23:24:14.160	1	3	3	171	0
2017-03-03 23:24:14.197	1	3	2	171	3.923
2017-03-03 23:24:26.288	1	3	4	171	295.557
2017-03-03 23:25:29.161	1	3	1	172	1.75
2017-03-03 23:25:41.354	1	3	3	172	0
2017-03-03 23:25:41.392	1	3	2	172	8.124
2017-03-03 23:25:53.485	1	3	4	172	318.993
2017-03-03 23:27:19.335	1	3	1	172	2.45
2017-03-03 23:27:31.537	1	3	3	172	0
2017-03-03 23:27:31.575	1	3	2	172	2.924
2017-03-03 23:27:43.663	1	3	4	172	149.727
2017-03-03 23:28:53.036	1	3	1	172	2
2017-03-03 23:29:05.241	1	3	3	172	0
2017-03-03 23:29:05.284	1	3	2	172	6.331
2017-03-03 23:29:17.373	1	3	4	172	229.656
2017-03-03 23:30:26.569	1	3	1	172	1.72
2017-03-03 23:30:38.735	1	3	3	172	0
2017-03-03 23:30:38.772	1	3	2	172	6.067
2017-03-03 23:30:50.868	1	3	4	172	190.81
2017-03-03 23:32:30.306	1	3	1	172	2.14
2017-03-03 23:32:42.557	1	3	3	172	0
2017-03-03 23:32:42.595	1	3	2	172	6.425
2017-03-03 23:32:54.686	1	3	4	172	225.445
2017-03-03 23:33:55.906	1	3	1	173	1.56
2017-03-03 23:34:08.086	1	3	3	173	0
2017-03-03 23:34:08.126	1	3	2	173	9.158
2017-03-03 23:34:20.220	1	3	4	173	421.331
2017-03-03 23:35:45.794	1	3	1	173	\N
2017-03-03 23:35:57.841	1	3	3	173	\N
2017-03-03 23:35:57.875	1	3	2	173	\N
2017-03-03 23:36:09.966	1	3	4	173	205.368
2017-03-03 23:37:19.073	1	3	1	173	\N
2017-03-03 23:37:31.129	1	3	3	173	\N
2017-03-03 23:37:31.182	1	3	2	173	\N
2017-03-03 23:37:43.280	1	3	4	173	210.95
2017-03-03 23:38:52.482	1	3	1	173	\N
2017-03-03 23:39:04.538	1	3	3	173	\N
2017-03-03 23:39:04.575	1	3	2	173	\N
2017-03-03 23:39:16.682	1	3	4	173	285.914
2017-03-03 23:40:55.868	1	3	1	173	\N
2017-03-03 23:41:07.921	1	3	3	173	\N
2017-03-03 23:41:07.956	1	3	2	173	\N
2017-03-03 23:41:20.046	1	3	4	173	408.974
2017-03-03 23:47:49.907	1	3	1	174	1.22
2017-03-03 23:48:02.067	1	3	3	174	0
2017-03-03 23:48:02.105	1	3	2	174	83643.6
2017-03-03 23:48:14.201	1	3	4	174	597.764
2017-03-05 19:54:59.878	1	3	1	174	\N
2017-03-05 19:55:11.925	1	3	3	174	\N
2017-03-05 19:55:11.956	1	3	2	174	\N
2017-03-05 19:55:24.049	1	3	4	174	294.906
2017-03-05 19:56:33.141	1	3	1	174	1.74
2017-03-05 19:56:45.306	1	3	3	174	0
2017-03-05 19:56:45.343	1	3	2	174	8.133
2017-03-05 19:56:57.438	1	3	4	174	332.346
2017-03-05 19:58:06.749	1	3	1	174	1.63
2017-03-05 19:58:18.949	1	3	3	174	0
2017-03-05 19:58:18.984	1	3	2	174	5.925
2017-03-05 19:58:31.110	1	3	4	174	270.795
2017-03-05 20:00:09.899	1	3	1	174	1.24
2017-03-05 20:00:22.051	1	3	3	174	0
2017-03-05 20:00:22.085	1	3	2	174	8.239
2017-03-05 20:00:34.211	1	3	4	174	627.237
2017-03-05 20:01:37.892	1	3	1	175	\N
2017-03-05 20:01:49.970	1	3	3	175	\N
2017-03-05 20:01:50.015	1	3	2	175	\N
2017-03-05 20:02:02.131	1	3	4	175	266.975
2017-03-05 20:03:27.525	1	3	1	175	1.77
2017-03-05 20:03:39.729	1	3	3	175	0
2017-03-05 20:03:39.768	1	3	2	175	2.726
2017-03-05 20:03:51.904	1	3	4	175	226.888
2017-03-05 20:05:01.360	1	3	1	175	2.05
2017-03-05 20:05:13.569	1	3	3	175	0
2017-03-05 20:05:13.604	1	3	2	175	3.369
2017-03-05 20:05:25.722	1	3	4	175	226.823
2017-03-05 20:06:34.926	1	3	1	175	1.9
2017-03-05 20:06:47.142	1	3	3	175	0
2017-03-05 20:06:47.197	1	3	2	175	4.494
2017-03-05 20:06:59.325	1	3	4	175	344.264
2017-03-05 20:08:39.943	1	3	1	175	1.97
2017-03-05 20:08:52.167	1	3	3	175	0
2017-03-05 20:08:52.206	1	3	2	175	2.304
2017-03-05 20:09:04.287	1	3	4	175	152.434
2017-03-05 20:10:06.801	1	3	1	176	1.97
2017-03-05 20:10:18.914	1	3	3	176	\N
2017-03-05 20:10:18.947	1	3	2	176	\N
2017-03-05 20:10:31.035	1	3	4	176	265.527
2017-03-05 20:11:54.132	1	3	1	176	1.53
2017-03-05 20:12:06.284	1	3	3	176	0
2017-03-05 20:12:06.318	1	3	2	176	8.443
2017-03-05 20:12:18.426	1	3	4	176	520.388
2017-03-05 20:13:27.590	1	3	1	176	1.9
2017-03-05 20:13:39.771	1	3	3	176	0
2017-03-05 20:13:39.808	1	3	2	176	11.762
2017-03-05 20:13:51.892	1	3	4	176	174.397
2017-03-05 20:15:01.030	1	3	1	176	1.68
2017-03-05 20:15:13.144	1	3	3	176	\N
2017-03-05 20:15:13.194	1	3	2	176	\N
2017-03-05 20:15:25.328	1	3	4	176	237.638
2017-03-05 20:17:04.522	1	3	1	176	1.92
2017-03-05 20:17:16.656	1	3	3	176	0
2017-03-05 20:17:16.694	1	3	2	176	5.718
2017-03-05 20:17:28.812	1	3	4	176	185.155
2017-03-05 20:18:32.653	1	3	1	177	1.8
2017-03-05 20:18:44.844	1	3	3	177	0
2017-03-05 20:18:44.878	1	3	2	177	6.785
2017-03-05 20:18:57.000	1	3	4	177	602.545
2017-03-05 20:20:16.115	1	3	1	177	0.22
2017-03-05 20:20:28.288	1	3	3	177	0
2017-03-05 20:20:28.324	1	3	2	177	18.889
2017-03-05 20:20:40.452	1	3	4	177	276.635
2017-03-05 20:21:49.323	1	3	1	177	1.18
2017-03-05 20:22:01.459	1	3	3	177	0
2017-03-05 20:22:01.516	1	3	2	177	22.481
2017-03-05 20:22:13.647	1	3	4	177	178.912
2017-03-05 20:23:22.595	1	3	1	177	1.96
2017-03-05 20:23:34.736	1	3	3	177	0
2017-03-05 20:23:34.835	1	3	2	177	3.484
2017-03-05 20:23:46.941	1	3	4	177	172.184
2017-03-05 20:25:28.830	1	3	1	177	1.14
2017-03-05 20:25:41.046	1	3	3	177	0
2017-03-05 20:25:41.080	1	3	2	177	7.129
2017-03-05 20:25:53.206	1	3	4	177	635.456
2017-03-05 20:27:01.563	1	3	1	178	1.69
2017-03-05 20:27:13.769	1	3	3	178	0
2017-03-05 20:27:13.811	1	3	2	178	3.67
2017-03-05 20:27:25.894	1	3	4	178	256.966
2017-03-05 20:28:52.834	1	3	1	178	2.04
2017-03-05 20:29:05.055	1	3	3	178	0
2017-03-05 20:29:05.089	1	3	2	178	3.246
2017-03-05 20:29:17.212	1	3	4	178	173.722
2017-03-05 20:30:26.388	1	3	1	178	2.21
2017-03-05 20:30:38.632	1	3	3	178	0
2017-03-05 20:30:38.689	1	3	2	178	2.286
2017-03-05 20:30:50.825	1	3	4	178	224.971
2017-03-05 20:31:59.761	1	3	1	178	0.45
2017-03-05 20:32:11.912	1	3	3	178	0
2017-03-05 20:32:11.948	1	3	2	178	20.688
2017-03-05 20:32:24.083	1	3	4	178	187.012
2017-03-05 20:34:03.091	1	3	1	178	1.86
2017-03-05 20:34:15.277	1	3	3	178	0
2017-03-05 20:34:15.312	1	3	2	178	3.931
2017-03-05 20:34:27.426	1	3	4	178	241.586
2017-03-05 20:44:54.241	1	3	1	179	\N
2017-03-05 20:45:06.287	1	3	3	179	\N
2017-03-05 20:45:06.335	1	3	2	179	\N
2017-03-05 20:45:18.494	1	3	4	179	215.432
2017-03-05 20:46:44.709	1	3	1	179	\N
2017-03-05 20:46:56.784	1	3	3	179	\N
2017-03-05 20:46:56.819	1	3	2	179	\N
2017-03-05 20:47:08.929	1	3	4	179	291.069
2017-03-05 20:48:18.332	1	3	1	179	2.16
2017-03-05 20:48:30.510	1	3	3	179	0
2017-03-05 20:48:30.552	1	3	2	179	2.298
2017-03-05 20:48:42.673	1	3	4	179	155.361
2017-03-05 20:49:51.910	1	3	1	179	\N
2017-03-05 20:50:03.976	1	3	3	179	\N
2017-03-05 20:50:04.032	1	3	2	179	\N
2017-03-05 20:50:16.126	1	3	4	179	243.146
2017-03-05 20:51:55.267	1	3	1	179	1.66
2017-03-05 20:52:07.464	1	3	3	179	0
2017-03-05 20:52:07.498	1	3	2	179	3.14
2017-03-05 20:52:19.618	1	3	4	179	536.725
2017-03-05 20:53:22.841	1	3	1	180	1.61
2017-03-05 20:53:35.199	1	3	3	180	0
2017-03-05 20:53:35.255	1	3	2	180	4.42
2017-03-05 20:53:47.349	1	3	4	180	224.347
2017-03-05 20:55:10.746	1	3	1	180	2.37
2017-03-05 20:55:22.936	1	3	3	180	0
2017-03-05 20:55:23.003	1	3	2	180	3.711
2017-03-05 20:55:35.083	1	3	4	180	163.239
2017-03-05 20:56:44.250	1	3	1	180	1.79
2017-03-05 20:56:56.441	1	3	3	180	0
2017-03-05 20:56:56.476	1	3	2	180	4.87
2017-03-05 20:57:08.602	1	3	4	180	224.626
2017-03-05 20:58:17.868	1	3	1	180	1.9
2017-03-05 20:58:30.066	1	3	3	180	0
2017-03-05 20:58:30.101	1	3	2	180	5.369
2017-03-05 20:58:42.221	1	3	4	180	618.17
2017-03-05 21:00:21.724	1	3	1	180	2.41
2017-03-05 21:00:33.803	1	3	3	180	\N
2017-03-05 21:00:33.838	1	3	2	180	\N
2017-03-05 21:00:45.939	1	3	4	180	197.043
2017-03-05 21:01:50.314	1	3	1	181	\N
2017-03-05 21:02:02.389	1	3	3	181	\N
2017-03-05 21:02:02.441	1	3	2	181	\N
2017-03-05 21:02:14.580	1	3	4	181	207.208
2017-03-05 21:03:40.980	1	3	1	181	\N
2017-03-05 21:03:53.056	1	3	3	181	\N
2017-03-05 21:03:53.103	1	3	2	181	\N
2017-03-05 21:04:05.220	1	3	4	181	252.08
2017-03-05 21:05:14.446	1	3	1	181	0.49
2017-03-05 21:05:26.662	1	3	3	181	0
2017-03-05 21:05:26.698	1	3	2	181	18.851
2017-03-05 21:05:38.826	1	3	4	181	154.516
2017-03-05 21:06:48.055	1	3	1	181	2.42
2017-03-05 21:07:00.256	1	3	3	181	0
2017-03-05 21:07:00.295	1	3	2	181	1.845
2017-03-05 21:07:12.418	1	3	4	181	164.947
2017-03-05 21:08:52.533	1	3	1	181	1.89
2017-03-05 21:09:04.740	1	3	3	181	\N
2017-03-05 21:09:04.786	1	3	2	181	\N
2017-03-05 21:09:16.884	1	3	4	181	274.19
2017-03-05 21:10:21.532	1	3	1	182	2.13
2017-03-05 21:10:33.691	1	3	3	182	0
2017-03-05 21:10:33.725	1	3	2	182	2.757
2017-03-05 21:10:45.827	1	3	4	182	230.981
2017-03-05 21:12:13.231	1	3	1	182	\N
2017-03-05 21:12:25.299	1	3	3	182	\N
2017-03-05 21:12:25.351	1	3	2	182	\N
2017-03-05 21:12:37.444	1	3	4	182	207.302
2017-03-05 21:13:46.743	1	3	1	182	2.32
2017-03-05 21:13:58.999	1	3	3	182	0
2017-03-05 21:13:59.034	1	3	2	182	2.942
2017-03-05 21:14:11.135	1	3	4	182	209.817
2017-03-05 21:15:20.445	1	3	1	182	2.32
2017-03-05 21:15:32.655	1	3	3	182	0
2017-03-05 21:15:32.692	1	3	2	182	4.061
2017-03-05 21:15:44.814	1	3	4	182	220.665
2017-03-05 21:17:25.252	1	3	1	182	1.95
2017-03-05 21:17:37.419	1	3	3	182	0
2017-03-05 21:17:37.455	1	3	2	182	5.018
2017-03-05 21:17:49.550	1	3	4	182	252.835
2017-03-05 21:18:49.100	1	3	1	183	2.03
2017-03-05 21:19:01.264	1	3	3	183	0
2017-03-05 21:19:01.321	1	3	2	183	2.184
2017-03-05 21:19:13.422	1	3	4	183	150.91
2017-03-05 21:20:39.401	1	3	1	183	2.24
2017-03-05 21:20:51.560	1	3	3	183	0
2017-03-05 21:20:51.596	1	3	2	183	2.19
2017-03-05 21:21:03.714	1	3	4	183	255.764
2017-03-05 21:22:13.234	1	3	1	183	1.43
2017-03-05 21:22:25.393	1	3	3	183	0
2017-03-05 21:22:25.428	1	3	2	183	7.219
2017-03-05 21:22:37.513	1	3	4	183	490.518
2017-03-05 21:23:46.851	1	3	1	183	1.83
2017-03-05 21:23:59.020	1	3	3	183	0
2017-03-05 21:23:59.056	1	3	2	183	5.114
2017-03-05 21:24:11.147	1	3	4	183	231.141
2017-03-05 21:25:51.216	1	3	1	183	2.24
2017-03-05 21:26:03.397	1	3	3	183	0
2017-03-05 21:26:03.433	1	3	2	183	2.176
2017-03-05 21:26:15.566	1	3	4	183	192.758
2017-03-05 21:38:53.153	1	3	1	184	1.38
2017-03-05 21:39:05.343	1	3	3	184	0
2017-03-05 21:39:05.379	1	3	2	184	2.624
2017-03-05 21:39:17.488	1	3	4	184	147.773
2017-03-05 21:40:41.390	1	3	1	184	1.81
2017-03-05 21:40:53.558	1	3	3	184	0
2017-03-05 21:40:53.592	1	3	2	184	4.868
2017-03-05 21:41:05.676	1	3	4	184	552.497
2017-03-05 21:42:19.728	1	3	1	184	2.07
2017-03-05 21:42:31.927	1	3	3	184	0
2017-03-05 21:42:31.960	1	3	2	184	2.826
2017-03-05 21:42:44.095	1	3	4	184	626.638
2017-03-05 21:43:58.858	1	3	1	184	1.91
2017-03-05 21:44:11.065	1	3	3	184	0
2017-03-05 21:44:11.099	1	3	2	184	5.08
2017-03-05 21:44:23.222	1	3	4	184	407.747
2017-03-05 21:46:08.314	1	3	1	184	1.63
2017-03-05 21:46:20.538	1	3	3	184	0
2017-03-05 21:46:20.572	1	3	2	184	4.14
2017-03-05 21:46:32.705	1	3	4	184	265.464
2017-03-05 21:55:23.206	1	3	1	185	2.09
2017-03-05 21:55:35.380	1	3	3	185	0
2017-03-05 21:55:35.416	1	3	2	185	3.735
2017-03-05 21:55:47.500	1	3	4	185	366.225
2017-03-05 21:57:14.532	1	3	1	185	1.79
2017-03-05 21:57:26.796	1	3	3	185	0
2017-03-05 21:57:26.831	1	3	2	185	3.163
2017-03-05 21:57:38.935	1	3	4	185	158.756
2017-03-05 21:58:53.070	1	3	1	185	1.66
2017-03-05 21:59:05.280	1	3	3	185	0
2017-03-05 21:59:05.319	1	3	2	185	4.231
2017-03-05 21:59:17.455	1	3	4	185	287.001
2017-03-05 22:00:31.926	1	3	1	185	\N
2017-03-05 22:00:44.004	1	3	3	185	\N
2017-03-05 22:00:44.035	1	3	2	185	\N
2017-03-05 22:00:56.120	1	3	4	185	230.128
2017-03-05 22:02:41.842	1	3	1	185	1.85
2017-03-05 22:02:54.061	1	3	3	185	1.3
2017-03-05 22:02:54.098	1	3	2	185	2.984
2017-03-05 22:03:06.224	1	3	4	185	195.138
2017-03-05 22:22:57.447	1	3	1	186	\N
2017-03-09 03:05:45.387	1	3	1	188	1.17
2017-03-09 03:05:57.560	1	3	3	188	0
2017-03-09 03:05:57.601	1	3	2	188	9.11
2017-03-09 03:06:09.694	1	3	4	188	196.441
2017-03-09 03:07:35.997	1	3	1	188	0.88
2017-03-09 03:07:48.162	1	3	3	188	0
2017-03-09 03:07:48.200	1	3	2	188	4.883
2017-03-09 03:08:00.308	1	3	4	188	258.445
2017-03-09 03:09:14.725	1	3	1	188	0.88
2017-03-09 03:09:26.890	1	3	3	188	0
2017-03-09 03:09:26.933	1	3	2	188	6.466
2017-03-09 03:09:39.026	1	3	4	188	374.968
2017-03-09 03:10:53.404	1	3	1	188	0.78
2017-03-09 03:11:05.591	1	3	3	188	0
2017-03-09 03:11:05.627	1	3	2	188	4.222
2017-03-09 03:11:17.718	1	3	4	188	388.085
2017-03-09 03:13:02.039	1	3	1	188	0.85
2017-03-09 03:13:14.199	1	3	3	188	0
2017-03-09 03:13:14.235	1	3	2	188	6.929
2017-03-09 03:13:26.326	1	3	4	188	238.069
2017-03-09 03:14:30.671	1	3	1	189	0.82
2017-03-09 03:14:42.823	1	3	3	189	0
2017-03-09 03:14:42.856	1	3	2	189	5.859
2017-03-09 03:14:54.940	1	3	4	189	304.552
2017-03-09 03:16:21.465	1	3	1	189	\N
2017-03-09 03:16:33.511	1	3	3	189	\N
2017-03-09 03:16:33.547	1	3	2	189	\N
2017-03-09 03:16:45.645	1	3	4	189	257.266
2017-03-09 03:18:00.315	1	3	1	189	\N
2017-03-09 03:18:12.366	1	3	3	189	\N
2017-03-09 03:18:12.408	1	3	2	189	\N
2017-03-09 03:18:24.508	1	3	4	189	247.887
2017-03-09 03:19:38.847	1	3	1	189	\N
2017-03-09 03:19:50.913	1	3	3	189	\N
2017-03-09 03:19:50.952	1	3	2	189	\N
2017-03-09 03:20:03.045	1	3	4	189	299.82
2017-03-09 03:21:47.598	1	3	1	189	\N
2017-03-09 03:21:59.642	1	3	3	189	\N
2017-03-09 03:21:59.812	1	3	2	189	\N
2017-03-09 03:22:11.915	1	3	4	189	246.376
2017-03-09 03:23:05.266	1	3	1	190	\N
2017-03-09 03:23:17.316	1	3	3	190	\N
2017-03-09 03:23:17.351	1	3	2	190	\N
2017-03-09 03:23:29.458	1	3	4	190	250.297
2017-03-09 03:26:17.195	1	3	1	191	\N
2017-03-09 03:26:29.247	1	3	3	191	\N
2017-03-09 03:26:29.285	1	3	2	191	\N
2017-03-09 03:26:41.376	1	3	4	191	260.991
2017-03-09 03:28:30.300	1	3	1	191	\N
2017-03-09 03:28:42.347	1	3	3	191	\N
2017-03-09 03:28:42.384	1	3	2	191	\N
2017-03-09 03:28:54.500	1	3	4	191	232.626
2017-03-09 03:30:08.786	1	3	1	191	\N
2017-03-09 03:30:20.834	1	3	3	191	\N
2017-03-09 03:30:20.918	1	3	2	191	\N
2017-03-09 03:30:33.094	1	3	4	191	306.28
2017-03-09 03:31:47.433	1	3	1	191	1.54
2017-03-09 03:31:59.517	1	3	3	191	\N
2017-03-09 03:31:59.552	1	3	2	191	\N
2017-03-09 03:32:11.642	1	3	4	191	252.841
2017-03-09 03:48:31.228	1	3	1	192	1.41
2017-03-09 03:48:43.394	1	3	3	192	0
2017-03-09 03:48:43.428	1	3	2	192	3.452
2017-03-09 03:48:55.507	1	3	4	192	208.876
2017-03-09 03:50:22.058	1	3	1	192	1.36
2017-03-09 03:50:34.247	1	3	3	192	0
2017-03-09 03:50:34.289	1	3	2	192	7.206
2017-03-09 03:50:46.377	1	3	4	192	287.03
2017-03-09 03:52:00.755	1	3	1	192	1.31
2017-03-09 03:52:12.911	1	3	3	192	0
2017-03-09 03:52:12.944	1	3	2	192	9.305
2017-03-09 03:52:25.034	1	3	4	192	193.751
2017-03-09 03:53:39.210	1	3	1	192	0.25
2017-03-09 03:53:51.400	1	3	3	192	0
2017-03-09 03:53:51.439	1	3	2	192	26.825
2017-03-09 03:54:03.527	1	3	4	192	195.986
2017-03-09 03:55:47.912	1	3	1	192	1.71
2017-03-09 03:56:00.081	1	3	3	192	0
2017-03-09 03:56:00.116	1	3	2	192	3.017
2017-03-09 03:56:12.201	1	3	4	192	313.562
2017-03-09 03:57:15.571	1	3	1	193	1.97
2017-03-09 03:57:27.722	1	3	3	193	0
2017-03-09 03:57:27.756	1	3	2	193	3.233
2017-03-09 03:57:39.834	1	3	4	193	219.081
2017-03-09 03:59:06.295	1	3	1	193	1.91
2017-03-09 03:59:18.373	1	3	3	193	\N
2017-03-09 03:59:18.405	1	3	2	193	\N
2017-03-09 03:59:30.547	1	3	4	193	266.735
2017-03-09 04:00:44.803	1	3	1	193	1.83
2017-03-09 04:00:56.960	1	3	3	193	0
2017-03-09 04:00:56.994	1	3	2	193	4.249
2017-03-09 04:01:09.075	1	3	4	193	176.803
2017-03-09 04:02:23.373	1	3	1	193	0.18
2017-03-09 04:02:35.616	1	3	3	193	30
2017-03-09 04:02:35.651	1	3	2	193	47.797
2017-03-09 04:02:47.730	1	3	4	193	240.052
2017-03-09 04:04:32.294	1	3	1	193	\N
2017-03-09 04:04:44.338	1	3	3	193	\N
2017-03-09 04:04:44.376	1	3	2	193	\N
2017-03-09 04:04:56.454	1	3	4	193	\N
2017-03-09 04:05:58.334	1	3	1	194	\N
2017-03-09 04:06:10.378	1	3	3	194	\N
2017-03-09 04:06:10.417	1	3	2	194	\N
2017-03-09 04:06:22.515	1	3	4	194	\N
2017-03-09 04:07:49.623	1	3	1	194	\N
2017-03-09 04:08:01.664	1	3	3	194	\N
2017-03-09 04:08:01.698	1	3	2	194	\N
2017-03-09 04:08:13.786	1	3	4	194	3137.245
2017-03-09 04:09:27.771	1	3	1	194	0.43
2017-03-09 04:09:39.934	1	3	3	194	0
2017-03-09 04:09:39.974	1	3	2	194	17.312
2017-03-09 04:09:52.055	1	3	4	194	182.989
2017-03-09 04:11:06.281	1	3	1	194	0.18
2017-03-09 04:11:18.445	1	3	3	194	32
2017-03-09 04:11:18.476	1	3	2	194	36.539
2017-03-09 04:11:30.608	1	3	4	194	253.786
2017-03-09 04:13:14.085	1	3	1	194	0.48
2017-03-09 04:13:26.245	1	3	3	194	0
2017-03-09 04:13:26.280	1	3	2	194	27.79
2017-03-09 04:13:38.369	1	3	4	194	208.245
2017-03-09 04:14:32.904	1	3	1	195	1.93
2017-03-09 04:14:45.065	1	3	3	195	0
2017-03-09 04:14:45.109	1	3	2	195	2.419
2017-03-09 04:14:57.198	1	3	4	195	195.559
2017-03-09 04:16:25.132	1	3	1	195	\N
2017-03-09 04:16:37.187	1	3	3	195	\N
2017-03-09 04:16:37.222	1	3	2	195	\N
2017-03-09 04:16:49.328	1	3	4	195	309.907
2017-03-09 04:18:03.643	1	3	1	195	1.9
2017-03-09 04:18:15.800	1	3	3	195	0
2017-03-09 04:18:15.832	1	3	2	195	2.134
2017-03-09 04:18:27.916	1	3	4	195	141.1
2017-03-09 04:19:42.288	1	3	1	195	1.73
2017-03-09 04:19:54.448	1	3	3	195	0
2017-03-09 04:19:54.476	1	3	2	195	3.859
2017-03-09 04:20:06.560	1	3	4	195	146.138
2017-03-09 04:21:50.975	1	3	1	195	1.3
2017-03-09 04:22:03.137	1	3	3	195	0
2017-03-09 04:22:03.173	1	3	2	195	5.327
2017-03-09 04:22:15.262	1	3	4	195	256.208
2017-03-09 04:23:16.093	1	3	1	196	1.3
2017-03-09 04:23:28.257	1	3	3	196	0
2017-03-09 04:23:28.290	1	3	2	196	6.065
2017-03-09 04:23:40.376	1	3	4	196	216.21
2017-03-09 04:25:07.861	1	3	1	196	1.82
2017-03-09 04:25:20.007	1	3	3	196	0
2017-03-09 04:25:20.044	1	3	2	196	2.235
2017-03-09 04:25:32.124	1	3	4	196	400.432
2017-03-09 04:26:46.446	1	3	1	196	2.25
2017-03-09 04:26:58.603	1	3	3	196	0
2017-03-09 04:26:58.636	1	3	2	196	3.067
2017-03-09 04:27:10.716	1	3	4	196	478.792
2017-03-09 04:27:55.788	1	3	1	200	1.84
2017-03-09 04:28:07.938	1	3	3	200	0
2017-03-09 04:28:07.972	1	3	2	200	30855.4
2017-03-09 04:28:20.052	1	3	4	200	355.209
2017-03-09 04:28:25.128	1	3	1	196	1.78
2017-03-09 04:28:37.283	1	3	3	196	0
2017-03-09 04:28:37.342	1	3	2	196	7.347
2017-03-09 04:28:49.442	1	3	4	196	159.037
2017-03-09 04:30:33.540	1	3	1	196	1.69
2017-03-09 04:30:45.691	1	3	3	196	0
2017-03-09 04:30:45.725	1	3	2	196	3.391
2017-03-09 04:30:57.805	1	3	4	196	621.332
2017-03-09 04:31:57.906	1	3	1	197	0.99
2017-03-09 04:32:10.060	1	3	3	197	0
2017-03-09 04:32:10.093	1	3	2	197	8.665
2017-03-09 04:32:22.181	1	3	4	197	186.012
2017-03-09 04:33:47.880	1	3	1	197	1.72
2017-03-09 04:34:00.046	1	3	3	197	0
2017-03-09 04:34:00.093	1	3	2	197	4.028
2017-03-09 04:34:12.174	1	3	4	197	164.627
2017-03-09 04:35:26.243	1	3	1	197	2.02
2017-03-09 04:35:38.412	1	3	3	197	0
2017-03-09 04:35:38.452	1	3	2	197	4.428
2017-03-09 04:35:50.584	1	3	4	197	211.114
2017-03-09 04:37:04.777	1	3	1	197	1.79
2017-03-09 04:37:16.940	1	3	3	197	0
2017-03-09 04:37:16.979	1	3	2	197	2.668
2017-03-09 04:37:29.068	1	3	4	197	389.889
2017-03-09 04:39:13.072	1	3	1	197	1.43
2017-03-09 04:39:25.239	1	3	3	197	0
2017-03-09 04:39:25.275	1	3	2	197	17.925
2017-03-09 04:39:37.363	1	3	4	197	180.632
2017-03-09 04:40:41.068	1	3	1	198	1.77
2017-03-09 04:40:53.218	1	3	3	198	0
2017-03-09 04:40:53.254	1	3	2	198	7.505
2017-03-09 04:41:05.358	1	3	4	198	183.818
2017-03-09 04:42:32.809	1	3	1	198	1.52
2017-03-09 04:42:44.969	1	3	3	198	0
2017-03-09 04:42:45.010	1	3	2	198	3.948
2017-03-09 04:42:57.093	1	3	4	198	227.573
2017-03-09 04:44:11.286	1	3	1	198	1.78
2017-03-09 04:44:23.451	1	3	3	198	0
2017-03-09 04:44:23.486	1	3	2	198	6.414
2017-03-09 04:44:35.586	1	3	4	198	207.346
2017-03-09 04:45:49.673	1	3	1	198	1.87
2017-03-09 04:46:01.826	1	3	3	198	0
2017-03-09 04:46:01.861	1	3	2	198	3.63
2017-03-09 04:46:13.976	1	3	4	198	182.948
2017-03-09 04:47:58.080	1	3	1	198	1.89
2017-03-09 04:48:10.242	1	3	3	198	0
2017-03-09 04:48:10.281	1	3	2	198	3.16
2017-03-09 04:48:22.371	1	3	4	198	250.576
2017-03-09 04:49:25.342	1	3	1	199	1.61
2017-03-09 04:49:37.508	1	3	3	199	0
2017-03-09 04:49:37.542	1	3	2	199	5.017
2017-03-09 04:49:49.625	1	3	4	199	273.105
2017-03-09 21:50:41.055	1	3	1	200	1.84
2017-03-09 21:50:53.231	1	3	3	200	0
2017-03-09 21:50:53.272	1	3	2	200	3.928
2017-03-09 21:51:05.434	1	3	4	200	288.405
2017-03-09 21:52:19.664	1	3	1	200	\N
2017-03-09 21:52:31.708	1	3	3	200	\N
2017-03-09 21:52:31.741	1	3	2	200	\N
2017-03-09 21:52:43.824	1	3	4	200	240.973
2017-03-09 21:53:58.151	1	3	1	200	\N
2017-03-09 21:54:10.196	1	3	3	200	\N
2017-03-09 21:54:10.231	1	3	2	200	\N
2017-03-09 21:54:22.322	1	3	4	200	213.653
2017-03-09 21:56:06.784	1	3	1	200	1.57
2017-03-09 21:56:18.944	1	3	3	200	0
2017-03-09 21:56:18.978	1	3	2	200	8.192
2017-03-09 21:56:31.061	1	3	4	200	205.505
2017-03-09 21:57:33.430	1	3	1	201	2.21
2017-03-09 21:57:45.596	1	3	3	201	0
2017-03-09 21:57:45.634	1	3	2	201	2.986
2017-03-09 21:57:57.715	1	3	4	201	191.416
2017-03-09 21:59:23.385	1	3	1	201	1.34
2017-03-09 21:59:35.552	1	3	3	201	0
2017-03-09 21:59:35.592	1	3	2	201	20.467
2017-03-09 21:59:47.687	1	3	4	201	295.819
2017-03-09 22:01:01.830	1	3	1	201	1.87
2017-03-09 22:01:13.977	1	3	3	201	0
2017-03-09 22:01:14.010	1	3	2	201	3.832
2017-03-09 22:01:26.095	1	3	4	201	202.109
2017-03-09 22:02:40.330	1	3	1	201	0.16
2017-03-09 22:02:52.500	1	3	3	201	51
2017-03-09 22:02:52.537	1	3	2	201	100.662
2017-03-09 22:03:04.634	1	3	4	201	443.509
2017-03-09 22:04:49.000	1	3	1	201	\N
2017-03-09 22:05:01.043	1	3	3	201	\N
2017-03-09 22:05:01.075	1	3	2	201	\N
2017-03-09 22:05:13.157	1	3	4	201	\N
2017-03-09 22:06:17.547	1	3	1	202	\N
2017-03-09 22:06:29.595	1	3	3	202	\N
2017-03-09 22:06:29.631	1	3	2	202	\N
2017-03-09 22:06:41.724	1	3	4	202	8736.996
2017-03-09 22:08:08.718	1	3	1	202	1.12
2017-03-09 22:08:20.791	1	3	3	202	\N
2017-03-09 22:08:20.830	1	3	2	202	\N
2017-03-09 22:08:32.916	1	3	4	202	223.578
2017-03-09 22:09:46.970	1	3	1	202	1.02
2017-03-09 22:09:59.047	1	3	3	202	\N
2017-03-09 22:09:59.080	1	3	2	202	\N
2017-03-09 22:10:11.163	1	3	4	202	241.165
2017-03-09 22:11:25.397	1	3	1	202	1.84
2017-03-09 22:11:37.568	1	3	3	202	0
2017-03-09 22:11:37.603	1	3	2	202	4.89
2017-03-09 22:11:49.689	1	3	4	202	183.352
2017-03-09 22:13:33.763	1	3	1	202	1.78
2017-03-09 22:13:45.914	1	3	3	202	0
2017-03-09 22:13:45.952	1	3	2	202	3.896
2017-03-09 22:13:58.037	1	3	4	202	183.813
2017-03-09 22:14:55.281	1	3	1	203	1.6
2017-03-09 22:15:07.465	1	3	3	203	0
2017-03-09 22:15:07.513	1	3	2	203	5.267
2017-03-09 22:15:19.608	1	3	4	203	168.42
2017-03-09 22:16:46.736	1	3	1	203	\N
2017-03-09 22:16:58.779	1	3	3	203	\N
2017-03-09 22:16:58.811	1	3	2	203	\N
2017-03-09 22:17:10.895	1	3	4	203	261.812
2017-03-09 22:18:25.233	1	3	1	203	1.34
2017-03-09 22:18:37.389	1	3	3	203	0
2017-03-09 22:18:37.426	1	3	2	203	6.221
2017-03-09 22:18:49.531	1	3	4	203	202.646
2017-03-09 22:20:03.753	1	3	1	203	1.98
2017-03-09 22:20:15.898	1	3	3	203	0
2017-03-09 22:20:15.934	1	3	2	203	4.02
2017-03-09 22:20:28.020	1	3	4	203	641.434
2017-03-09 22:22:12.293	1	3	1	203	2.15
2017-03-09 22:22:24.469	1	3	3	203	0
2017-03-09 22:22:24.518	1	3	2	203	8.057
2017-03-09 22:22:36.606	1	3	4	203	182.717
2017-03-09 22:23:41.211	1	3	1	204	2.29
2017-03-09 22:23:53.432	1	3	3	204	0
2017-03-09 22:23:53.468	1	3	2	204	3.22
2017-03-09 22:24:05.566	1	3	4	204	176.748
2017-03-09 22:25:29.537	1	3	1	204	2.22
2017-03-09 22:25:41.731	1	3	3	204	0
2017-03-09 22:25:41.781	1	3	2	204	4.759
2017-03-09 22:25:53.878	1	3	4	204	464.125
2017-03-09 22:27:07.885	1	3	1	204	2.3
2017-03-09 22:27:20.035	1	3	3	204	0
2017-03-09 22:27:20.204	1	3	2	204	5.686
2017-03-09 22:27:32.430	1	3	4	204	204.293
