2017-02-17 23:04:36.440	1	1	4	0	1
2017-02-22 00:43:50.464	1	1	4	1	\N
2017-02-22 00:43:50.470	1	1	20	1	\N
2017-02-22 00:46:20.614	1	1	4	2	\N
2017-02-22 00:46:20.622	1	1	20	2	\N
2017-02-22 00:53:25.605	1	1	4	3	4373.69
2017-02-22 00:53:25.613	1	1	20	3	-31
2017-02-22 00:55:16.620	1	1	1	3	2.54
2017-02-22 00:55:36.808	1	1	2	3	0.472
2017-02-22 00:55:36.842	1	1	3	3	0
2017-02-22 01:13:47.338	1	1	4	4	-110239
2017-02-22 01:13:47.340	1	1	20	4	-34
2017-02-22 01:15:41.638	1	1	1	4	\N
2017-02-22 01:16:01.700	1	1	2	4	\N
2017-02-22 01:16:01.732	1	1	3	4	\N
2017-02-22 01:21:17.238	1	1	4	5	-87156.1
2017-02-22 01:21:17.241	1	1	20	5	-34
2017-02-22 01:31:05.408	1	1	4	6	2397.82
2017-02-22 01:31:05.410	1	1	20	6	-32
2017-02-22 01:32:58.126	1	1	1	6	2.51
2017-02-22 01:33:18.289	1	1	2	6	0.725
2017-02-22 01:33:18.344	1	1	3	6	0
2017-02-22 01:43:24.273	1	1	1	7	2.53
2017-02-22 01:43:44.481	1	1	2	7	0.524
2017-02-22 01:43:44.519	1	1	3	7	0
2017-02-22 04:34:29.213	1	1	4	8	\N
2017-02-22 04:34:29.223	1	1	20	8	\N
2017-02-22 04:40:13.583	1	1	4	9	\N
2017-02-22 04:40:13.588	1	1	20	9	\N
2017-02-22 04:42:53.248	1	1	4	10	\N
2017-02-22 04:42:53.257	1	1	20	10	\N
2017-02-22 04:45:49.977	1	1	1	11	2.56
2017-02-22 04:46:10.178	1	1	2	11	0.522
2017-02-22 04:46:10.223	1	1	3	11	0
2017-02-22 04:54:05.353	1	1	4	12	-2273.16
2017-02-22 04:54:05.413	1	1	20	12	-31
2017-02-22 04:55:59.316	1	1	1	12	2.46
2017-02-22 04:56:19.469	1	1	2	12	0.685
2017-02-22 04:56:19.503	1	1	3	12	0
2017-02-22 05:17:52.850	1	1	4	13	-2301.29
2017-02-22 05:17:52.853	1	1	20	13	-31
2017-02-22 05:19:45.667	1	1	1	13	2.51
2017-02-22 05:20:05.830	1	1	2	13	0.389
2017-02-22 05:20:05.864	1	1	3	13	0
2017-02-22 05:30:18.891	1	1	4	14	-2183.95
2017-02-22 05:30:18.894	1	1	20	14	-31
2017-02-22 05:32:13.558	1	1	1	14	2.46
2017-02-22 05:32:33.699	1	1	2	14	0.741
2017-02-22 05:32:33.731	1	1	3	14	0
2017-02-22 06:31:12.564	1	1	4	15	\N
2017-02-22 06:31:12.583	1	1	20	15	\N
2017-02-22 06:45:27.886	1	1	4	16	-2301.03
2017-02-22 06:45:27.888	1	1	20	16	-35
2017-02-22 06:49:33.089	1	1	4	17	-1748.91
2017-02-22 06:49:33.099	1	1	20	17	-33
2017-02-22 06:56:23.059	1	1	4	18	\N
2017-02-22 06:56:23.064	1	1	20	18	\N
2017-02-22 06:58:16.044	1	1	1	18	2.59
2017-02-22 06:58:36.215	1	1	2	18	0.515
2017-02-22 06:58:36.249	1	1	3	18	0
2017-02-22 07:00:12.745	1	1	4	19	-3093.4
2017-02-22 07:00:12.748	1	1	20	19	-31
2017-02-22 07:02:05.651	1	1	1	19	2.47
2017-02-22 07:02:25.851	1	1	2	19	0.43
2017-02-22 07:02:25.884	1	1	3	19	0
2017-02-22 08:02:33.574	1	1	4	20	-3580.26
2017-02-22 08:02:33.579	1	1	20	20	-31
2017-02-22 08:05:07.430	1	1	1	20	2.64
2017-02-22 08:05:27.603	1	1	2	20	0.602
2017-02-22 08:05:27.645	1	1	3	20	0
2017-02-22 08:21:39.030	1	1	4	21	\N
2017-02-22 08:21:39.037	1	1	20	21	\N
2017-02-22 08:26:55.591	1	1	4	22	\N
2017-02-22 08:26:55.595	1	1	20	22	\N
2017-02-22 08:32:19.589	1	1	4	23	\N
2017-02-22 08:32:19.592	1	1	20	23	\N
2017-02-22 08:35:13.558	1	1	1	23	2.55
2017-02-22 08:35:33.724	1	1	2	23	0.619
2017-02-22 08:35:33.759	1	1	3	23	0
2017-02-22 08:37:27.629	1	1	4	24	\N
2017-02-22 08:37:27.656	1	1	20	24	\N
2017-02-22 08:47:16.300	1	1	4	25	\N
2017-02-22 08:47:16.334	1	1	20	25	\N
2017-02-22 09:28:46.065	1	1	4	26	\N
2017-02-22 09:28:46.095	1	1	20	26	\N
2017-02-22 09:30:19.705	1	1	4	27	\N
2017-02-22 09:30:19.732	1	1	20	27	\N
2017-02-22 09:44:38.707	1	1	4	28	\N
2017-02-22 09:44:38.715	1	1	20	28	\N
2017-02-22 10:17:25.144	1	1	4	29	\N
2017-02-22 10:17:25.151	1	1	20	29	\N
2017-02-22 10:28:15.187	1	1	4	30	\N
2017-02-22 10:28:15.197	1	1	20	30	\N
2017-02-22 10:30:39.523	1	1	1	30	2.48
2017-02-22 10:30:59.746	1	1	2	30	0.308
2017-02-22 10:30:59.781	1	1	3	30	0
2017-02-22 10:33:39.424	1	1	4	31	-4227.44
2017-02-22 10:33:39.429	1	1	20	31	-32
2017-02-22 10:35:54.009	1	1	1	31	2.46
2017-02-22 10:36:14.600	1	1	2	31	0.561
2017-02-22 10:36:14.633	1	1	3	31	0
2017-02-22 10:44:06.616	1	1	4	32	-4550.62
2017-02-22 10:44:06.624	1	1	20	32	-32
2017-02-22 10:46:21.837	1	1	1	32	2.57
2017-02-22 10:46:42.063	1	1	2	32	0.471
2017-02-22 10:46:42.106	1	1	3	32	0
2017-02-22 10:51:55.262	1	1	4	33	-5769.64
2017-02-22 10:51:55.270	1	1	20	33	-35
2017-02-22 10:52:09.683	1	1	4	34	\N
2017-02-22 10:52:09.799	1	1	20	34	\N
2017-02-22 10:53:53.380	1	1	1	33	2.43
2017-02-22 10:54:13.518	1	1	2	33	0.492
2017-02-22 10:54:13.560	1	1	3	33	0
2017-02-22 10:56:44.680	1	1	4	35	\N
2017-02-22 10:56:44.688	1	1	20	35	\N
2017-02-22 11:09:43.576	1	1	4	36	\N
2017-02-22 11:09:43.586	1	1	20	36	\N
2017-02-22 11:11:44.030	1	1	4	37	-2403.77
2017-02-22 11:11:44.032	1	1	20	37	-31
2017-02-22 11:13:58.975	1	1	1	37	2.48
2017-02-22 11:14:19.150	1	1	2	37	0.502
2017-02-22 11:14:19.185	1	1	3	37	0
2017-02-22 11:19:09.496	1	1	4	38	\N
2017-02-22 11:19:09.501	1	1	20	38	\N
2017-02-22 11:33:25.194	1	1	4	39	\N
2017-02-22 11:33:25.197	1	1	20	39	\N
2017-02-22 11:35:51.359	1	1	4	40	\N
2017-02-22 11:35:51.362	1	1	20	40	\N
2017-02-22 12:45:03.323	1	1	4	41	-67780.4
2017-02-22 12:45:03.326	1	1	20	41	-34
2017-02-24 20:41:50.511	1	1	1	41	2.56
2017-02-24 20:42:10.654	1	1	2	41	0.721
2017-02-24 20:42:10.687	1	1	3	41	0
2017-02-24 21:23:52.170	1	1	4	42	\N
2017-02-24 21:23:52.177	1	1	20	42	\N
2017-02-24 21:25:25.343	1	1	4	43	-68458.1
2017-02-24 21:25:25.346	1	1	20	43	-20
2017-02-24 21:27:19.325	1	1	1	43	2.56
2017-02-24 21:27:39.568	1	1	2	43	0.412
2017-02-24 21:27:39.617	1	1	3	43	0
2017-02-24 21:50:40.777	1	1	4	44	-34265
2017-02-24 21:50:40.782	1	1	20	44	-19
2017-02-24 22:23:27.832	1	1	1	44	2.53
2017-02-24 22:23:47.973	1	1	2	44	0.458
2017-02-24 22:23:48.015	1	1	3	44	0
2017-02-24 22:26:22.707	1	1	4	45	1.5
2017-02-24 22:26:22.711	1	1	20	45	-32
2017-02-24 22:30:20.603	1	1	1	45	2.42
2017-02-24 22:30:40.858	1	1	2	45	1.004
2017-02-24 22:30:40.907	1	1	3	45	0
2017-02-24 22:38:33.646	1	1	4	46	1.405
2017-02-24 22:38:33.648	1	1	20	46	-32
2017-02-24 22:40:50.205	1	1	1	46	2.52
2017-02-24 22:41:10.373	1	1	2	46	0.37
2017-02-24 22:41:10.416	1	1	3	46	0
2017-02-24 22:42:29.959	1	1	4	47	-607.166
2017-02-24 22:42:29.962	1	1	20	47	-26
2017-02-24 22:44:23.929	1	1	1	47	2.38
2017-02-24 22:44:44.105	1	1	2	47	0.486
2017-02-24 22:44:44.145	1	1	3	47	0
2017-02-24 22:46:03.605	1	1	4	48	-198.35
2017-02-24 22:46:03.610	1	1	20	48	-26
2017-02-24 22:47:57.862	1	1	1	48	2.31
2017-02-24 22:48:18.015	1	1	2	48	0.343
2017-02-24 22:48:18.051	1	1	3	48	0
2017-02-24 22:49:37.742	1	1	4	49	-167.871
2017-02-24 22:49:37.749	1	1	20	49	-26
2017-02-24 22:51:31.871	1	1	1	49	2.5
2017-02-24 22:51:52.057	1	1	2	49	0.564
2017-02-24 22:51:52.098	1	1	3	49	0
2017-02-24 22:53:12.014	1	1	4	50	-44.261
2017-02-24 22:53:12.023	1	1	20	50	-25
2017-02-24 22:55:06.276	1	1	1	50	2.48
2017-02-24 22:55:26.438	1	1	2	50	0.533
2017-02-24 22:55:26.471	1	1	3	50	0
2017-02-24 22:56:46.293	1	1	4	51	-650.265
2017-02-24 22:56:46.313	1	1	20	51	-26
2017-02-24 22:58:40.920	1	1	1	51	2.45
2017-02-24 22:59:01.094	1	1	2	51	0.329
2017-02-24 22:59:01.135	1	1	3	51	0
2017-02-24 23:00:20.844	1	1	4	52	160.821
2017-02-24 23:00:20.850	1	1	20	52	-25
2017-02-24 23:02:15.251	1	1	1	52	2.45
2017-02-24 23:02:35.407	1	1	2	52	0.308
2017-02-24 23:02:35.442	1	1	3	52	0
2017-02-24 23:03:54.897	1	1	4	53	17.868
2017-02-24 23:03:54.900	1	1	20	53	-25
2017-02-24 23:05:48.046	1	1	1	53	2.47
2017-02-24 23:06:08.264	1	1	2	53	0.624
2017-02-24 23:06:08.315	1	1	3	53	0
2017-02-24 23:07:27.875	1	1	4	54	182.813
2017-02-24 23:07:27.893	1	1	20	54	-26
2017-02-24 23:09:22.233	1	1	1	54	2.4
2017-02-24 23:09:42.710	1	1	2	54	0.672
2017-02-24 23:09:42.772	1	1	3	54	0
2017-02-24 23:11:02.713	1	1	4	55	32.387
2017-02-24 23:11:02.719	1	1	20	55	-26
2017-02-24 23:12:57.658	1	1	1	55	2.5
2017-02-24 23:13:17.884	1	1	2	55	0.871
2017-02-24 23:13:17.925	1	1	3	55	0
2017-02-24 23:28:05.973	1	1	4	56	\N
2017-02-24 23:28:05.982	1	1	20	56	\N
2017-02-24 23:32:53.544	1	1	4	57	-1764.51
2017-02-24 23:32:53.554	1	1	20	57	-26
2017-02-24 23:35:10.684	1	1	1	57	2.43
2017-02-24 23:35:30.863	1	1	2	57	0.317
2017-02-24 23:35:30.896	1	1	3	57	0
2017-02-24 23:37:46.576	1	1	4	58	772.193
2017-02-24 23:37:46.578	1	1	20	58	-26
2017-02-24 23:39:40.193	1	1	1	58	2.43
2017-02-24 23:40:00.382	1	1	2	58	0.311
2017-02-24 23:40:00.416	1	1	3	58	0
2017-02-24 23:42:15.434	1	1	4	59	-438.38
2017-02-24 23:42:15.436	1	1	20	59	-38
2017-02-24 23:44:10.979	1	1	1	59	2.55
2017-02-24 23:44:31.173	1	1	2	59	0.493
2017-02-24 23:44:31.206	1	1	3	59	0
2017-02-24 23:46:44.841	1	1	4	60	625.831
2017-02-24 23:46:44.848	1	1	20	60	-24
2017-02-24 23:48:39.352	1	1	1	60	2.45
2017-02-24 23:48:59.526	1	1	2	60	0.279
2017-02-24 23:48:59.567	1	1	3	60	0
2017-02-24 23:51:14.459	1	1	4	61	363.524
2017-02-24 23:51:14.465	1	1	20	61	-14
2017-02-25 00:45:59.464	1	1	1	61	2.56
2017-02-25 00:46:19.624	1	1	2	61	0.475
2017-02-25 00:46:19.660	1	1	3	61	0
2017-02-25 00:47:39.060	1	1	4	62	0
2017-02-25 01:02:20.331	1	1	1	62	2.6
2017-02-25 01:02:40.502	1	1	2	62	0.554
2017-02-25 01:02:40.538	1	1	3	62	0
2017-02-25 01:03:59.638	1	1	4	63	0
2017-02-25 01:13:51.096	1	1	4	64	1.41
2017-02-25 01:13:51.100	1	1	20	64	-19
2017-02-25 01:15:45.086	1	1	1	64	2.54
2017-02-25 01:16:05.267	1	1	2	64	0.386
2017-02-25 01:16:05.302	1	1	3	64	0
2017-02-25 01:21:53.055	1	1	4	65	-2259.94
2017-02-25 01:21:53.065	1	1	20	65	-15
2017-02-25 21:01:26.718	1	1	1	65	2.53
2017-02-25 21:01:46.869	1	1	2	65	0.516
2017-02-25 21:01:46.923	1	1	3	65	0
2017-02-25 21:33:58.717	1	1	4	66	-3525.25
2017-02-25 21:33:58.722	1	1	20	66	-15
2017-02-25 21:34:19.367	1	1	1	66	\N
2017-02-25 21:34:39.430	1	1	2	66	\N
2017-02-25 21:34:39.487	1	1	3	66	\N
2017-02-25 21:39:57.671	1	1	4	67	0
2017-02-25 21:40:17.890	1	1	1	67	2.42
2017-02-25 21:40:38.088	1	1	2	67	0.3
2017-02-25 21:40:38.123	1	1	3	67	0
2017-02-25 22:05:01.787	1	1	4	68	\N
2017-02-25 22:05:01.793	1	1	20	68	\N
2017-02-25 22:05:22.084	1	1	1	68	\N
2017-02-25 22:05:42.125	1	1	2	68	\N
2017-02-25 22:05:42.158	1	1	3	68	\N
2017-02-25 22:18:33.379	1	1	4	69	0
2017-02-25 22:18:53.491	1	1	1	69	\N
2017-02-25 22:19:13.531	1	1	2	69	\N
2017-02-25 22:19:13.567	1	1	3	69	\N
2017-02-25 22:35:01.912	1	1	4	70	0
2017-02-25 22:35:01.924	1	1	20	70	-14
2017-02-25 22:35:22.261	1	1	1	70	2.57
2017-02-25 22:35:42.471	1	1	2	70	0.542
2017-02-25 22:35:42.512	1	1	3	70	0
2017-02-25 22:47:48.669	1	1	1	71	2.51
2017-02-25 22:48:08.904	1	1	2	71	0.334
2017-02-25 22:48:08.939	1	1	3	71	0
2017-02-25 22:48:41.457	1	1	4	71	0
2017-02-25 23:04:56.297	1	1	1	72	2.48
2017-02-25 23:05:16.530	1	1	2	72	0.336
2017-02-25 23:05:16.570	1	1	3	72	0
2017-02-25 23:05:48.990	1	1	4	72	0
2017-02-25 23:05:48.993	1	1	20	72	-17
2017-02-25 23:09:53.871	1	1	1	73	2.49
2017-02-25 23:10:14.103	1	1	2	73	0.318
2017-02-25 23:10:14.138	1	1	3	73	0
2017-02-25 23:10:46.265	1	1	4	73	0
2017-02-25 23:10:46.269	1	1	20	73	-18
2017-02-25 23:21:51.121	1	1	1	74	2.62
2017-02-25 23:22:11.307	1	1	2	74	0.488
2017-02-25 23:22:11.342	1	1	3	74	0
2017-02-25 23:22:43.220	1	1	4	74	0
2017-02-25 23:30:42.499	1	1	1	75	2.56
2017-02-25 23:31:02.689	1	1	2	75	0.455
2017-02-25 23:31:02.723	1	1	3	75	0
2017-02-25 23:31:34.961	1	1	4	75	0
2017-02-25 23:31:34.964	1	1	20	75	-18
2017-02-25 23:44:56.079	1	1	1	76	\N
2017-02-25 23:45:16.123	1	1	2	76	\N
2017-02-25 23:45:16.157	1	1	3	76	\N
2017-02-25 23:45:48.848	1	1	4	76	-1541.72
2017-02-25 23:45:48.855	1	1	20	76	-12
2017-02-25 23:54:01.358	1	1	1	77	2.58
2017-02-25 23:54:21.583	1	1	2	77	0.429
2017-02-25 23:54:21.619	1	1	3	77	0
2017-02-25 23:54:54.353	1	1	4	77	0
2017-02-25 23:54:54.358	1	1	20	77	-18
2017-02-26 00:03:22.158	1	1	1	78	2.53
2017-02-26 00:03:42.368	1	1	2	78	0.389
2017-02-26 00:03:42.403	1	1	3	78	0
2017-02-26 00:04:15.983	1	1	4	78	1.868
2017-02-26 00:04:15.989	1	1	20	78	-22
2017-02-26 00:05:35.506	1	1	1	79	2.51
2017-02-26 00:05:55.696	1	1	2	79	0.377
2017-02-26 00:05:55.732	1	1	3	79	0
2017-02-26 00:06:28.778	1	1	4	79	-192.349
2017-02-26 00:06:28.784	1	1	20	79	-22
2017-02-26 00:07:48.201	1	1	1	80	2.48
2017-02-26 00:08:08.389	1	1	2	80	0.324
2017-02-26 00:08:08.424	1	1	3	80	0
2017-02-26 00:08:41.147	1	1	4	80	-615.072
2017-02-26 00:08:41.153	1	1	20	80	-22
2017-02-26 00:10:00.757	1	1	1	81	2.48
2017-02-26 00:10:20.972	1	1	2	81	0.285
2017-02-26 00:10:21.009	1	1	3	81	0
2017-02-26 00:10:54.550	1	1	4	81	322.107
2017-02-26 00:10:54.554	1	1	20	81	-22
2017-02-26 00:12:14.367	1	1	1	82	2.51
2017-02-26 00:12:34.583	1	1	2	82	0.385
2017-02-26 00:12:34.617	1	1	3	82	0
2017-02-26 00:13:08.087	1	1	4	82	599.206
2017-02-26 00:13:08.093	1	1	20	82	-21
2017-02-26 00:26:50.810	1	1	1	83	2.53
2017-02-26 00:27:10.965	1	1	2	83	0.339
2017-02-26 00:27:10.998	1	1	3	83	0
2017-02-26 00:27:39.507	1	1	4	83	1.833
2017-02-26 00:27:39.509	1	1	20	83	-21
2017-02-26 00:28:59.523	1	1	1	84	2.46
2017-02-26 00:29:19.747	1	1	2	84	0.276
2017-02-26 00:29:19.782	1	1	3	84	0
2017-02-26 00:29:47.986	1	1	4	84	-193.961
2017-02-26 00:29:47.991	1	1	20	84	-22
2017-02-26 00:31:07.639	1	1	1	85	2.64
2017-02-26 00:31:27.856	1	1	2	85	0.477
2017-02-26 00:31:27.891	1	1	3	85	0
2017-02-26 00:31:56.378	1	1	4	85	-260.714
2017-02-26 00:31:56.380	1	1	20	85	-21
2017-02-26 00:33:16.050	1	1	1	86	2.55
2017-02-26 00:33:36.208	1	1	2	86	0.396
2017-02-26 00:33:36.247	1	1	3	86	0
2017-02-26 00:34:05.169	1	1	4	86	10.548
2017-02-26 00:34:05.171	1	1	20	86	-34
2017-02-26 00:35:24.895	1	1	1	87	2.53
2017-02-26 00:35:45.046	1	1	2	87	0.401
2017-02-26 00:35:45.081	1	1	3	87	0
2017-02-26 00:36:13.565	1	1	4	87	850.046
2017-02-26 00:36:13.572	1	1	20	87	-35
2017-02-26 00:42:17.948	1	1	1	88	2.51
2017-02-26 00:42:38.191	1	1	2	88	0.324
2017-02-26 00:42:38.226	1	1	3	88	0
2017-02-26 00:46:11.929	1	1	4	88	\N
2017-02-26 00:46:11.932	1	1	20	88	\N
2017-02-26 00:47:31.681	1	1	1	89	2.5
2017-02-26 00:47:51.882	1	1	2	89	0.359
2017-02-26 00:47:51.924	1	1	3	89	0
2017-02-26 00:51:31.842	1	1	1	90	2.55
2017-02-26 00:51:51.989	1	1	2	90	0.388
2017-02-26 00:51:52.023	1	1	3	90	0
2017-02-26 00:57:13.545	1	1	4	90	13.13
2017-02-26 00:57:13.550	1	1	20	90	-36
2017-02-26 00:58:33.076	1	1	1	91	2.42
2017-02-26 00:58:53.277	1	1	2	91	0.327
2017-02-26 00:58:53.312	1	1	3	91	0
2017-02-26 01:04:15.343	1	1	4	91	1.99
2017-02-26 01:04:15.349	1	1	20	91	-38
2017-02-26 01:05:35.040	1	1	1	92	2.57
2017-02-26 01:05:55.220	1	1	2	92	0.417
2017-02-26 01:05:55.256	1	1	3	92	0
2017-02-26 01:11:16.877	1	1	4	92	-8.303
2017-02-26 01:11:16.880	1	1	20	92	-38
2017-02-26 01:12:36.363	1	1	1	93	2.56
2017-02-26 01:12:56.526	1	1	2	93	0.438
2017-02-26 01:12:56.567	1	1	3	93	0
2017-02-26 01:18:18.429	1	1	4	93	1.878
2017-02-26 01:18:18.432	1	1	20	93	-38
2017-02-26 01:19:37.989	1	1	1	94	\N
2017-02-26 01:19:58.064	1	1	2	94	\N
2017-02-26 01:19:58.106	1	1	3	94	\N
2017-02-26 01:25:19.963	1	1	4	94	2.369
2017-02-26 01:25:19.968	1	1	20	94	-38
2017-02-26 01:31:20.912	1	1	1	95	2.45
2017-02-26 01:31:41.100	1	1	2	95	0.345
2017-02-26 01:31:41.136	1	1	3	95	0
2017-02-26 01:37:02.940	1	1	4	95	9.535
2017-02-26 01:37:02.943	1	1	20	95	-38
2017-02-26 01:38:22.532	1	1	1	96	2.43
2017-02-26 01:38:42.743	1	1	2	96	0.591
2017-02-26 01:38:42.778	1	1	3	96	0
2017-02-26 01:44:04.955	1	1	4	96	1.877
2017-02-26 01:44:04.961	1	1	20	96	-38
2017-02-26 01:48:22.541	1	1	1	97	\N
2017-02-26 01:48:42.611	1	1	2	97	\N
2017-02-26 01:48:42.663	1	1	3	97	\N
2017-02-26 01:48:50.130	1	1	4	97	\N
2017-02-26 01:48:50.132	1	1	20	97	\N
2017-02-26 01:50:22.931	1	1	1	98	\N
2017-02-26 01:50:42.994	1	1	2	98	\N
2017-02-26 01:50:43.054	1	1	3	98	\N
2017-02-26 01:51:22.639	1	1	4	98	\N
2017-02-26 01:51:22.642	1	1	20	98	\N
2017-03-02 20:58:33.478	1	1	1	99	\N
2017-03-02 20:58:53.540	1	1	2	99	\N
2017-03-02 20:58:53.591	1	1	3	99	\N
2017-03-02 20:59:15.247	1	1	4	99	\N
2017-03-02 20:59:15.297	1	1	20	99	\N
2017-03-02 23:31:20.249	1	1	1	100	\N
2017-03-02 23:31:40.317	1	1	2	100	\N
2017-03-02 23:31:40.351	1	1	3	100	\N
2017-03-02 23:32:56.407	1	1	1	101	\N
2017-03-02 23:33:16.450	1	1	2	101	\N
2017-03-02 23:33:16.640	1	1	3	101	\N
2017-03-02 23:36:17.754	1	1	1	102	2.54
2017-03-02 23:36:37.929	1	1	2	102	0.357
2017-03-02 23:36:37.965	1	1	3	102	0
2017-03-02 23:37:53.061	1	1	1	103	\N
2017-03-02 23:38:13.124	1	1	2	103	\N
2017-03-02 23:38:13.176	1	1	3	103	\N
2017-03-02 23:43:37.227	1	1	1	104	2.54
2017-03-02 23:43:57.372	1	1	2	104	0.594
2017-03-02 23:43:57.407	1	1	3	104	0
2017-03-02 23:45:20.207	1	1	1	105	\N
2017-03-02 23:45:40.278	1	1	2	105	\N
2017-03-02 23:45:40.318	1	1	3	105	\N
2017-03-02 23:49:19.925	1	1	1	106	2.54
2017-03-02 23:49:40.069	1	1	2	106	0.454
2017-03-02 23:49:40.103	1	1	3	106	0
2017-03-02 23:51:03.546	1	1	1	107	2.55
2017-03-02 23:51:23.757	1	1	2	107	0.448
2017-03-02 23:51:23.792	1	1	3	107	0
2017-03-02 23:58:38.861	1	1	1	108	2.49
2017-03-02 23:58:59.077	1	1	2	108	0.493
2017-03-02 23:58:59.127	1	1	3	108	0
2017-03-02 23:59:20.839	1	1	4	108	1866.93
2017-03-02 23:59:20.845	1	1	20	108	-23
2017-03-03 00:00:56.646	1	1	1	109	\N
2017-03-03 00:01:16.689	1	1	2	109	\N
2017-03-03 00:01:16.722	1	1	3	109	\N
2017-03-03 00:01:38.572	1	1	4	109	1886.62
2017-03-03 00:01:38.574	1	1	20	109	-19
2017-03-03 00:28:16.791	1	1	1	110	\N
2017-03-03 00:28:36.836	1	1	2	110	\N
2017-03-03 00:28:36.868	1	1	3	110	\N
2017-03-03 00:29:50.133	1	1	1	110	\N
2017-03-03 00:30:10.195	1	1	2	110	\N
2017-03-03 00:30:10.269	1	1	3	110	\N
2017-03-03 00:44:15.542	1	1	1	111	2.5
2017-03-03 00:44:35.756	1	1	2	111	0.8
2017-03-03 00:44:35.790	1	1	3	111	0
2017-03-03 00:45:49.064	1	1	1	111	2.56
2017-03-03 00:46:09.235	1	1	2	111	0.463
2017-03-03 00:46:09.269	1	1	3	111	0
2017-03-03 00:52:26.371	1	1	1	112	2.57
2017-03-03 00:52:46.581	1	1	2	112	0.496
2017-03-03 00:52:46.615	1	1	3	112	0
2017-03-03 00:53:59.850	1	1	1	112	2.6
2017-03-03 00:54:20.057	1	1	2	112	0.476
2017-03-03 00:54:20.092	1	1	3	112	0
2017-03-03 01:03:35.567	1	1	1	113	2.56
2017-03-03 01:03:55.770	1	1	2	113	0.916
2017-03-03 01:03:55.806	1	1	3	113	0
2017-03-03 01:05:09.134	1	1	1	113	2.59
2017-03-03 01:05:29.347	1	1	2	113	0.489
2017-03-03 01:05:29.382	1	1	3	113	0
2017-03-03 01:06:42.969	1	1	1	113	2.47
2017-03-03 01:07:03.176	1	1	2	113	0.317
2017-03-03 01:07:03.216	1	1	3	113	0
2017-03-03 01:08:16.685	1	1	1	113	2.55
2017-03-03 01:08:36.844	1	1	2	113	0.434
2017-03-03 01:08:36.884	1	1	3	113	0
2017-03-03 01:26:15.266	1	1	1	114	2.56
2017-03-03 01:26:35.469	1	1	2	114	0.491
2017-03-03 01:26:35.504	1	1	3	114	0
2017-03-03 01:27:48.942	1	1	1	114	2.57
2017-03-03 01:28:09.148	1	1	2	114	0.519
2017-03-03 01:28:09.184	1	1	3	114	0
2017-03-03 01:29:22.354	1	1	1	114	2.56
2017-03-03 01:29:42.565	1	1	2	114	0.451
2017-03-03 01:29:42.600	1	1	3	114	0
2017-03-03 01:30:55.937	1	1	1	114	2.66
2017-03-03 01:31:16.089	1	1	2	114	0.469
2017-03-03 01:31:16.122	1	1	3	114	0
2017-03-03 01:31:39.872	1	1	4	114	\N
2017-03-03 01:31:39.875	1	1	20	114	\N
2017-03-03 01:44:31.091	1	1	1	115	2.52
2017-03-03 01:44:51.287	1	1	2	115	0.331
2017-03-03 01:44:51.323	1	1	3	115	0
2017-03-03 01:46:04.922	1	1	1	115	2.57
2017-03-03 01:46:25.114	1	1	2	115	0.488
2017-03-03 01:46:25.146	1	1	3	115	0
2017-03-03 01:47:38.413	1	1	1	115	2.5
2017-03-03 01:47:58.596	1	1	2	115	0.366
2017-03-03 01:47:58.768	1	1	3	115	0
2017-03-03 01:49:12.559	1	1	1	115	2.57
2017-03-03 01:49:32.838	1	1	2	115	0.61
2017-03-03 01:49:32.872	1	1	3	115	0
2017-03-03 01:49:55.915	1	1	4	115	-1733.39
2017-03-03 01:49:55.920	1	1	20	115	-28
2017-03-03 02:03:27.920	1	1	1	116	2.48
2017-03-03 02:03:48.077	1	1	2	116	0.708
2017-03-03 02:03:48.113	1	1	3	116	0
2017-03-03 02:05:01.102	1	1	1	116	2.47
2017-03-03 02:05:21.356	1	1	2	116	0.712
2017-03-03 02:05:21.390	1	1	3	116	0
2017-03-03 02:06:34.836	1	1	1	116	2.61
2017-03-03 02:06:55.019	1	1	2	116	0.53
2017-03-03 02:06:55.054	1	1	3	116	0
2017-03-03 02:08:08.423	1	1	1	116	2.57
2017-03-03 02:08:28.594	1	1	2	116	0.408
2017-03-03 02:08:28.628	1	1	3	116	0
2017-03-03 02:08:51.558	1	1	4	116	-2049.2
2017-03-03 02:08:51.565	1	1	20	116	-19
2017-03-03 02:15:24.535	1	1	1	117	2.52
2017-03-03 02:15:44.681	1	1	2	117	0.484
2017-03-03 02:15:44.718	1	1	3	117	0
2017-03-03 02:16:57.954	1	1	1	117	2.58
2017-03-03 02:17:18.095	1	1	2	117	0.443
2017-03-03 02:17:18.130	1	1	3	117	0
2017-03-03 02:18:31.691	1	1	1	117	2.53
2017-03-03 02:18:51.894	1	1	2	117	0.409
2017-03-03 02:18:51.928	1	1	3	117	0
2017-03-03 02:20:05.348	1	1	1	117	2.69
2017-03-03 02:20:25.583	1	1	2	117	0.465
2017-03-03 02:20:25.629	1	1	3	117	0
2017-03-03 02:20:48.467	1	1	4	117	-2579.21
2017-03-03 02:20:48.472	1	1	20	117	-20
2017-03-03 02:22:05.514	1	1	1	118	2.6
2017-03-03 02:22:25.698	1	1	2	118	0.482
2017-03-03 02:22:25.738	1	1	3	118	0
2017-03-03 02:23:39.238	1	1	1	118	2.51
2017-03-03 02:23:59.454	1	1	2	118	0.353
2017-03-03 02:23:59.487	1	1	3	118	0
2017-03-03 02:25:12.992	1	1	1	118	2.51
2017-03-03 02:25:33.136	1	1	2	118	0.712
2017-03-03 02:25:33.169	1	1	3	118	0
2017-03-03 02:26:46.815	1	1	1	118	2.46
2017-03-03 02:27:06.966	1	1	2	118	0.293
2017-03-03 02:27:07.001	1	1	3	118	0
2017-03-03 02:27:29.849	1	1	4	118	-2586.91
2017-03-03 02:27:29.854	1	1	20	118	-20
2017-03-03 02:59:39.054	1	1	1	119	\N
2017-03-03 02:59:59.123	1	1	2	119	\N
2017-03-03 02:59:59.177	1	1	3	119	\N
2017-03-03 03:01:06.477	1	1	1	119	\N
2017-03-03 03:01:26.520	1	1	2	119	\N
2017-03-03 03:01:26.558	1	1	3	119	\N
2017-03-03 03:02:33.854	1	1	1	119	\N
2017-03-03 03:02:53.922	1	1	2	119	\N
2017-03-03 03:02:53.973	1	1	3	119	\N
2017-03-03 03:04:01.866	1	1	1	119	\N
2017-03-03 03:04:21.929	1	1	2	119	\N
2017-03-03 03:04:21.988	1	1	3	119	\N
2017-03-03 03:04:30.794	1	1	4	119	\N
2017-03-03 03:04:30.799	1	1	20	119	\N
2017-03-03 03:11:45.343	1	1	1	120	2.55
2017-03-03 03:12:05.578	1	1	2	120	0.467
2017-03-03 03:12:05.612	1	1	3	120	0
2017-03-03 03:13:18.906	1	1	1	120	2.51
2017-03-03 03:13:39.125	1	1	2	120	0.421
2017-03-03 03:13:39.161	1	1	3	120	0
2017-03-03 03:14:52.602	1	1	1	120	2.54
2017-03-03 03:15:12.806	1	1	2	120	0.485
2017-03-03 03:15:12.846	1	1	3	120	0
2017-03-03 03:16:25.899	1	1	1	120	2.55
2017-03-03 03:16:46.081	1	1	2	120	0.522
2017-03-03 03:16:46.115	1	1	3	120	0
2017-03-03 03:17:09.036	1	1	4	120	2594.19
2017-03-03 03:17:09.038	1	1	20	120	-20
2017-03-03 03:18:27.905	1	1	1	121	2.57
2017-03-03 03:18:48.173	1	1	2	121	0.503
2017-03-03 03:18:48.208	1	1	3	121	0
2017-03-03 03:20:01.513	1	1	1	121	2.46
2017-03-03 03:20:21.688	1	1	2	121	0.463
2017-03-03 03:20:21.729	1	1	3	121	0
2017-03-03 03:21:34.926	1	1	1	121	2.54
2017-03-03 03:21:55.148	1	1	2	121	0.523
2017-03-03 03:21:55.183	1	1	3	121	0
2017-03-03 03:23:08.259	1	1	1	121	2.52
2017-03-03 03:23:28.422	1	1	2	121	0.454
2017-03-03 03:23:28.459	1	1	3	121	0
2017-03-03 03:23:52.551	1	1	4	121	2335.05
2017-03-03 03:23:52.556	1	1	20	121	-19
2017-03-03 03:25:10.290	1	1	1	122	\N
2017-03-03 03:25:30.353	1	1	2	122	\N
2017-03-03 03:25:30.399	1	1	3	122	\N
2017-03-03 03:26:43.645	1	1	1	122	\N
2017-03-03 03:27:03.685	1	1	2	122	\N
2017-03-03 03:27:03.722	1	1	3	122	\N
2017-03-03 03:28:16.841	1	1	1	122	\N
2017-03-03 03:28:36.900	1	1	2	122	\N
2017-03-03 03:28:36.955	1	1	3	122	\N
2017-03-03 03:29:50.562	1	1	1	122	\N
2017-03-03 03:30:10.634	1	1	2	122	\N
2017-03-03 03:30:10.683	1	1	3	122	\N
2017-03-03 03:30:33.825	1	1	4	122	2831.4
2017-03-03 03:30:33.827	1	1	20	122	-19
2017-03-03 03:31:42.192	1	1	1	123	\N
2017-03-03 03:32:02.237	1	1	2	123	\N
2017-03-03 03:32:02.270	1	1	3	123	\N
2017-03-03 03:33:15.792	1	1	1	123	\N
2017-03-03 03:33:35.850	1	1	2	123	\N
2017-03-03 03:33:35.898	1	1	3	123	\N
2017-03-03 03:34:49.268	1	1	1	123	\N
2017-03-03 03:35:09.337	1	1	2	123	\N
2017-03-03 03:35:09.391	1	1	3	123	\N
2017-03-03 03:36:24.801	1	1	1	123	\N
2017-03-03 03:36:44.869	1	1	2	123	\N
2017-03-03 03:36:44.912	1	1	3	123	\N
2017-03-03 03:37:08.094	1	1	4	123	\N
2017-03-03 03:37:08.098	1	1	20	123	\N
2017-03-03 03:38:28.110	1	1	1	124	\N
2017-03-03 03:38:48.151	1	1	2	124	\N
2017-03-03 03:38:48.184	1	1	3	124	\N
2017-03-03 03:40:01.305	1	1	1	124	\N
2017-03-03 03:40:21.345	1	1	2	124	\N
2017-03-03 03:40:21.382	1	1	3	124	\N
2017-03-03 03:41:34.681	1	1	1	124	\N
2017-03-03 03:41:54.744	1	1	2	124	\N
2017-03-03 03:41:54.793	1	1	3	124	\N
2017-03-03 03:43:08.033	1	1	1	124	\N
2017-03-03 03:43:28.076	1	1	2	124	\N
2017-03-03 03:43:28.112	1	1	3	124	\N
2017-03-03 03:43:51.055	1	1	4	124	\N
2017-03-03 03:43:51.057	1	1	20	124	\N
2017-03-03 03:52:07.126	1	1	1	125	2.57
2017-03-03 03:52:27.342	1	1	2	125	0.736
2017-03-03 03:52:27.378	1	1	3	125	0
2017-03-03 03:53:41.168	1	1	1	125	2.56
2017-03-03 03:54:01.369	1	1	2	125	0.514
2017-03-03 03:54:01.403	1	1	3	125	0
2017-03-03 03:55:14.718	1	1	1	125	2.5
2017-03-03 03:55:34.936	1	1	2	125	0.389
2017-03-03 03:55:34.977	1	1	3	125	0
2017-03-03 03:56:48.237	1	1	1	125	2.58
2017-03-03 03:57:08.391	1	1	2	125	0.516
2017-03-03 03:57:08.425	1	1	3	125	0
2017-03-03 03:57:31.795	1	1	4	125	1938.61
2017-03-03 03:57:31.798	1	1	20	125	-18
2017-03-03 03:58:50.586	1	1	1	126	\N
2017-03-03 03:59:10.650	1	1	2	126	\N
2017-03-03 03:59:10.699	1	1	3	126	\N
2017-03-03 04:17:01.065	1	1	1	130	2.53
2017-03-03 04:17:21.224	1	1	2	130	0.405
2017-03-03 04:17:21.261	1	1	3	130	0
2017-03-03 04:18:34.311	1	1	1	130	2.52
2017-03-03 04:18:54.464	1	1	2	130	0.505
2017-03-03 04:18:54.500	1	1	3	130	0
2017-03-03 04:20:07.803	1	1	1	130	2.47
2017-03-03 04:20:27.986	1	1	2	130	0.266
2017-03-03 04:20:28.023	1	1	3	130	0
2017-03-03 04:21:41.359	1	1	1	130	2.54
2017-03-03 04:22:01.567	1	1	2	130	0.459
2017-03-03 04:22:01.601	1	1	3	130	0
2017-03-03 04:22:24.969	1	1	4	130	-2256.31
2017-03-03 04:22:24.974	1	1	20	130	-18
2017-03-03 04:53:30.245	1	1	1	131	\N
2017-03-03 04:53:50.289	1	1	2	131	\N
2017-03-03 04:53:50.322	1	1	3	131	\N
2017-03-03 04:55:04.266	1	1	1	131	2.47
2017-03-03 04:55:24.475	1	1	2	131	0.322
2017-03-03 04:55:24.509	1	1	3	131	0
2017-03-03 04:57:33.127	1	1	1	131	\N
2017-03-03 05:03:07.136	1	1	1	132	2.51
2017-03-03 05:03:27.320	1	1	2	132	0.448
2017-03-03 05:03:27.369	1	1	3	132	0
2017-03-03 05:04:40.831	1	1	1	132	2.61
2017-03-03 05:05:01.009	1	1	2	132	0.496
2017-03-03 05:05:01.053	1	1	3	132	0
2017-03-03 05:06:14.232	1	1	1	132	2.49
2017-03-03 05:06:34.445	1	1	2	132	0.347
2017-03-03 05:06:34.480	1	1	3	132	0
2017-03-03 05:07:47.884	1	1	1	132	2.49
2017-03-03 05:08:08.075	1	1	2	132	0.322
2017-03-03 05:08:08.109	1	1	3	132	0
2017-03-03 05:08:31.760	1	1	4	132	\N
2017-03-03 05:08:31.767	1	1	20	132	\N
2017-03-03 05:23:09.300	1	1	1	134	2.53
2017-03-03 05:23:29.469	1	1	2	134	0.59
2017-03-03 05:23:29.510	1	1	3	134	0
2017-03-03 05:24:42.672	1	1	1	134	2.45
2017-03-03 05:25:02.859	1	1	2	134	0.412
2017-03-03 05:25:02.895	1	1	3	134	0
2017-03-03 05:26:16.707	1	1	1	134	2.46
2017-03-03 05:26:36.890	1	1	2	134	0.631
2017-03-03 05:26:36.924	1	1	3	134	0
2017-03-03 05:27:50.266	1	1	1	134	2.49
2017-03-03 05:28:10.471	1	1	2	134	0.57
2017-03-03 05:28:10.505	1	1	3	134	0
2017-03-03 05:28:33.778	1	1	4	134	-2294.05
2017-03-03 05:28:33.798	1	1	20	134	-18
2017-03-03 05:37:01.293	1	1	1	136	2.59
2017-03-03 05:37:21.493	1	1	2	136	0.464
2017-03-03 05:37:21.529	1	1	3	136	0
2017-03-03 05:38:35.183	1	1	1	136	2.49
2017-03-03 05:38:55.381	1	1	2	136	0.56
2017-03-03 05:38:55.417	1	1	3	136	0
2017-03-03 05:40:08.680	1	1	1	136	2.58
2017-03-03 05:40:28.876	1	1	2	136	0.566
2017-03-03 05:40:28.912	1	1	3	136	0
2017-03-03 05:41:42.157	1	1	1	136	2.65
2017-03-03 05:42:02.369	1	1	2	136	0.486
2017-03-03 05:42:02.403	1	1	3	136	0
2017-03-03 05:42:25.387	1	1	4	136	-2571.41
2017-03-03 05:42:25.392	1	1	20	136	-18
2017-03-03 05:45:11.083	1	1	1	138	2.56
2017-03-03 05:45:31.290	1	1	2	138	0.513
2017-03-03 05:45:31.322	1	1	3	138	0
2017-03-03 05:46:44.922	1	1	1	138	2.54
2017-03-03 05:47:05.102	1	1	2	138	0.528
2017-03-03 05:47:05.138	1	1	3	138	0
2017-03-03 05:48:18.534	1	1	1	138	2.52
2017-03-03 05:48:38.754	1	1	2	138	0.428
2017-03-03 05:48:38.789	1	1	3	138	0
2017-03-03 05:49:52.346	1	1	1	138	2.68
2017-03-03 05:50:12.556	1	1	2	138	0.438
2017-03-03 05:50:12.593	1	1	3	138	0
2017-03-03 05:50:35.399	1	1	4	138	-3426
2017-03-03 05:50:35.404	1	1	20	138	-18
2017-03-03 05:53:18.090	1	1	1	140	2.54
2017-03-03 05:53:38.296	1	1	2	140	0.387
2017-03-03 05:53:38.339	1	1	3	140	0
2017-03-03 05:54:51.602	1	1	1	140	2.47
2017-03-03 05:55:11.790	1	1	2	140	0.379
2017-03-03 05:55:11.826	1	1	3	140	0
2017-03-03 05:56:25.103	1	1	1	140	2.56
2017-03-03 05:56:45.303	1	1	2	140	0.42
2017-03-03 05:56:45.338	1	1	3	140	0
2017-03-03 05:57:58.850	1	1	1	140	2.59
2017-03-03 05:58:19.059	1	1	2	140	0.459
2017-03-03 05:58:19.095	1	1	3	140	0
2017-03-03 05:58:42.217	1	1	4	140	-3153.55
2017-03-03 05:58:42.219	1	1	20	140	-18
2017-03-03 06:06:46.959	1	1	1	142	2.51
2017-03-03 06:07:07.163	1	1	2	142	0.495
2017-03-03 06:07:07.200	1	1	3	142	0
2017-03-03 06:08:20.836	1	1	1	142	2.55
2017-03-03 06:08:41.043	1	1	2	142	0.359
2017-03-03 06:08:41.077	1	1	3	142	0
2017-03-03 06:09:54.535	1	1	1	142	2.61
2017-03-03 06:10:14.709	1	1	2	142	0.607
2017-03-03 06:10:14.744	1	1	3	142	0
2017-03-03 06:11:28.235	1	1	1	142	2.55
2017-03-03 06:11:48.388	1	1	2	142	0.668
2017-03-03 06:11:48.424	1	1	3	142	0
2017-03-03 06:12:11.809	1	1	4	142	-3423.98
2017-03-03 06:12:11.814	1	1	20	142	-18
2017-03-03 06:20:25.218	1	1	1	143	2.6
2017-03-03 06:20:45.365	1	1	2	143	0.544
2017-03-03 06:20:45.398	1	1	3	143	0
2017-03-03 06:21:58.485	1	1	1	143	2.57
2017-03-03 06:22:18.666	1	1	2	143	0.452
2017-03-03 06:22:18.703	1	1	3	143	0
2017-03-03 06:23:32.230	1	1	1	143	2.42
2017-03-03 06:23:52.398	1	1	2	143	0.402
2017-03-03 06:23:52.429	1	1	3	143	0
2017-03-03 06:25:06.201	1	1	1	143	2.68
2017-03-03 06:25:26.407	1	1	2	143	0.497
2017-03-03 06:25:26.452	1	1	3	143	0
2017-03-03 06:25:49.884	1	1	4	143	-3298.15
2017-03-03 06:25:49.886	1	1	20	143	-19
2017-03-03 06:34:41.330	1	1	1	144	2.51
2017-03-03 06:35:01.499	1	1	2	144	0.605
2017-03-03 06:35:01.541	1	1	3	144	0
2017-03-03 06:36:15.221	1	1	1	144	2.6
2017-03-03 06:36:35.467	1	1	2	144	0.516
2017-03-03 06:36:35.503	1	1	3	144	0
2017-03-03 06:37:49.149	1	1	1	144	2.61
2017-03-03 06:38:09.373	1	1	2	144	0.483
2017-03-03 06:38:09.409	1	1	3	144	0
2017-03-03 06:39:23.169	1	1	1	144	2.47
2017-03-03 06:39:43.393	1	1	2	144	0.539
2017-03-03 06:39:43.427	1	1	3	144	0
2017-03-03 06:40:06.508	1	1	4	144	-3286.64
2017-03-03 06:40:06.514	1	1	20	144	-19
2017-03-03 19:22:01.099	1	1	1	145	2.57
2017-03-03 19:22:21.318	1	1	2	145	0.761
2017-03-03 19:22:21.366	1	1	3	145	0
2017-03-03 19:23:34.590	1	1	1	145	2.49
2017-03-03 19:23:54.832	1	1	2	145	0.343
2017-03-03 19:23:54.873	1	1	3	145	0
2017-03-03 19:25:08.298	1	1	1	145	2.57
2017-03-03 19:25:28.518	1	1	2	145	0.887
2017-03-03 19:25:28.570	1	1	3	145	0
2017-03-03 19:26:41.618	1	1	1	145	2.53
2017-03-03 19:27:01.874	1	1	2	145	0.577
2017-03-03 19:27:01.926	1	1	3	145	0
2017-03-03 19:27:25.189	1	1	4	145	1.85
2017-03-03 19:27:25.197	1	1	20	145	-25
2017-03-03 19:30:10.727	1	1	1	146	2.45
2017-03-03 19:30:30.970	1	1	2	146	0.28
2017-03-03 19:30:31.011	1	1	3	146	0
2017-03-03 19:31:44.169	1	1	1	146	2.49
2017-03-03 19:32:04.379	1	1	2	146	0.326
2017-03-03 19:32:04.419	1	1	3	146	0
2017-03-03 19:33:17.579	1	1	1	146	2.47
2017-03-03 19:33:37.807	1	1	2	146	0.365
2017-03-03 19:33:37.847	1	1	3	146	0
2017-03-03 19:34:51.786	1	1	1	146	2.44
2017-03-03 19:35:12.014	1	1	2	146	0.271
2017-03-03 19:35:12.066	1	1	3	146	0
2017-03-03 19:35:35.375	1	1	4	146	249.136
2017-03-03 19:35:35.383	1	1	20	146	-24
2017-03-03 19:38:22.308	1	1	1	147	2.48
2017-03-03 19:38:42.492	1	1	2	147	0.433
2017-03-03 19:38:42.531	1	1	3	147	0
2017-03-03 19:39:55.769	1	1	1	147	2.57
2017-03-03 19:40:15.973	1	1	2	147	0.66
2017-03-03 19:40:16.018	1	1	3	147	0
2017-03-03 19:41:29.335	1	1	1	147	2.48
2017-03-03 19:41:49.507	1	1	2	147	0.349
2017-03-03 19:41:49.551	1	1	3	147	0
2017-03-03 19:43:02.742	1	1	1	147	2.45
2017-03-03 19:43:22.956	1	1	2	147	0.508
2017-03-03 19:43:22.995	1	1	3	147	0
2017-03-03 19:43:46.151	1	1	4	147	-260.492
2017-03-03 19:43:46.153	1	1	20	147	-24
2017-03-03 19:46:31.905	1	1	1	148	2.56
2017-03-03 19:46:52.134	1	1	2	148	0.415
2017-03-03 19:46:52.182	1	1	3	148	0
2017-03-03 19:48:05.411	1	1	1	148	2.47
2017-03-03 19:48:25.590	1	1	2	148	0.436
2017-03-03 19:48:25.627	1	1	3	148	0
2017-03-03 19:49:39.029	1	1	1	148	2.4
2017-03-03 19:49:59.204	1	1	2	148	0.227
2017-03-03 19:49:59.246	1	1	3	148	0
2017-03-03 19:51:12.355	1	1	1	148	2.56
2017-03-03 19:51:32.520	1	1	2	148	0.581
2017-03-03 19:51:32.559	1	1	3	148	0
2017-03-03 19:51:55.361	1	1	4	148	637.46
2017-03-03 19:51:55.364	1	1	20	148	-24
2017-03-03 19:54:43.977	1	1	1	149	2.53
2017-03-03 19:55:04.181	1	1	2	149	0.375
2017-03-03 19:55:04.226	1	1	3	149	0
2017-03-03 19:56:17.607	1	1	1	149	2.44
2017-03-03 19:56:37.790	1	1	2	149	0.38
2017-03-03 19:56:37.829	1	1	3	149	0
2017-03-03 19:57:51.153	1	1	1	149	2.48
2017-03-03 19:58:11.342	1	1	2	149	0.448
2017-03-03 19:58:11.493	1	1	3	149	0
2017-03-03 19:59:24.817	1	1	1	149	2.54
2017-03-03 19:59:45.021	1	1	2	149	0.436
2017-03-03 19:59:45.069	1	1	3	149	0
2017-03-03 20:00:07.926	1	1	4	149	-290.752
2017-03-03 20:00:07.931	1	1	20	149	-24
2017-03-03 20:02:55.015	1	1	1	150	2.44
2017-03-03 20:03:15.189	1	1	2	150	0.269
2017-03-03 20:03:15.228	1	1	3	150	0
2017-03-03 20:04:28.482	1	1	1	150	2.44
2017-03-03 20:04:48.680	1	1	2	150	0.315
2017-03-03 20:04:48.726	1	1	3	150	0
2017-03-03 20:06:01.989	1	1	1	150	2.41
2017-03-03 20:06:22.210	1	1	2	150	0.216
2017-03-03 20:06:22.261	1	1	3	150	0
2017-03-03 20:07:35.443	1	1	1	150	2.5
2017-03-03 20:07:55.620	1	1	2	150	0.36
2017-03-03 20:07:55.659	1	1	3	150	0
2017-03-03 20:08:18.866	1	1	4	150	302.636
2017-03-03 20:08:18.873	1	1	20	150	-24
2017-03-03 20:11:03.336	1	1	1	151	2.51
2017-03-03 20:11:23.502	1	1	2	151	0.573
2017-03-03 20:11:23.540	1	1	3	151	0
2017-03-03 20:12:36.981	1	1	1	151	2.52
2017-03-03 20:12:57.208	1	1	2	151	0.373
2017-03-03 20:12:57.278	1	1	3	151	0
2017-03-03 20:14:10.530	1	1	1	151	2.45
2017-03-03 20:14:30.750	1	1	2	151	0.293
2017-03-03 20:14:30.789	1	1	3	151	0
2017-03-03 20:15:43.953	1	1	1	151	2.51
2017-03-03 20:16:04.174	1	1	2	151	0.328
2017-03-03 20:16:04.223	1	1	3	151	0
2017-03-03 20:16:27.191	1	1	4	151	46.37
2017-03-03 20:16:27.194	1	1	20	151	-24
2017-03-03 20:19:12.857	1	1	1	152	2.49
2017-03-03 20:19:33.080	1	1	2	152	0.31
2017-03-03 20:19:33.122	1	1	3	152	0
2017-03-03 20:20:46.587	1	1	1	152	2.47
2017-03-03 20:21:06.896	1	1	2	152	0.543
2017-03-03 20:21:06.936	1	1	3	152	0
2017-03-03 20:22:20.440	1	1	1	152	2.51
2017-03-03 20:22:40.642	1	1	2	152	0.764
2017-03-03 20:22:40.698	1	1	3	152	0
2017-03-03 20:23:54.116	1	1	1	152	2.68
2017-03-03 20:24:14.353	1	1	2	152	0.627
2017-03-03 20:24:14.394	1	1	3	152	0
2017-03-03 20:24:38.300	1	1	4	152	-661.564
2017-03-03 20:24:38.310	1	1	20	152	-24
2017-03-03 20:27:21.998	1	1	1	153	2.5
2017-03-03 20:27:42.268	1	1	2	153	0.717
2017-03-03 20:27:42.329	1	1	3	153	0
2017-03-03 20:28:55.946	1	1	1	153	2.42
2017-03-03 20:29:16.220	1	1	2	153	0.602
2017-03-03 20:29:16.276	1	1	3	153	0
2017-03-03 20:47:05.897	1	1	1	154	2.43
2017-03-03 20:47:26.086	1	1	2	154	0.657
2017-03-03 20:47:26.131	1	1	3	154	0
2017-03-03 20:48:39.778	1	1	1	154	2.41
2017-03-03 20:48:59.978	1	1	2	154	1.015
2017-03-03 20:49:00.021	1	1	3	154	0
2017-03-03 20:50:13.195	1	1	1	154	2.47
2017-03-03 20:50:33.411	1	1	2	154	0.315
2017-03-03 20:50:33.455	1	1	3	154	0
2017-03-03 20:51:46.951	1	1	1	154	2.45
2017-03-03 20:52:07.149	1	1	2	154	0.336
2017-03-03 20:52:07.202	1	1	3	154	0
2017-03-03 20:52:30.268	1	1	4	154	8.989
2017-03-03 20:52:30.274	1	1	20	154	-24
2017-03-03 20:55:18.033	1	1	1	155	2.42
2017-03-03 20:55:38.269	1	1	2	155	0.595
2017-03-03 20:55:38.334	1	1	3	155	0
2017-03-03 20:56:51.698	1	1	1	155	2.59
2017-03-03 20:57:11.911	1	1	2	155	0.499
2017-03-03 20:57:11.953	1	1	3	155	0
2017-03-03 20:58:25.561	1	1	1	155	2.55
2017-03-03 20:58:45.755	1	1	2	155	0.755
2017-03-03 20:58:45.939	1	1	3	155	0
2017-03-03 20:59:59.611	1	1	1	155	2.37
2017-03-03 21:00:19.835	1	1	2	155	0.389
2017-03-03 21:00:19.891	1	1	3	155	0
2017-03-03 21:00:43.215	1	1	4	155	661.01
2017-03-03 21:00:43.221	1	1	20	155	-24
2017-03-03 21:03:28.682	1	1	1	156	2.63
2017-03-03 21:03:48.897	1	1	2	156	0.58
2017-03-03 21:03:48.940	1	1	3	156	0
2017-03-03 21:05:02.149	1	1	1	156	2.51
2017-03-03 21:05:22.389	1	1	2	156	0.581
2017-03-03 21:05:22.446	1	1	3	156	0
2017-03-03 21:06:35.708	1	1	1	156	2.47
2017-03-03 21:06:55.904	1	1	2	156	0.273
2017-03-03 21:06:55.951	1	1	3	156	0
2017-03-03 21:08:09.226	1	1	1	156	2.53
2017-03-03 21:08:29.605	1	1	2	156	0.543
2017-03-03 21:08:29.645	1	1	3	156	0
2017-03-03 21:08:52.761	1	1	4	156	773.276
2017-03-03 21:08:52.768	1	1	20	156	-14
2017-03-03 21:11:40.314	1	1	1	157	2.51
2017-03-03 21:12:00.566	1	1	2	157	0.687
2017-03-03 21:12:00.607	1	1	3	157	0
2017-03-03 21:13:13.902	1	1	1	157	2.56
2017-03-03 21:13:34.111	1	1	2	157	0.433
2017-03-03 21:13:34.156	1	1	3	157	0
2017-03-03 21:14:47.782	1	1	1	157	2.45
2017-03-03 21:15:07.959	1	1	2	157	0.454
2017-03-03 21:15:07.999	1	1	3	157	0
2017-03-03 21:16:21.191	1	1	1	157	2.59
2017-03-03 21:16:41.467	1	1	2	157	0.624
2017-03-03 21:16:41.505	1	1	3	157	0
2017-03-03 21:17:04.723	1	1	4	157	255.925
2017-03-03 21:17:04.726	1	1	20	157	-14
2017-03-03 21:19:49.461	1	1	1	158	2.55
2017-03-03 21:20:09.699	1	1	2	158	0.364
2017-03-03 21:20:09.741	1	1	3	158	0
2017-03-03 21:21:23.177	1	1	1	158	2.49
2017-03-03 21:21:43.366	1	1	2	158	0.318
2017-03-03 21:21:43.421	1	1	3	158	0
2017-03-03 21:22:56.665	1	1	1	158	2.55
2017-03-03 21:23:16.827	1	1	2	158	0.631
2017-03-03 21:23:16.875	1	1	3	158	0
2017-03-03 21:24:29.858	1	1	1	158	2.5
2017-03-03 21:24:50.134	1	1	2	158	0.408
2017-03-03 21:24:50.174	1	1	3	158	0
2017-03-03 21:25:13.264	1	1	4	158	\N
2017-03-03 21:25:13.284	1	1	20	158	\N
2017-03-03 21:27:42.680	1	1	1	159	\N
2017-03-03 21:28:02.721	1	1	2	159	\N
2017-03-03 21:28:02.754	1	1	3	159	\N
2017-03-03 21:29:16.072	1	1	1	159	\N
2017-03-03 21:29:36.120	1	1	2	159	\N
2017-03-03 21:29:36.161	1	1	3	159	\N
2017-03-03 21:30:49.499	1	1	1	159	\N
2017-03-03 21:31:09.544	1	1	2	159	\N
2017-03-03 21:31:09.603	1	1	3	159	\N
2017-03-03 21:32:22.856	1	1	1	159	\N
2017-03-03 21:32:42.897	1	1	2	159	\N
2017-03-03 21:32:42.934	1	1	3	159	\N
2017-03-03 21:33:05.873	1	1	4	159	\N
2017-03-03 21:33:05.876	1	1	20	159	\N
2017-03-03 21:36:06.683	1	1	1	160	2.46
2017-03-03 21:36:26.849	1	1	2	160	0.341
2017-03-03 21:36:26.894	1	1	3	160	0
2017-03-03 21:37:40.480	1	1	1	160	2.57
2017-03-03 21:38:00.677	1	1	2	160	0.497
2017-03-03 21:38:00.723	1	1	3	160	0
2017-03-03 21:39:13.997	1	1	1	160	2.56
2017-03-03 21:39:34.198	1	1	2	160	0.881
2017-03-03 21:39:34.265	1	1	3	160	0
2017-03-03 21:40:47.348	1	1	1	160	2.53
2017-03-03 21:41:07.583	1	1	2	160	0.365
2017-03-03 21:41:07.625	1	1	3	160	0
2017-03-03 21:41:30.676	1	1	4	160	\N
2017-03-03 21:41:30.681	1	1	20	160	\N
2017-03-03 21:44:10.990	1	1	1	161	2.51
2017-03-03 21:44:31.070	1	1	2	161	\N
2017-03-03 21:44:31.119	1	1	3	161	\N
2017-03-03 21:45:44.376	1	1	1	161	2.56
2017-03-03 21:46:04.463	1	1	2	161	\N
2017-03-03 21:46:04.507	1	1	3	161	\N
2017-03-03 21:47:17.652	1	1	1	161	2.48
2017-03-03 21:47:37.732	1	1	2	161	\N
2017-03-03 21:47:37.769	1	1	3	161	\N
2017-03-03 21:48:51.070	1	1	1	161	2.52
2017-03-03 21:49:11.147	1	1	2	161	\N
2017-03-03 21:49:11.190	1	1	3	161	\N
2017-03-03 21:49:33.536	1	1	4	161	\N
2017-03-03 21:49:33.542	1	1	20	161	\N
2017-03-03 22:00:13.898	1	1	1	162	2.42
2017-03-03 22:00:34.051	1	1	2	162	0.509
2017-03-03 22:00:34.096	1	1	3	162	0
2017-03-03 22:01:47.361	1	1	1	162	2.58
2017-03-03 22:02:07.639	1	1	2	162	0.444
2017-03-03 22:02:07.689	1	1	3	162	0
2017-03-03 22:03:20.836	1	1	1	162	2.54
2017-03-03 22:03:41.035	1	1	2	162	0.521
2017-03-03 22:03:41.107	1	1	3	162	0
2017-03-03 22:04:54.514	1	1	1	162	2.53
2017-03-03 22:05:14.771	1	1	2	162	0.685
2017-03-03 22:05:14.811	1	1	3	162	0
2017-03-03 22:05:38.187	1	1	4	162	4.378
2017-03-03 22:05:38.193	1	1	20	162	-28
2017-03-03 22:20:00.378	1	1	1	164	2.46
2017-03-03 22:20:20.593	1	1	2	164	0.339
2017-03-03 22:20:20.633	1	1	3	164	0
2017-03-03 22:21:34.205	1	1	1	164	2.37
2017-03-03 22:21:54.396	1	1	2	164	0.558
2017-03-03 22:21:54.438	1	1	3	164	0
2017-03-03 22:23:07.832	1	1	1	164	2.44
2017-03-03 22:23:27.996	1	1	2	164	0.671
2017-03-03 22:23:28.035	1	1	3	164	0
2017-03-03 22:24:41.405	1	1	1	164	2.44
2017-03-03 22:25:01.622	1	1	2	164	0.658
2017-03-03 22:25:01.680	1	1	3	164	0
2017-03-03 22:25:31.459	1	1	4	164	-846.596
2017-03-03 22:25:31.462	1	1	20	164	-28
2017-03-03 22:28:16.912	1	1	1	165	2.36
2017-03-03 22:28:37.077	1	1	2	165	0.69
2017-03-03 22:28:37.125	1	1	3	165	0
2017-03-03 22:29:50.189	1	1	1	165	2.47
2017-03-03 22:30:10.370	1	1	2	165	0.667
2017-03-03 22:30:10.412	1	1	3	165	0
2017-03-03 22:31:23.660	1	1	1	165	2.5
2017-03-03 22:31:43.829	1	1	2	165	0.837
2017-03-03 22:31:43.875	1	1	3	165	0
2017-03-03 22:32:56.940	1	1	1	165	2.51
2017-03-03 22:33:17.106	1	1	2	165	0.63
2017-03-03 22:33:17.163	1	1	3	165	0
2017-03-03 22:33:47.002	1	1	4	165	313.26
2017-03-03 22:33:47.009	1	1	20	165	-28
2017-03-03 22:36:27.004	1	1	1	166	\N
2017-03-03 22:36:47.048	1	1	2	166	\N
2017-03-03 22:36:47.085	1	1	3	166	\N
2017-03-03 22:38:00.452	1	1	1	166	\N
2017-03-03 22:38:20.523	1	1	2	166	\N
2017-03-03 22:38:20.569	1	1	3	166	\N
2017-03-03 22:39:33.922	1	1	1	166	\N
2017-03-03 22:39:53.964	1	1	2	166	\N
2017-03-03 22:39:54.008	1	1	3	166	\N
2017-03-03 22:41:07.221	1	1	1	166	\N
2017-03-03 22:41:27.270	1	1	2	166	\N
2017-03-03 22:41:27.306	1	1	3	166	\N
2017-03-03 22:41:57.365	1	1	4	166	1065.89
2017-03-03 22:41:57.371	1	1	20	166	-28
2017-03-03 22:44:49.377	1	1	1	167	2.4
2017-03-03 22:45:09.635	1	1	2	167	0.711
2017-03-03 22:45:09.685	1	1	3	167	0
2017-03-03 22:46:23.269	1	1	1	167	2.47
2017-03-03 22:46:43.519	1	1	2	167	0.77
2017-03-03 22:46:43.565	1	1	3	167	0
2017-03-03 22:47:57.386	1	1	1	167	2.43
2017-03-03 22:48:17.587	1	1	2	167	0.85
2017-03-03 22:48:17.628	1	1	3	167	0
2017-03-03 22:49:31.041	1	1	1	167	2.38
2017-03-03 22:49:51.273	1	1	2	167	0.277
2017-03-03 22:49:51.353	1	1	3	167	0
2017-03-03 22:50:21.432	1	1	4	167	\N
2017-03-03 22:50:21.455	1	1	20	167	\N
2017-03-03 22:53:02.773	1	1	1	168	2.46
2017-03-03 22:53:22.968	1	1	2	168	0.508
2017-03-03 22:53:23.025	1	1	3	168	0
2017-03-03 22:54:36.447	1	1	1	168	2.53
2017-03-03 22:54:56.710	1	1	2	168	0.749
2017-03-03 22:54:56.757	1	1	3	168	0
2017-03-03 22:56:10.007	1	1	1	168	2.36
2017-03-03 22:56:30.172	1	1	2	168	0.656
2017-03-03 22:56:30.250	1	1	3	168	0
2017-03-03 22:57:43.874	1	1	1	168	2.48
2017-03-03 22:58:04.068	1	1	2	168	0.593
2017-03-03 22:58:04.132	1	1	3	168	0
2017-03-03 22:58:34.049	1	1	4	168	\N
2017-03-03 22:58:34.062	1	1	20	168	\N
2017-03-03 23:01:15.151	1	1	1	169	2.38
2017-03-03 23:01:35.361	1	1	2	169	0.568
2017-03-03 23:01:35.407	1	1	3	169	0
2017-03-03 23:02:48.535	1	1	1	169	2.47
2017-03-03 23:03:08.756	1	1	2	169	0.549
2017-03-03 23:03:08.821	1	1	3	169	0
2017-03-03 23:04:22.283	1	1	1	169	2.44
2017-03-03 23:04:42.484	1	1	2	169	0.35
2017-03-03 23:04:42.528	1	1	3	169	0
2017-03-03 23:05:55.860	1	1	1	169	2.38
2017-03-03 23:06:16.041	1	1	2	169	0.362
2017-03-03 23:06:16.081	1	1	3	169	0
2017-03-03 23:06:45.941	1	1	4	169	\N
2017-03-03 23:06:45.946	1	1	20	169	\N
2017-03-03 23:09:38.344	1	1	1	170	2.47
2017-03-03 23:09:58.586	1	1	2	170	0.812
2017-03-03 23:09:58.655	1	1	3	170	0
2017-03-03 23:11:12.028	1	1	1	170	2.47
2017-03-03 23:11:32.219	1	1	2	170	0.717
2017-03-03 23:11:32.253	1	1	3	170	0
2017-03-03 23:12:45.644	1	1	1	170	2.48
2017-03-03 23:13:05.846	1	1	2	170	1.021
2017-03-03 23:13:05.885	1	1	3	170	0
2017-03-03 23:14:19.127	1	1	1	170	2.57
2017-03-03 23:14:39.380	1	1	2	170	0.725
2017-03-03 23:14:39.424	1	1	3	170	0
2017-03-03 23:15:09.602	1	1	4	170	1016.9
2017-03-03 23:15:09.610	1	1	20	170	-28
2017-03-03 23:18:07.784	1	1	1	171	2.43
2017-03-03 23:18:27.980	1	1	2	171	0.722
2017-03-03 23:18:28.023	1	1	3	171	0
2017-03-03 23:19:41.438	1	1	1	171	2.42
2017-03-03 23:20:01.623	1	1	2	171	0.853
2017-03-03 23:20:01.686	1	1	3	171	0
2017-03-03 23:21:14.956	1	1	1	171	2.45
2017-03-03 23:21:35.125	1	1	2	171	1.067
2017-03-03 23:21:35.190	1	1	3	171	0
2017-03-03 23:22:48.584	1	1	1	171	2.35
2017-03-03 23:23:08.761	1	1	2	171	0.775
2017-03-03 23:23:08.809	1	1	3	171	0
2017-03-03 23:23:38.577	1	1	4	171	-355.127
2017-03-03 23:23:38.580	1	1	20	171	-28
2017-03-03 23:26:36.558	1	1	1	172	2.41
2017-03-03 23:26:56.746	1	1	2	172	0.387
2017-03-03 23:26:56.782	1	1	3	172	0
2017-03-03 23:28:10.222	1	1	1	172	2.38
2017-03-03 23:28:30.389	1	1	2	172	0.179
2017-03-03 23:28:30.428	1	1	3	172	0
2017-03-03 23:29:43.796	1	1	1	172	2.43
2017-03-03 23:30:03.969	1	1	2	172	0.344
2017-03-03 23:30:04.009	1	1	3	172	0
2017-03-03 23:31:17.194	1	1	1	172	2.45
2017-03-03 23:31:37.382	1	1	2	172	0.333
2017-03-03 23:31:37.438	1	1	3	172	0
2017-03-03 23:32:06.994	1	1	4	172	217.038
2017-03-03 23:32:06.999	1	1	20	172	-29
2017-03-03 23:35:03.010	1	1	1	173	2.47
2017-03-03 23:35:23.210	1	1	2	173	0.329
2017-03-03 23:35:23.247	1	1	3	173	0
2017-03-03 23:36:36.240	1	1	1	173	2.43
2017-03-03 23:36:56.435	1	1	2	173	0.773
2017-03-03 23:36:56.516	1	1	3	173	0
2017-03-03 23:38:09.775	1	1	1	173	2.43
2017-03-03 23:38:29.921	1	1	2	173	0.263
2017-03-03 23:38:29.958	1	1	3	173	0
2017-03-03 23:39:42.818	1	1	1	173	2.44
2017-03-03 23:40:02.991	1	1	2	173	0.678
2017-03-03 23:40:03.028	1	1	3	173	0
2017-03-03 23:40:32.571	1	1	4	173	-781.475
2017-03-03 23:40:32.576	1	1	20	173	-29
2017-03-03 23:48:56.916	1	1	1	174	2.49
2017-03-03 23:49:17.069	1	1	2	174	0.367
2017-03-03 23:49:17.102	1	1	3	174	0
2017-03-05 19:55:50.379	1	1	1	174	2.42
2017-03-05 19:56:10.518	1	1	2	174	0.671
2017-03-05 19:56:10.556	1	1	3	174	0
2017-03-05 19:57:23.690	1	1	1	174	2.48
2017-03-05 19:57:43.975	1	1	2	174	0.49
2017-03-05 19:57:44.018	1	1	3	174	0
2017-03-05 19:58:57.430	1	1	1	174	2.44
2017-03-05 19:59:17.555	1	1	2	174	\N
2017-03-05 19:59:17.604	1	1	3	174	\N
2017-03-05 19:59:46.602	1	1	4	174	1.88
2017-03-05 19:59:46.604	1	1	20	174	-27
2017-03-05 20:02:44.567	1	1	1	175	2.46
2017-03-05 20:03:04.803	1	1	2	175	0.311
2017-03-05 20:03:04.843	1	1	3	175	0
2017-03-05 20:04:18.452	1	1	1	175	2.52
2017-03-05 20:04:38.692	1	1	2	175	0.451
2017-03-05 20:04:38.733	1	1	3	175	0
2017-03-05 20:05:52.090	1	1	1	175	2.49
2017-03-05 20:06:12.312	1	1	2	175	0.659
2017-03-05 20:06:12.346	1	1	3	175	0
2017-03-05 20:07:25.983	1	1	1	175	2.43
2017-03-05 20:07:46.174	1	1	2	175	0.235
2017-03-05 20:07:46.210	1	1	3	175	0
2017-03-05 20:08:16.545	1	1	4	175	1.911
2017-03-05 20:08:16.548	1	1	20	175	-29
2017-03-05 20:11:11.329	1	1	1	176	2.5
2017-03-05 20:11:31.480	1	1	2	176	1.323
2017-03-05 20:11:31.527	1	1	3	176	0
2017-03-05 20:12:44.814	1	1	1	176	2.39
2017-03-05 20:13:04.965	1	1	2	176	0.361
2017-03-05 20:13:04.999	1	1	3	176	0
2017-03-05 20:14:18.156	1	1	1	176	2.46
2017-03-05 20:14:38.299	1	1	2	176	0.512
2017-03-05 20:14:38.334	1	1	3	176	0
2017-03-05 20:15:51.863	1	1	1	176	2.51
2017-03-05 20:16:12.044	1	1	2	176	0.645
2017-03-05 20:16:12.077	1	1	3	176	0
2017-03-05 20:16:41.241	1	1	4	176	1.951
2017-03-05 20:16:41.246	1	1	20	176	-29
2017-03-05 20:19:33.385	1	1	1	177	\N
2017-03-05 20:19:53.466	1	1	2	177	\N
2017-03-05 20:19:53.515	1	1	3	177	\N
2017-03-05 20:21:06.697	1	1	1	177	\N
2017-03-05 20:21:26.739	1	1	2	177	\N
2017-03-05 20:21:26.770	1	1	3	177	\N
2017-03-05 20:22:39.948	1	1	1	177	\N
2017-03-05 20:22:59.995	1	1	2	177	\N
2017-03-05 20:23:00.026	1	1	3	177	\N
2017-03-05 20:24:14.980	1	1	1	177	\N
2017-03-05 20:24:35.026	1	1	2	177	\N
2017-03-05 20:24:35.059	1	1	3	177	\N
2017-03-05 20:25:05.530	1	1	4	177	1.845
2017-03-05 20:25:05.536	1	1	20	177	-29
2017-03-05 20:28:10.025	1	1	1	178	\N
2017-03-05 20:28:30.089	1	1	2	178	\N
2017-03-05 20:28:30.134	1	1	3	178	\N
2017-03-05 20:29:43.557	1	1	1	178	\N
2017-03-05 20:30:03.622	1	1	2	178	\N
2017-03-05 20:30:03.672	1	1	3	178	\N
2017-03-05 20:31:17.030	1	1	1	178	\N
2017-03-05 20:31:37.100	1	1	2	178	\N
2017-03-05 20:31:37.150	1	1	3	178	\N
2017-03-05 20:32:50.393	1	1	1	178	\N
2017-03-05 20:33:10.445	1	1	2	178	\N
2017-03-05 20:33:10.479	1	1	3	178	\N
2017-03-05 20:33:39.683	1	1	4	178	\N
2017-03-05 20:33:39.687	1	1	20	178	\N
2017-03-05 20:46:01.704	1	1	1	179	2.5
2017-03-05 20:46:21.940	1	1	2	179	0.336
2017-03-05 20:46:21.975	1	1	3	179	0
2017-03-05 20:47:35.436	1	1	1	179	2.56
2017-03-05 20:47:55.642	1	1	2	179	0.663
2017-03-05 20:47:55.674	1	1	3	179	0
2017-03-05 20:49:09.108	1	1	1	179	2.43
2017-03-05 20:49:29.286	1	1	2	179	0.262
2017-03-05 20:49:29.319	1	1	3	179	0
2017-03-05 20:50:42.593	1	1	1	179	2.42
2017-03-05 20:51:02.742	1	1	2	179	0.234
2017-03-05 20:51:02.775	1	1	3	179	0
2017-03-05 20:51:31.887	1	1	4	179	7.461
2017-03-05 20:51:31.892	1	1	20	179	-28
2017-03-05 20:54:27.904	1	1	1	180	2.51
2017-03-05 20:54:48.131	1	1	2	180	0.375
2017-03-05 20:54:48.166	1	1	3	180	0
2017-03-05 20:56:01.493	1	1	1	180	2.45
2017-03-05 20:56:21.646	1	1	2	180	0.584
2017-03-05 20:56:21.678	1	1	3	180	0
2017-03-05 20:57:35.018	1	1	1	180	2.51
2017-03-05 20:57:55.179	1	1	2	180	0.348
2017-03-05 20:57:55.210	1	1	3	180	0
2017-03-05 20:59:08.913	1	1	1	180	2.41
2017-03-05 20:59:29.137	1	1	2	180	0.464
2017-03-05 20:59:29.182	1	1	3	180	0
2017-03-05 20:59:58.430	1	1	4	180	-239.736
2017-03-05 20:59:58.436	1	1	20	180	-28
2017-03-05 21:02:58.093	1	1	1	181	2.49
2017-03-05 21:03:18.265	1	1	2	181	0.501
2017-03-05 21:03:18.299	1	1	3	181	0
2017-03-05 21:04:31.578	1	1	1	181	2.45
2017-03-05 21:04:51.771	1	1	2	181	0.273
2017-03-05 21:04:51.806	1	1	3	181	0
2017-03-05 21:06:05.165	1	1	1	181	2.43
2017-03-05 21:06:25.370	1	1	2	181	0.278
2017-03-05 21:06:25.410	1	1	3	181	0
2017-03-05 21:07:38.732	1	1	1	181	2.49
2017-03-05 21:07:58.913	1	1	2	181	0.33
2017-03-05 21:07:58.947	1	1	3	181	0
2017-03-05 21:08:29.151	1	1	4	181	-806.071
2017-03-05 21:08:29.156	1	1	20	181	-28
2017-03-05 21:11:30.353	1	1	1	182	2.43
2017-03-05 21:11:50.517	1	1	2	182	0.251
2017-03-05 21:11:50.549	1	1	3	182	0
2017-03-05 21:13:03.821	1	1	1	182	2.46
2017-03-05 21:13:24.023	1	1	2	182	0.488
2017-03-05 21:13:24.070	1	1	3	182	0
2017-03-05 21:14:37.585	1	1	1	182	2.42
2017-03-05 21:14:57.781	1	1	2	182	0.223
2017-03-05 21:14:57.816	1	1	3	182	0
2017-03-05 21:16:11.130	1	1	1	182	2.46
2017-03-05 21:16:31.342	1	1	2	182	0.283
2017-03-05 21:16:31.376	1	1	3	182	0
2017-03-05 21:17:01.722	1	1	4	182	1.675
2017-03-05 21:17:01.725	1	1	20	182	-28
2017-03-05 21:19:56.622	1	1	1	183	2.45
2017-03-05 21:20:16.764	1	1	2	183	0.274
2017-03-05 21:20:16.802	1	1	3	183	0
2017-03-05 21:21:30.447	1	1	1	183	2.5
2017-03-05 21:21:50.600	1	1	2	183	0.689
2017-03-05 21:21:50.636	1	1	3	183	0
2017-03-05 21:23:04.038	1	1	1	183	2.5
2017-03-05 21:23:24.205	1	1	2	183	0.344
2017-03-05 21:23:24.241	1	1	3	183	0
2017-03-05 21:24:37.488	1	1	1	183	2.52
2017-03-05 21:24:57.671	1	1	2	183	0.431
2017-03-05 21:24:57.707	1	1	3	183	0
2017-03-05 21:25:27.697	1	1	4	183	-409.6
2017-03-05 21:25:27.702	1	1	20	183	-28
2017-03-05 21:39:59.609	1	1	1	184	2.32
2017-03-05 21:40:19.795	1	1	2	184	0.516
2017-03-05 21:40:19.831	1	1	3	184	0
2017-03-05 21:41:37.000	1	1	1	184	\N
2017-03-05 21:41:57.065	1	1	2	184	\N
2017-03-05 21:41:57.108	1	1	3	184	\N
2017-03-05 21:43:15.994	1	1	1	184	2.23
2017-03-05 21:43:36.185	1	1	2	184	0.483
2017-03-05 21:43:36.222	1	1	3	184	0
2017-03-05 21:44:54.635	1	1	1	184	2.35
2017-03-05 21:45:14.811	1	1	2	184	0.848
2017-03-05 21:45:14.848	1	1	3	184	0
2017-03-05 21:45:44.883	1	1	4	184	1.765
2017-03-05 21:45:44.886	1	1	20	184	-25
2017-03-05 21:56:32.693	1	1	1	185	2.37
2017-03-05 21:56:52.879	1	1	2	185	1.546
2017-03-05 21:56:52.926	1	1	3	185	0.85
2017-03-05 21:58:11.042	1	1	1	185	2.33
2017-03-05 21:58:31.258	1	1	2	185	0.729
2017-03-05 21:58:31.293	1	1	3	185	0
2017-03-05 21:59:50.090	1	1	1	185	2.29
2017-03-05 22:00:10.246	1	1	2	185	1.227
2017-03-05 22:00:10.281	1	1	3	185	0
2017-03-05 22:01:28.596	1	1	1	185	2.32
2017-03-05 22:01:48.778	1	1	2	185	0.629
2017-03-05 22:01:48.812	1	1	3	185	0
2017-03-05 22:02:18.383	1	1	4	185	1.915
2017-03-05 22:02:18.385	1	1	20	185	-25
2017-03-09 03:06:54.084	1	1	1	188	2.56
2017-03-09 03:07:14.310	1	1	2	188	1.263
2017-03-09 03:07:14.358	1	1	3	188	0
2017-03-09 03:08:32.951	1	1	1	188	2.59
2017-03-09 03:08:53.106	1	1	2	188	0.459
2017-03-09 03:08:53.144	1	1	3	188	0
2017-03-09 03:10:11.566	1	1	1	188	2.61
2017-03-09 03:10:31.782	1	1	2	188	0.498
2017-03-09 03:10:31.818	1	1	3	188	0
2017-03-09 03:11:50.140	1	1	1	188	2.55
2017-03-09 03:12:10.310	1	1	2	188	0.406
2017-03-09 03:12:10.354	1	1	3	188	0
2017-03-09 03:12:38.751	1	1	4	188	1085.13
2017-03-09 03:12:38.754	1	1	20	188	-48
2017-03-09 03:15:39.709	1	1	1	189	2.56
2017-03-09 03:15:59.875	1	1	2	189	0.43
2017-03-09 03:15:59.916	1	1	3	189	0
2017-03-09 03:17:18.551	1	1	1	189	2.55
2017-03-09 03:17:38.736	1	1	2	189	0.439
2017-03-09 03:17:38.771	1	1	3	189	0
2017-03-09 03:18:57.017	1	1	1	189	2.49
2017-03-09 03:19:17.189	1	1	2	189	0.339
2017-03-09 03:19:17.222	1	1	3	189	0
2017-03-09 03:20:35.473	1	1	1	189	2.49
2017-03-09 03:20:55.635	1	1	2	189	0.339
2017-03-09 03:20:55.664	1	1	3	189	0
2017-03-09 03:21:24.306	1	1	4	189	\N
2017-03-09 03:21:24.311	1	1	20	189	\N
2017-03-09 03:27:26.156	1	1	1	191	2.5
2017-03-09 03:27:46.382	1	1	2	191	0.439
2017-03-09 03:27:46.434	1	1	3	191	0
2017-03-09 03:29:27.005	1	1	1	191	2.56
2017-03-09 03:29:47.191	1	1	2	191	0.511
2017-03-09 03:29:47.226	1	1	3	191	0
2017-03-09 03:31:05.615	1	1	1	191	2.55
2017-03-09 03:31:25.800	1	1	2	191	0.443
2017-03-09 03:31:25.836	1	1	3	191	0
2017-03-09 03:49:40.308	1	1	1	192	2.5
2017-03-09 03:50:00.466	1	1	2	192	0.359
2017-03-09 03:50:00.506	1	1	3	192	0
2017-03-09 03:51:19.003	1	1	1	192	2.57
2017-03-09 03:51:39.156	1	1	2	192	0.398
2017-03-09 03:51:39.192	1	1	3	192	0
2017-03-09 03:52:57.481	1	1	1	192	2.57
2017-03-09 03:53:17.631	1	1	2	192	0.486
2017-03-09 03:53:17.663	1	1	3	192	0
2017-03-09 03:54:35.866	1	1	1	192	2.48
2017-03-09 03:54:56.008	1	1	2	192	0.599
2017-03-09 03:54:56.056	1	1	3	192	0
2017-03-09 03:55:24.635	1	1	4	192	-204.759
2017-03-09 03:55:24.637	1	1	20	192	-69
2017-03-09 03:58:24.565	1	1	1	193	2.55
2017-03-09 03:58:44.712	1	1	2	193	0.445
2017-03-09 03:58:44.744	1	1	3	193	0
2017-03-09 04:00:03.048	1	1	1	193	2.56
2017-03-09 04:00:23.201	1	1	2	193	0.448
2017-03-09 04:00:23.241	1	1	3	193	0
2017-03-09 04:01:41.639	1	1	1	193	2.54
2017-03-09 04:02:01.781	1	1	2	193	0.465
2017-03-09 04:02:01.814	1	1	3	193	0
2017-03-09 04:03:19.904	1	1	1	193	2.57
2017-03-09 04:03:40.062	1	1	2	193	0.358
2017-03-09 04:03:40.098	1	1	3	193	0
2017-03-09 04:04:09.041	1	1	4	193	893.765
2017-03-09 04:04:09.043	1	1	20	193	-69
2017-03-09 04:07:07.906	1	1	1	194	2.34
2017-03-09 04:07:28.058	1	1	2	194	0.133
2017-03-09 04:07:28.095	1	1	3	194	0
2017-03-09 04:08:45.995	1	1	1	194	2.52
2017-03-09 04:09:06.141	1	1	2	194	0.355
2017-03-09 04:09:06.174	1	1	3	194	0
2017-03-09 04:10:24.556	1	1	1	194	2.54
2017-03-09 04:10:44.693	1	1	2	194	0.358
2017-03-09 04:10:44.728	1	1	3	194	0
2017-03-09 04:12:02.765	1	1	1	194	2.56
2017-03-09 04:12:22.907	1	1	2	194	0.732
2017-03-09 04:12:22.941	1	1	3	194	1.4
2017-03-09 04:12:50.752	1	1	4	194	\N
2017-03-09 04:12:50.754	1	1	20	194	\N
2017-03-09 04:15:43.419	1	1	1	195	2.5
2017-03-09 04:16:03.568	1	1	2	195	0.367
2017-03-09 04:16:03.600	1	1	3	195	0
2017-03-09 04:17:21.909	1	1	1	195	2.46
2017-03-09 04:17:42.053	1	1	2	195	0.708
2017-03-09 04:17:42.086	1	1	3	195	0
2017-03-09 04:19:00.544	1	1	1	195	2.58
2017-03-09 04:19:20.687	1	1	2	195	0.476
2017-03-09 04:19:20.723	1	1	3	195	0
2017-03-09 04:20:38.861	1	1	1	195	2.62
2017-03-09 04:20:59.038	1	1	2	195	0.46
2017-03-09 04:20:59.071	1	1	3	195	0
2017-03-09 04:21:27.635	1	1	4	195	10.604
2017-03-09 04:21:27.656	1	1	20	195	-75
2017-03-09 04:24:26.122	1	1	1	196	2.54
2017-03-09 04:24:46.278	1	1	2	196	0.431
2017-03-09 04:24:46.311	1	1	3	196	0
2017-03-09 04:26:04.720	1	1	1	196	2.61
2017-03-09 04:26:24.857	1	1	2	196	0.446
2017-03-09 04:26:24.891	1	1	3	196	0
2017-03-09 04:27:43.370	1	1	1	196	2.52
2017-03-09 04:28:03.513	1	1	2	196	0.751
2017-03-09 04:28:03.557	1	1	3	196	0
2017-03-09 04:29:05.322	1	1	1	200	2.71
2017-03-09 04:29:21.839	1	1	1	196	2.49
2017-03-09 04:29:25.490	1	1	2	200	0.437
2017-03-09 04:29:25.524	1	1	3	200	0
2017-03-09 04:29:41.986	1	1	2	196	0.261
2017-03-09 04:29:42.018	1	1	3	196	0
2017-03-09 04:30:10.041	1	1	4	196	-216.321
2017-03-09 04:30:10.045	1	1	20	196	-66
2017-03-09 04:33:06.095	1	1	1	197	2.55
2017-03-09 04:33:26.249	1	1	2	197	0.445
2017-03-09 04:33:26.284	1	1	3	197	0
2017-03-09 04:34:44.503	1	1	1	197	2.54
2017-03-09 04:35:04.660	1	1	2	197	0.526
2017-03-09 04:35:04.692	1	1	3	197	0
2017-03-09 04:36:23.002	1	1	1	197	2.48
2017-03-09 04:36:43.169	1	1	2	197	0.309
2017-03-09 04:36:43.209	1	1	3	197	0
2017-03-09 04:38:01.649	1	1	1	197	2.57
2017-03-09 04:38:21.791	1	1	2	197	0.406
2017-03-09 04:38:21.824	1	1	3	197	0
2017-03-09 04:38:49.815	1	1	4	197	-355.425
2017-03-09 04:38:49.817	1	1	20	197	-69
2017-03-09 04:41:51.065	1	1	1	198	2.54
2017-03-09 04:42:11.222	1	1	2	198	0.564
2017-03-09 04:42:11.258	1	1	3	198	0
2017-03-09 04:43:29.532	1	1	1	198	2.58
2017-03-09 04:43:49.685	1	1	2	198	0.548
2017-03-09 04:43:49.720	1	1	3	198	0
2017-03-09 04:45:07.905	1	1	1	198	2.49
2017-03-09 04:45:28.060	1	1	2	198	0.318
2017-03-09 04:45:28.094	1	1	3	198	0
2017-03-09 04:46:46.315	1	1	1	198	2.52
2017-03-09 04:47:06.481	1	1	2	198	0.335
2017-03-09 04:47:06.528	1	1	3	198	0
2017-03-09 04:47:34.836	1	1	4	198	4.32
2017-03-09 04:47:34.841	1	1	20	198	-58
2017-03-09 04:50:35.455	1	1	1	199	2.47
2017-03-09 04:50:55.635	1	1	2	199	0.467
2017-03-09 04:50:55.670	1	1	3	199	0
2017-03-09 21:51:37.941	1	1	1	200	2.61
2017-03-09 21:51:58.089	1	1	2	200	0.625
2017-03-09 21:51:58.125	1	1	3	200	0
2017-03-09 21:53:16.444	1	1	1	200	2.51
2017-03-09 21:53:36.600	1	1	2	200	0.628
2017-03-09 21:53:36.638	1	1	3	200	0
2017-03-09 21:54:54.855	1	1	1	200	2.57
2017-03-09 21:55:15.014	1	1	2	200	0.38
2017-03-09 21:55:15.050	1	1	3	200	0
2017-03-09 21:55:43.500	1	1	4	200	-659.279
2017-03-09 21:55:43.505	1	1	20	200	-57
2017-03-09 21:58:41.540	1	1	1	201	2.47
2017-03-09 21:59:01.741	1	1	2	201	0.307
2017-03-09 21:59:01.783	1	1	3	201	0
2017-03-09 22:00:20.094	1	1	1	201	2.52
2017-03-09 22:00:40.244	1	1	2	201	0.391
2017-03-09 22:00:40.281	1	1	3	201	0
2017-03-09 22:01:58.568	1	1	1	201	2.51
2017-03-09 22:02:18.721	1	1	2	201	0.398
2017-03-09 22:02:18.754	1	1	3	201	0
2017-03-09 22:03:37.116	1	1	1	201	2.55
2017-03-09 22:03:57.273	1	1	2	201	0.367
2017-03-09 22:03:57.323	1	1	3	201	0
2017-03-09 22:04:25.732	1	1	4	201	280.48
2017-03-09 22:04:25.738	1	1	20	201	-68
2017-03-09 22:07:26.937	1	1	1	202	2.47
2017-03-09 22:07:47.081	1	1	2	202	0.356
2017-03-09 22:07:47.134	1	1	3	202	0
2017-03-09 22:09:05.249	1	1	1	202	2.38
2017-03-09 22:09:25.390	1	1	2	202	0.166
2017-03-09 22:09:25.426	1	1	3	202	0
2017-03-09 22:10:43.625	1	1	1	202	2.51
2017-03-09 22:11:03.773	1	1	2	202	0.578
2017-03-09 22:11:03.807	1	1	3	202	0
2017-03-09 22:12:22.178	1	1	1	202	2.49
2017-03-09 22:12:42.321	1	1	2	202	0.823
2017-03-09 22:12:42.355	1	1	3	202	0
2017-03-09 22:13:10.456	1	1	4	202	\N
2017-03-09 22:13:10.458	1	1	20	202	\N
2017-03-09 22:16:05.010	1	1	1	203	2.47
2017-03-09 22:16:25.154	1	1	2	203	0.296
2017-03-09 22:16:25.199	1	1	3	203	0
2017-03-09 22:17:43.467	1	1	1	203	2.59
2017-03-09 22:18:03.628	1	1	2	203	0.442
2017-03-09 22:18:03.663	1	1	3	203	0
2017-03-09 22:19:21.998	1	1	1	203	2.51
2017-03-09 22:19:42.152	1	1	2	203	0.314
2017-03-09 22:19:42.214	1	1	3	203	0
2017-03-09 22:21:00.477	1	1	1	203	2.58
2017-03-09 22:21:20.642	1	1	2	203	0.413
2017-03-09 22:21:20.673	1	1	3	203	0
2017-03-09 22:21:49.000	1	1	4	203	-179.204
2017-03-09 22:21:49.005	1	1	20	203	-67
2017-03-09 22:24:47.811	1	1	1	204	2.56
2017-03-09 22:25:07.956	1	1	2	204	0.516
2017-03-09 22:25:07.992	1	1	3	204	0
2017-03-09 22:26:26.115	1	1	1	204	2.54
2017-03-09 22:26:46.284	1	1	2	204	0.664
2017-03-09 22:26:46.317	1	1	3	204	0
